start,end,deviceid,com_select,engagement_datetime,engagement_venue,num_male,num_female,criteria1_name,criteria2_name,criteria3_name,criteria4_name,criteria5_name,num_fgd,fgd_selectedfgd1,fgd_selectedfgd2,fgd_selectedfgd3,fgd_selectedfgd4,fgd_selectedfgd5,fgd_selectedfgd6,fgd_selectedfgd7,fgd_selectedfgd8,total_pvhh,latitude,longitude,altitude,precision,_uuid,_submission_time,_index,communityid,SNO,state,lga,ward,community_name,state_shp,lga_shp,ward_shp,community
23mar2026,27mar2026,collect:8848Ns9xqXjSc1wu,1000072,23mar2026,Community hall,57,61,LACK OF IMPROVE FARM INPUT,HIGH RATE OF SCHOOL DROP OUT,INABILITY TO ENGAGE IN FARMING DUE TO OLD AGE,HEALTH CHALLENGES,LACK OF SOCIAL AMENITIES,118,1,1,1,1,0,0,0,0,118,5.6818162,7.6465878,113.3773803710938,4.931,d0fb3069-521c-420a-97c1-7866661e3799,30mar2026,58,1000072,101,ABIA,BENDE,IGBERE B,ISIENYI,2016. ABIA,23318. BENDE,44. IGBERE 'B',1000072. ISIENYI
20mar2026,27mar2026,collect:8848Ns9xqXjSc1wu,1000079,24mar2026,COMMUNITY HALL,48,52,FINANCIAL DIFFICULTIES,HIGH RATE OF SCHOOL DROP OUT,LOW AGRICULTURAL OUTPUTS DUE TO LOW INPUTS,LACK SOCIAL AMENITIES,INACCESSIBILITY TO HEALTH FACILITIES,156,1,1,1,1,0,0,0,0,100,5.7021531,7.6675852,161.9129028320312,4.645,6e9a7f98-c18c-4f84-9cee-483d546b6747,30mar2026,57,1000079,90,ABIA,BENDE,IGBERE B,NDI UKAGHA-AMAELU-NDI NGELE-,2016. ABIA,23318. BENDE,44. IGBERE 'B',1000079. NDI UKAGHA-AMAELU-NDI NGELE-
18mar2026,27mar2026,collect:8848Ns9xqXjSc1wu,1000080,18mar2026,COMMUNITY HALL,35,35,POVERTY-STRICKEN,UNEMPLOYMENT,LACK OF MONEY,LACK OF RURAL INFRASTRUCTURE,HEALTH CHALLENGE,70,1,1,1,0,0,0,0,0,67,5.6828344,7.6459968,131.8848876953125,4.502,dd111eca-0ff9-4e35-8600-74f4550c44cd,30mar2026,55,1000080,103,ABIA,BENDE,IGBERE B,NDI-AMURI,2016. ABIA,23318. BENDE,44. IGBERE 'B',1000080. NDI-AMURI
27mar2026,02apr2026,collect:8848Ns9xqXjSc1wu,1000085,13mar2026,COMMUNITY HALL,69,74,UNEMPLOYMENT,LACK OF MONEY,HEALTH ISSUES AND OLD AGE,OUT OF SCHOOL CHILDREN,LACK OF SOCIAL AMENITIES,143,1,1,1,1,0,0,0,0,143,5.6878416,7.6496225,111.9097900390625,4.288,28c5bcee-a1a8-4a07-8479-15edcac71c03,03apr2026,71,1000085,104,ABIA,BENDE,IGBERE B,OHUMOLA,2016. ABIA,23318. BENDE,44. IGBERE 'B',1000085. OHUMOLA
20mar2026,29mar2026,collect:8848Ns9xqXjSc1wu,1000088,21mar2026,COMMUNITY HALL,34,52,LOW AGRICULTURAL PRODUCTS DUE TO LOW INPUT,LACK OF SOCIAL AMENITIES,FINANCIAL DIFFICULTIES,HIGH RATE OF OUT OF SCHOOL DROP OUT,INABILITY TO HAVE ACCESS TO HEALTH FACILITIES,86,1,1,1,1,0,0,0,0,86,5.7022689,7.6675416,155.4596557617188,4.824,8b75ccfe-b7f6-4096-8a33-28373a4b0408,30mar2026,59,1000088,97,ABIA,BENDE,IGBERE B,UHU EKENTA-NDIOTA-NDI OGBU,2016. ABIA,23318. BENDE,44. IGBERE 'B',1000088. UHU EKENTA-NDIOTA-NDI OGBU
18mar2026,19mar2026,collect:8848Ns9xqXjSc1wu,1000092,19mar2026,Community hall,27,40,UNEMPLOYMENT,HEALTH CHALLENGE,POVERTY-STRICKEN,LACK OF RURAL INFRASTRUCTURE,LOW AGRICULTURAL PRODUCTS,67,1,1,1,1,0,0,0,0,63,5.6829961,7.6460018,113.1911010742188,4.931,f4c27c27-f5be-438e-9d31-b067c1ea5326,30mar2026,54,1000092,102,ABIA,BENDE,IGBERE B,UHUORJI,2016. ABIA,23318. BENDE,44. IGBERE 'B',1000092. UHUORJI
20mar2026,27mar2026,collect:8848Ns9xqXjSc1wu,1000094,20mar2026,Community hall,47,54,INABILITY TO HAVE ACCESS TO HEALTH FACILITIES,HIGH RATE OF OUT OF SCHOOL DROP OUT,FINANCIAL DIFFICULTIES,LOW AGRICULTURAL PRODUCTS,LACK OF SOCIAL AMENITIES,101,1,1,1,1,0,0,0,0,101,5.7023094,7.6675633,166.2931518554688,4.466,8e4a213b-7b84-4405-86a2-983d66a39527,30mar2026,56,1000094,91,ABIA,BENDE,IGBERE B,UMUORJI-NDI ABI-AKWUROTA,2016. ABIA,23318. BENDE,44. IGBERE 'B',1000094. UMUORJI-NDI ABI-AKWUROTA
20mar2026,20mar2026,collect:eCurZ1qcZhk1dJSp,1000197,20mar2026,Community hall,16,32,Lack of health facilities,Lack of social amenities,Lack of mechanised system of farming,Lack of educational equipments in the school,Lack of employment opportunities for the youth,3,0,1,1,1,0,0,0,0,47,5.7994691,7.6690251,69.10186767578125,4.853,d9c8e9c0-06c4-46f5-8fc3-dbdeef83501e,21mar2026,15,1000197,234,ABIA,BENDE,ITEM  WARD  C,AMADI OCHA UMUAKPA,2016. ABIA,23318. BENDE,46. ITEM C,1000197. AMADI OCHA UMUAKPA
17mar2026,20mar2026,collect:eCurZ1qcZhk1dJSp,1000199,17mar2026,Community hall,75,95,Lack of educational equipments in the school,Lack of employment opportunities for the youth,Lack of mechanised system of farming,Lack of medical equipments at the health facility,Lack of social amenities,3,0,1,1,1,0,0,0,0,170,5.7913599,7.6812102,98.56024169921875,4.716,807862f1-84f9-49c7-9bb6-d94201062bf9,21mar2026,14,1000199,208,ABIA,BENDE,ITEM  WARD  C,AMAORJI-ELUNTA- EZIANO-UMUENZO,2016. ABIA,23318. BENDE,46. ITEM C,1000199. AMAORJI-ELUNTA- EZIANO-UMUENZO
17mar2026,20mar2026,collect:eCurZ1qcZhk1dJSp,1000203,16mar2026,Community hall,45,52,Lack of social amenities,Lack of employment opportunities for the youth,Lack of mechanised system of farming,Lack medical equipments at the health facility,Lack of educational equipments in the school,3,0,1,1,1,0,0,0,0,97,5.7913811,7.6812577,98.4909668,4.516,432c3aea-cc14-479b-919b-a4ffa2613e57,21mar2026,17,1000203,235,ABIA,BENDE,ITEM  WARD  C,EZI-ELUNTA,2016. ABIA,23318. BENDE,46. ITEM C,1000203. EZI-ELUNTA
18mar2026,20mar2026,collect:eCurZ1qcZhk1dJSp,1000211,18mar2026,Village square,58,92,Lack of health facilities,Lack of social amenities,Lack of mechanised system of farming,Lack of employment opportunities for the youth,Lack of educational equipments in the school,3,0,1,1,1,0,0,0,0,150,5.8168268,7.6755865,92.87878418,4.639,576304fe-dc59-482d-b8cb-3210baa8aa9c,21mar2026,16,1000211,236,ABIA,BENDE,ITEM  WARD  C,OKAI,2016. ABIA,23318. BENDE,46. ITEM C,1000211. OKAI
19mar2026,23mar2026,collect:eCurZ1qcZhk1dJSp,1000217,19mar2026,NDI OGO,8,20,LACK OF HEALTH FACILITIES,LACK OF SOCIAL AMENITIES,LACK OF MACHNIZED FARMING SYSTEM,LACK OF EDUCATIONAL EQUIPMENT IN THE SCHOOL,LACK OF EMPLOYMENT OPPORTUNITIES FOR THE YOUTH,3,0,1,1,1,0,0,0,0,45,5.7931068,7.6828994,72.65234375,4.853,d4f9e29f-d981-4584-b9bd-64aa3a75932a,23mar2026,23,1000217,232,ABIA,BENDE,ITEM  WARD  C,UMUAKPA NDI-OGO,2016. ABIA,23318. BENDE,46. ITEM C,1000217. UMUAKPA NDI-OGO
28mar2026,03apr2026,collect:GVJ1ckNc0x6DEiu2,1000277,28mar2026,AGBOIYI VILLAGE SQUARE,45,59,LACK OF ELECTRICITY,LACK NOT GOOD WATER,NO ACCESS ROAD TO FARM LAND,NEED FOR AGRICULTURAL GRANT,NEED HEALTH FACILITY,3,0,1,1,1,0,0,0,0,104,5.7873669,7.605718,95.5592041,4.645,73293547-65c2-49c9-b0e7-5d43000e8d3f,03apr2026,69,1000277,334,ABIA,BENDE,UGWUEKE/EZEUKWU,AGBOIYI,2016. ABIA,23318. BENDE,43. UGWUEKE/EZEUKWU,1000277. AGBOIYI
30mar2026,03apr2026,collect:GVJ1ckNc0x6DEiu2,1000280,30mar2026,AMABA COMMUNITY HALL,60,45,LACK OF GOOD WATER,LACK OF ELECTRICITY,NEED HEALTH FACILITY,NO ACCESS TO FARM LAND,NEED AGRICULTURAL GRANTS,3,0,1,1,1,0,0,0,0,106,5.8271902,7.6227377,100.0489501953125,4.931,4e3e89fc-9c8f-4886-aab6-1482813c0286,03apr2026,70,1000280,328,ABIA,BENDE,UGWUEKE/EZEUKWU,AMABA,2016. ABIA,23318. BENDE,43. UGWUEKE/EZEUKWU,1000280. AMABA
27mar2026,30mar2026,collect:GVJ1ckNc0x6DEiu2,1000286,27mar2026,AMAKWU EZEUKWU VILLAGE HALL,62,64,LACK OF GOOD ROAD,LACK OF GOOD WATER,NO ACCESS TO HEALTH FACILITY,NEED GOVERNMENT INTERVENTION ON INFRASTRUCTURE,NEED AGRICULTURAL GRANTS,3,0,1,1,1,0,0,0,0,126,5.8053795,7.5611362,94.06024169921875,4.824,ec7977a5-2f8a-4eb9-b3ab-4e5a51ca046e,30mar2026,62,1000286,331,ABIA,BENDE,UGWUEKE/EZEUKWU,AMAKWU,2016. ABIA,23318. BENDE,43. UGWUEKE/EZEUKWU,1000286. AMAKWU
17mar2026,17mar2026,collect:GVJ1ckNc0x6DEiu2,1000291,17mar2026,Amanta community Hall,27,51,Lack of electricity,Lack of good water,No access road to farmland,Need for agricultural grants,Need government intervention infrastructure,3,0,1,1,1,0,0,0,0,78,5.8222683,7.6260697,93.79156494140625,4.931,bb03e3da-7e83-45d0-a6a0-41ea4d218674,17mar2026,1,1000291,329,ABIA,BENDE,UGWUEKE/EZEUKWU,AMANTA,2016. ABIA,23318. BENDE,43. UGWUEKE/EZEUKWU,1000291. AMANTA
25mar2026,30mar2026,collect:GVJ1ckNc0x6DEiu2,1000303,25mar2026,NDI AGBO VILLAGE HALL,57,105,LACK OF GOOD WATER,LACK OF ELECTRICITY,NO ACCESS ROAD TO FARM ROAD,NEED GOVT INTERVENTION TO INFRASTRUCTURE,NEED AGRICULTURE GRANTS,3,0,1,1,1,0,0,0,0,93,5.8317553,7.62495,64.42401123046875,4.073,540dd5d5-4794-46f0-be79-280a3b58979f,30mar2026,61,1000303,330,ABIA,BENDE,UGWUEKE/EZEUKWU,NDI-AGBO,2016. ABIA,23318. BENDE,43. UGWUEKE/EZEUKWU,1000303. NDI-AGBO
21mar2026,25mar2026,collect:Nh2HWxq6IuYDbDFj,1000417,,,54,58,FAMILY MEMBERS CAN NOT GET TREATMENT WHEN SICK,THERE IS HUNGER IN THE HOME,HOUSE IS LEAKING,NO CLEAN WATER AND GOOD TOILET,NO STEADY WORK,2,0,1,1,1,0,0,0,0,112,5.4409423,7.6146456,111.9623413085938,4.288,7d84a4bb-6f15-4cf1-a7c5-250284aeeedb,25mar2026,37,1000417,428,ABIA,IKWUANO,IBERE I,AGBAMA-MGBOKO-AGBOMIRI,2016. ABIA,23319. IKWUANO,55. IBERE I,1000417. AGBAMA-MGBOKO-AGBOMIRI
30mar2026,31mar2026,collect:Nh2HWxq6IuYDbDFj,1000419,,,17,38,LACK OF GOOD DRINKING WATER,POOR LIVING STANDARD,HIGH LEVEL OF UNEMPLOYMENT,HUNGER IN THE LAND,LACK OF FUNCTIONAL HEALTH FACILITIES,3,0,1,1,1,0,0,0,0,54,5.4316608,7.611333,120.8037719726562,3.216,579e1245-2c1e-45e2-b8f3-474e06c87084,31mar2026,66,1000419,430,ABIA,IKWUANO,IBERE I,EBO NA NKWOCHA,2016. ABIA,23319. IKWUANO,55. IBERE I,1000419. EBO NA NKWOCHA
16mar2026,29mar2026,collect:Nh2HWxq6IuYDbDFj,1000420,,,15,29,NO CLEAN DRINKING WATER,LACK OF WORK,BAD ROAD NETWORK,HUNGER IN THE FAMILY,NO HEALTH FACILITIES,3,0,1,1,1,0,0,0,0,44,5.4306079,7.6164528,117.2560424804688,4.288,70094a81-fbc2-432c-b0c3-48c68b5d08a7,30mar2026,60,1000420,431,ABIA,IKWUANO,IBERE I,ISIALA,2016. ABIA,23319. IKWUANO,55. IBERE I,1000420. ISIALA
23mar2026,26mar2026,collect:Nh2HWxq6IuYDbDFj,1000421,,,31,54,POOR STANDARD OF LIVING,HOUSE IS LEAKING,NO STEADY WORK,NO CLEAN WATER,THE FACE DISCRIMINATION,2,0,1,1,1,0,0,0,0,85,5.4673567,7.5855567,154.4713134765625,4.502,fdf8dcf3-1530-4382-be80-63b9ca101c42,26mar2026,41,1000421,432,ABIA,IKWUANO,IBERE I,NGODO,2016. ABIA,23319. IKWUANO,55. IBERE I,1000421. NGODO
31mar2026,01apr2026,collect:Nh2HWxq6IuYDbDFj,1000422,,,16,18,BAD ROAD NETWORK,NO ELECTRICITY,LACK OF HEALTH FACILITIES,NO GOOD DRINKING WATER,POOR FEEDING,3,0,1,1,1,0,0,0,0,34,5.4648599,7.6283025,66.0904541,4.824,24a9c8db-a4b8-4810-8ab6-b3bda84a406b,01apr2026,67,1000422,433,ABIA,IKWUANO,IBERE I,OBUORO-UMUISERENGAJI,2016. ABIA,23319. IKWUANO,55. IBERE I,1000422. OBUORO-UMUISERENGAJI
23mar2026,28mar2026,collect:fT6glYSGIgpP33Sk,1000427,23mar2026,TOWN HALL,11,15,The Head of the family,The widows and widowers,The people with disabilities,Strangers living in the community,Orphan living in the community,162,1,1,1,1,0,0,0,0,27,5.4681717,7.5733283,167.7,4.783,d5a2211c-7525-4270-b209-d769b4db070c,28mar2026,52,1000427,436,ABIA,IKWUANO,IBERE I,UMUORIE,2016. ABIA,23319. IKWUANO,55. IBERE I,1000427. UMUORIE
19mar2026,26mar2026,collect:8vUkfyctFb2a55p9,1000429,19mar2026,COMMUNITY HALL,6,2,All eligible orphans who are poor will register,People with disabilities in our community will register,Youth who are unemployed and eligible will do register,Widows and widowers who are eligible will register,Father as the Head of the family,4,1,1,1,1,0,0,0,0,8,5.436215,7.5852183,116.5,4.5,590b2d13-b47e-4780-be4f-ed8f0d4a677e,26mar2026,49,1000429,444,ABIA,IKWUANO,IBERE II,AGBOMIRI,2016. ABIA,23319. IKWUANO,56. IBERE II,1000429. AGBOMIRI
18mar2026,26mar2026,collect:8vUkfyctFb2a55p9,1000430,18mar2026,NGWUGWO MARKET SQUARE.,26,44,Father as the Head of the household,Mother takes on the role of the Head of the family when father passes away,All eligible individuals with disabilities are encouraged to register,Youths who have recently married and who live and feed on their own can register,Any family who are not from the community but live within the community can register,3,1,1,1,1,0,0,0,0,71,5.4424558,7.5854197,225.5,4.95,a159f349-17d2-4696-beeb-0782a9ac39a7,26mar2026,48,1000430,445,ABIA,IKWUANO,IBERE II,AMAKIRI-MBIOGWUGWU-AGBINMIRI,2016. ABIA,23319. IKWUANO,56. IBERE II,1000430. AMAKIRI-MBIOGWUGWU-AGBINMIRI
21mar2026,31mar2026,collect:fT6glYSGIgpP33Sk,1000431,21mar2026,Village square,7,8,Head of the family,Widow and widowers,Orphan are eligible to register,Strangers living in our community,People with disabilities,112,1,1,1,1,0,0,0,0,15,5.4477733,7.59827,124.1,4.975,d6c5b440-1ce0-46ae-b6f4-a01d0eec343d,31mar2026,64,1000431,446,ABIA,IKWUANO,IBERE II,EZECHI-IYALU,2016. ABIA,23319. IKWUANO,56. IBERE II,1000431. EZECHI-IYALU
21mar2026,26mar2026,collect:8vUkfyctFb2a55p9,1000433,21mar2026,Village square,16,14,Head of the family,Widows and widowers,Ophans are eligible to register,Strangers living in our community,People with disabilities,110,1,1,1,1,0,0,0,0,30,5.4477508,7.5983498,89.40000000000001,4.666,b2b1d2c8-a5d7-482e-adb8-1c7e9c887778,26mar2026,50,1000433,448,ABIA,IKWUANO,IBERE II,EZIAMA-EZECHI-UMUADIBIA-NMUAKAN,2016. ABIA,23319. IKWUANO,56. IBERE II,1000433. EZIAMA-EZECHI-UMUADIBIA-NMUAKAN
19mar2026,02apr2026,collect:fT6glYSGIgpP33Sk,1000435,19mar2026,Community town hall,5,6,All eligible poor orphan will register,People with disabilities in our community will register,Youth who are unemployed and eligible will register,Widow and widowers can be registered,Father as the head of the family,4,1,1,1,1,1,0,0,0,11,5.4361924,7.5853176,132.1,4.48,cbacd2e8-b8c0-469e-bf6b-8d6898db9d21,02apr2026,68,1000435,450,ABIA,IKWUANO,IBERE II,EZIEKE-EZIUKWU-NDAGBO,2016. ABIA,23319. IKWUANO,56. IBERE II,1000435. EZIEKE-EZIUKWU-NDAGBO
17mar2026,26mar2026,collect:uhO8IsbNeFcw8txu,1000441,17mar2026,UMUEMENIKE VILLAGE HALL,22,31,OUT OF SCHOOL,NO EASY ACCESS TO GOOD HEALTH,BY SEEKING ADEVICE FROM VILLAGE HEADS,BY NOT HAVING A GOOD ROAD,THOSE WHO DOES NOT HAVE FOOD TO EAT,4,0,0,0,1,1,1,0,1,53,5.4494858,7.6381362,56.37365723,4.502,72aad004-770e-4e31-b596-e47f33b81c05,26mar2026,42,1000441,455,ABIA,IKWUANO,IBERE II,UMUEMENIKE,2016. ABIA,23319. IKWUANO,56. IBERE II,1000441. UMUEMENIKE
17mar2026,31mar2026,collect:fT6glYSGIgpP33Sk,1000444,17mar2026,Market square,27,14,Father as the family head,Mother becomes the head of the family when father is no more,All eligible disabled will be considered,Youth newly married can register as a household,Strangers within the community can also be considered,3,0,1,1,1,0,0,0,0,41,5.4476686,7.6086239,125.8,4.76,d5161c42-2365-4c2d-a288-8d1cf1f1b0b9,31mar2026,63,1000444,441,ABIA,IKWUANO,IBERE II,UMUGO-UMUCHITA,2016. ABIA,23319. IKWUANO,56. IBERE II,1000444. UMUGO-UMUCHITA
25mar2026,31mar2026,collect:NeKkkM33hKrBD2Of,1000708,25mar2026,VILLAGE SQUARE,34,37,NO GOOD ACCESS ROAD,NO GOOD HEALTH CENTRE,NO ELECTRICITY,NO CLEAN WATER,NO ACCESS TO GOOD SCHOOL,3,0,1,1,1,0,0,0,0,73,5.83809,7.4459434,123.5563965,4.931,9b089cca-a5cf-46e9-a607-fce82d941b05,31mar2026,65,1000708,731,ABIA,ISUIKWUATO,IKEAGHA I,AMACHI,2016. ABIA,23322. ISUIKWUATO,86. IKEAGHA I,1000708. AMACHI
18mar2026,19mar2026,collect:NeKkkM33hKrBD2Of,1000713,18mar2026,AMAOSE VILLAGE SQUARE,62,71,NO GOOD ACCESS ROAD,NO ELECTRICITY,NO GOOD WATER,NO GOOD HEALTH CENTRE,NO GOOD FUNCTIONAL SCHOOL,3,0,1,1,1,0,0,0,0,133,5.8379606,7.4426872,124.1477661132812,4.645,b749d41a-cfaf-4283-b68f-ab3ea788d11f,19mar2026,4,1000713,733,ABIA,ISUIKWUATO,IKEAGHA I,AMAOSE,2016. ABIA,23322. ISUIKWUATO,86. IKEAGHA I,1000713. AMAOSE
01apr2026,01apr2026,collect:NeKkkM33hKrBD2Of,1000718,31mar2026,OGWEAMA OWERETE,18,11,NO ACCESS ROAD,NO ELECTRICITY,NO GOOD HEALTH CENTRE,NO GOOD SCHOOL,NO GOOD WATER,3,0,1,1,1,0,0,0,0,29,5.8342343,7.4423754,133.8735352,4.824,2826c898-18a0-4a04-bd1a-b833cbf2ac21,08apr2026,75,1000718,732,ABIA,ISUIKWUATO,IKEAGHA I,OWERETE,2016. ABIA,23322. ISUIKWUATO,86. IKEAGHA I,1000718. OWERETE
18mar2026,18mar2026,collect:YYSM5RQv6NZpq3Ee,1000719,18mar2026,OWERETE HALL,28,34,NO ACCESSIBLE ROAD,NO ACCESSIBLE TO WATER,POOR HEALTHCARE,NO ACCSSEABLE EDUCATION,DISPLACEMENT,8,1,1,1,1,1,1,1,1,57,5.8334331,7.4418749,125.9929809570312,4.645,e65eb68c-7c83-4c32-a83b-c9b5032f872b,19mar2026,3,1000719,734,ABIA,ISUIKWUATO,IKEAGHA I,OWERETE AKPUKPA,2016. ABIA,23322. ISUIKWUATO,86. IKEAGHA I,1000719. OWERETE AKPUKPA
19mar2026,25mar2026,collect:NeKkkM33hKrBD2Of,1000720,19mar2026,UMUCHIOKE VILLAGE SQUARE,37,66,NO ACCESS ROAD,NO ELECTRICITY,NO FUNCTIONAL HEALTH CENTRE,NO CLEAN WATER,NO GOOD SCHOOLS,3,0,1,1,1,0,0,0,0,103,5.8361592,7.4412604,137.8466797,4.931,3ea80322-cb3a-4cd3-92d9-579f452dce3d,25mar2026,36,1000720,730,ABIA,ISUIKWUATO,IKEAGHA I,UMUCHIOKE,2016. ABIA,23322. ISUIKWUATO,86. IKEAGHA I,1000720. UMUCHIOKE
26mar2026,20apr2026,collect:YYSM5RQv6NZpq3Ee,1000721,26mar2026,UMUOKWE,49,100,NO ELECTRICITY,NO ACCESSIBILITY TO GOOD WATER,NO ACCESS TO EDUCATION,NO LIVING CONDITION,DISPLACEMENT,3,0,1,1,1,0,0,0,0,149,5.8482561,7.4917216,112.2460938,4.716,59e6bbea-6d2f-4b62-8382-4704a764f4cd,20apr2026,78,1000721,728,ABIA,ISUIKWUATO,IKEAGHA I,UMUOKWE,2016. ABIA,23322. ISUIKWUATO,86. IKEAGHA I,1000721. UMUOKWE
01apr2026,01apr2026,collect:NeKkkM33hKrBD2Of,1000722,01apr2026,OGWEAMA UMUOROTO,26,22,NO GOOD HEALTH CENTRE,NO GOOD WATER,NO GOOD SCHOOL,NO ACCESS ROAD,NO ELECTRICITY,3,0,1,1,1,0,0,0,0,48,5.8317351,7.4433261,124.4205322265625,4.931,cd9649ec-b7fc-429e-b12d-6c25d13f8d32,08apr2026,74,1000722,729,ABIA,ISUIKWUATO,IKEAGHA I,UMUOROTO,2016. ABIA,23322. ISUIKWUATO,86. IKEAGHA I,1000722. UMUOROTO
20mar2026,20mar2026,collect:YYSM5RQv6NZpq3Ee,1000760,20mar2026,AGBO EZI HALL,39,58,NO ACCESS TO WATER,LACK OF HEALTH CARE,NO ELECTRICITY,No ACCESS ROAD,DISPLACEMENT,3,1,1,1,1,0,0,0,0,97,5.7315703,7.4809024,212.7017822265625,4.109,65be7f64-54d3-492d-aafd-c799b970ee8d,20mar2026,6,1000760,788,ABIA,ISUIKWUATO,ISUAMAWU,AGBO EZI,2016. ABIA,23322. ISUIKWUATO,82. ISU AMAWU,1000760. AGBO EZI
25mar2026,25mar2026,collect:NFlsWj9U7w24mD12,1000761,25mar2026,UMUAMA HALL,94,93,LACK OF WATER SUPPLY,FEEDER ROADS,NO HEAITH CENTER,SKILL Acquisition,LACK OF POWER SUPPLY,3,0,1,1,1,0,0,0,0,187,5.7467879,7.4637082,254.6660156,3.859,6c851676-8cbe-418d-94e7-1e01e707966a,25mar2026,38,1000761,776,ABIA,ISUIKWUATO,ISUAMAWU,EKEBE NA UMUAMA,2016. ABIA,23322. ISUIKWUATO,82. ISU AMAWU,1000761. EKEBE NA UMUAMA
23mar2026,23mar2026,collect:NFlsWj9U7w24mD12,1000763,23mar2026,VILLAGE SQUARE,46,49,LACK OF ACCESS ROADS,ELECTRICITY,LACK OF HOSPITAL AND HEALTH CENTER,LACK OF PRIMARY AND SECONDARY OVER DECADES,SUPPORT FOR IRRIGATION,3,0,1,1,1,0,0,0,0,95,5.749826,7.4301676,225.9000244140625,4.466,4c01fca6-c671-454e-852c-2adcd2748bb1,23mar2026,18,1000763,785,ABIA,ISUIKWUATO,ISUAMAWU,NDI OGU/IGIDIYIM,2016. ABIA,23322. ISUIKWUATO,82. ISU AMAWU,1000763. NDI OGU/IGIDIYIM
18mar2026,20mar2026,collect:NFlsWj9U7w24mD12,1000766,17mar2026,OBODO HALL,56,48,SUPPORT US FOR IRRIGATION,SUPPORT US MECHANIZATION,RECREATION FACILITIES,FEEDER ROAD,ELECTRICITY,3,0,1,1,1,0,0,0,0,104,5.7383782,7.4678432,251.2266845703125,4.931,ca2b6777-6196-43d1-b1b1-63e730c33aac,23mar2026,20,1000766,784,ABIA,ISUIKWUATO,ISUAMAWU,OBODO,2016. ABIA,23322. ISUIKWUATO,82. ISU AMAWU,1000766. OBODO
19mar2026,20mar2026,collect:NFlsWj9U7w24mD12,1000773,18mar2026,EZUMEZU EMOKO HALL,44,80,NONE ACCESSIBLE GOOD ROAD,NO HEALTH FACILITY,FEEDER ROADS,IRREGULARITIES OF POWER SUPPLY,POOR HEALTH CARE FACILITY,3,0,1,1,1,0,0,0,0,156,5.7187116,7.4690696,222.7997436523438,4.288,ee879e09-75ab-4206-a737-029621aab264,23mar2026,21,1000773,781,ABIA,ISUIKWUATO,ISUAMAWU,UMUEMOKO,2016. ABIA,23322. ISUIKWUATO,82. ISU AMAWU,1000773. UMUEMOKO
18mar2026,18mar2026,collect:NFlsWj9U7w24mD12,1000773,18mar2026,EZUMEZU EMOKO HALL,44,80,ELECTRICITY,FEEEDER ROAD,HEAITH FACILITY,RECREATION FACILITY,SKILL ACQUISITION,3,0,1,1,1,0,0,0,0,156,5.7191028,7.4689389,193.9033203,3.43,87f73226-e3f3-47cd-b03a-4f1b2d2a5078,23mar2026,19,1000773,781,ABIA,ISUIKWUATO,ISUAMAWU,UMUEMOKO,2016. ABIA,23322. ISUIKWUATO,82. ISU AMAWU,1000773. UMUEMOKO
19mar2026,20apr2026,collect:YYSM5RQv6NZpq3Ee,1000776,19mar2026,VILLAGE HALL,35,39,NO HEALTHCARE,NO ELECTRICITY,NO ACCESSIBLE WATER,NO ACCESSIBLE ROAD,DISPLACEMENT,3,0,1,1,1,0,0,0,0,74,5.7320741,7.4807332,220.0536499023438,4.716,19976592-4f5b-441b-af09-f1967171848d,20apr2026,79,1000776,787,ABIA,ISUIKWUATO,ISUAMAWU,UMUNTEJE,2016. ABIA,23322. ISUIKWUATO,82. ISU AMAWU,1000776. UMUNTEJE
20mar2026,20mar2026,collect:NFlsWj9U7w24mD12,1000779,20mar2026,UMUSOO WEIFARE UNIONS HALL,44,67,POOR POWER SUPPLY, POOR HEALTH FACILITY,POOR WATER SUPPLY,FEEDER ROAD,POOR IRRIGATION,3,0,1,1,1,0,0,0,0,111,5.7377519,7.4628567,249.2150879,4.716,e24e86ba-61df-4a3b-a957-8f25319dd6cb,20mar2026,7,1000779,783,ABIA,ISUIKWUATO,ISUAMAWU,UMUSOO,2016. ABIA,23322. ISUIKWUATO,82. ISU AMAWU,1000779. UMUSOO
09apr2026,09apr2026,collect:5HWJOxgNGPn0DayK,1000864,09apr2026,Nkpukpuakanta Village square,52,54,Low income ,Malnutrition,Poor Housing,Low Access to Healthcare,Unemployment,4,0,1,1,1,1,0,0,0,106,4.9487408,7.4868714,77.17346191,3.752,1ba55dd0-309f-4ec9-9835-f56a21a91a39,09apr2026,76,1000864,884,ABIA,UKWA EAST,AZUMINI,NKPUOKE AMANTA,2016. ABIA,23327. UKWA EAST,140. AZUMINI,1000864. NKPUOKE AMANTA
19mar2026,24mar2026,collect:5HWJOxgNGPn0DayK,1000865,19mar2026,Uhu Obu Na Oha Hall,37,86,POOR STANDARD OF LIVING,FINANCIAL DISABILITIES,POOR EDUCATIONAL BACKGROUND,INADEQUATE HEALTH MAINTENANCE,UNCONDUCIVE ENVIRONMENT,4,0,1,1,1,1,0,0,0,110,4.9466369,7.4823104,72.0892334,4.288,6d072d35-0e97-4fe1-b248-c21a5fff7ee2,24mar2026,24,1000865,882,ABIA,UKWA EAST,AZUMINI,NKPUOKE DEDE 1,2016. ABIA,23327. UKWA EAST,140. AZUMINI,1000865. NKPUOKE DEDE 1
23mar2026,24mar2026,collect:5HWJOxgNGPn0DayK,1000866,23mar2026,UHU DE OGWE HALL,21,20,UNEMPLOYMENT,LOW CAPITAL INCOME,UNCONDUCIVE ENVIRONMENT,POOR LIVING STANDARDS,INADEQUATE HEALTH WELLNESS,4,0,1,1,1,1,0,0,0,41,4.947098,7.4823284,69.2442627,3.752,388fa800-ab01-4db7-8c56-0bd41f5b41f9,24mar2026,26,1000866,883,ABIA,UKWA EAST,AZUMINI,NKPUOKE DEDE 2,2016. ABIA,23327. UKWA EAST,140. AZUMINI,1000866. NKPUOKE DEDE 2
26mar2026,27mar2026,collect:5HWJOxgNGPn0DayK,1000867,26mar2026,OBIOHURU SQUARE,60,38,UNEMPLOYMENT,POOR HOUSING,INADEQUATE EDUCATIONAL SYSTEM,LACK OF SKILL EMPLOYMENT,THE NEED TO ACCESS TO HEALTH CARE,4,0,1,1,1,1,0,0,0,60,4.9489133,7.4870505,83.13977051,4.288,e56ad765-1454-4212-895f-fb714204d45c,26mar2026,51,1000867,881,ABIA,UKWA EAST,AZUMINI,OBIOHURU,2016. ABIA,23327. UKWA EAST,140. AZUMINI,1000867. OBIOHURU
26mar2026,26mar2026,collect:5HWJOxgNGPn0DayK,1000867,26mar2026,OBIOHURU SQUARE,22,38,UNEMPLOYMENT,POOR HOUSING,LACK OF EDUCATIONAL BACKGROUND,UNCONDUCIVE ENVIRONMENT,POOR STANDARD OF LIVING,4,0,1,1,1,1,0,0,0,60,4.9485065,7.4890385,70.80389404296875,3.216,ce86cb2b-bb12-4ad8-be51-e7f78eb5a338,26mar2026,43,1000867,881,ABIA,UKWA EAST,AZUMINI,OBIOHURU,2016. ABIA,23327. UKWA EAST,140. AZUMINI,1000867. OBIOHURU
20mar2026,24mar2026,collect:5HWJOxgNGPn0DayK,1000868,20mar2026,OBUOKU SQUARE,24,35,LACK OF EDUCATIONAL BACKGROUND,POOR LIVING STANDARD,UNCONDUCIVE ENVIRONMENT,HEALTH DISABILITIES,LACK OF FINANCIAL SUPPORT,4,0,1,1,1,1,0,0,0,59,4.9443746,7.4820379,64.40000152587891,3.216,ed89dea2-3fc0-4e3b-b399-2245b4cb4f98,24mar2026,25,1000868,880,ABIA,UKWA EAST,AZUMINI,OBUOKU,2016. ABIA,23327. UKWA EAST,140. AZUMINI,1000868. OBUOKU
20mar2026,20mar2026,collect:wZDFaLuAdqhUC4il,1000879,20mar2026,NWANKWO NWAOGU'S Compound,44,55,Health and Nutrition,Education and child development,Leaving standard of the people,Works and shocks,Shelter and housing,3,0,1,1,1,0,0,0,0,99,4.8876444,7.4433522,30.20208740234375,4.02,133aab12-250b-44ef-9639-da90bb63e2ec,21mar2026,12,1000879,897,ABIA,UKWA EAST,IKWUEKE EAST,OHAISU,2016. ABIA,23327. UKWA EAST,132. IKWUEKE EAST,1000879. OHAISU
21mar2026,21mar2026,collect:wZDFaLuAdqhUC4il,1000886,21mar2026,UHUNNA TOWN Hall,51,49,Health and Nutrition,Leaving standard of the people,Education and child development,Works and shocks,Shelter and housing,3,0,1,1,1,0,0,0,0,100,4.8670396,7.4860776,36.89996337890625,4.716,ddca8331-3f8a-481e-a5f1-e94f2fbdec74,21mar2026,13,1000886,899,ABIA,UKWA EAST,IKWUEKE EAST,UHUNNA,2016. ABIA,23327. UKWA EAST,132. IKWUEKE EAST,1000886. UHUNNA
23mar2026,23mar2026,collect:wZDFaLuAdqhUC4il,1000887,23mar2026,Chief Dagogo Hope Fubara,45,43,Health and Nutrition,Education and child development,Leaving standard of the people,Works and shocks,Shelter and housing,3,0,1,1,1,0,0,0,0,88,4.885174,7.4420837,34.98370361328125,4.502,a639973e-cc61-45cb-a737-29fa115276db,23mar2026,22,1000887,896,ABIA,UKWA EAST,IKWUEKE EAST,UMUANO,2016. ABIA,23327. UKWA EAST,132. IKWUEKE EAST,1000887. UMUANO
18mar2026,18mar2026,collect:wZDFaLuAdqhUC4il,1000891,18mar2026,MATHIAS CHIDI Akarahu's Compound,80,91,Health and Nutrition,Education and child development,Leaving standard of the people,Works and shocks,Shelter and housing,3,0,1,1,1,0,0,0,0,159,4.8823817,7.4419861,30.05889892578125,4.556,a326c13d-f7d9-40db-aa7b-8a8ff182572d,18mar2026,2,1000891,898,ABIA,UKWA EAST,IKWUEKE EAST,UMUNWACHI,2016. ABIA,23327. UKWA EAST,132. IKWUEKE EAST,1000891. UMUNWACHI
24mar2026,26mar2026,collect:Ut7pTceSOOcw7FZo,1000926,24mar2026,ONUOBU AKWARAKWA,19,23,UNIMPLOMENT,POOR STANDARD OF LIVING,UNABLE TO FEED THREE TIMES DAILY,POOR HEALTH CARE,POOR SHELTER,3,0,1,1,1,0,0,0,0,56,4.9553449,7.4818718,65.38983154296875,4.931,995984d1-c542-44cb-9a9d-cc116d050848,26mar2026,47,1000926,943,ABIA,UKWA EAST,IKWUORIEATOR EAST,AKWARAKWARA VILLAGE,2016. ABIA,23327. UKWA EAST,138. IKWURIATOR EAST,1000926. AKWARAKWARA VILLAGE
17mar2026,25mar2026,collect:uLc4Bk37Q1tN1iX9,1000929,17mar2026,MKPUOKE DEDE VILLAGE ,16,20,POOR HEALTH CARE ,POOR STANDARD OF EDUCATION ,UNABLE TO   EAT THREE TIMES ,NO GOOD HEALTH CARE,NO GOOD WATER,3,0,1,1,1,0,0,0,0,43,4.953089,7.4823096,81.5,3.537,3a1c4610-7d72-4ca4-8131-2d6fa79c1f64,25mar2026,35,1000929,942,ABIA,UKWA EAST,IKWUORIEATOR EAST,MKPUOKO DEDE VILLAGE,2016. ABIA,23327. UKWA EAST,138. IKWURIATOR EAST,1000929. MKPUOKO DEDE VILLAGE
20mar2026,26mar2026,collect:Ut7pTceSOOcw7FZo,1000930,20mar2026,OBUOKU,23,26,POOR HEALTH CARE,UNIMPLOYMENT,UNABLE TO TRAIN CHILDREN,NO GOOD ASSESS ROAD,NO FARM EQUIPMENT,3,0,1,1,1,0,0,0,0,69,4.9526815,7.4850334,67.51989746,4.132,8d2fa374-c6e1-40b5-ba9c-b5c2874de035,26mar2026,46,1000930,941,ABIA,UKWA EAST,IKWUORIEATOR EAST,OBUOKU VILLAGE,2016. ABIA,23327. UKWA EAST,138. IKWURIATOR EAST,1000930. OBUOKU VILLAGE
26mar2026,26mar2026,collect:Ut7pTceSOOcw7FZo,1000931,26mar2026,AMAOBU OGBUAGU HALL,9,14,POOR HEALTH SERVICE,NO ACCESS ROAD,UNABLE TO FEED THREE TIMES DAILY,POOR SHELTER,NO GOOD WATER,3,0,1,1,1,0,0,0,0,37,4.8843647,7.4856323,29.91943359,4.824,68ffbe8c-a048-43bc-9caf-960ebee4e469,26mar2026,44,1000931,939,ABIA,UKWA EAST,IKWUORIEATOR EAST,OGBUAGU VILLAGE,2016. ABIA,23327. UKWA EAST,138. IKWURIATOR EAST,1000931. OGBUAGU VILLAGE
19mar2026,26mar2026,collect:Ut7pTceSOOcw7FZo,1000932,26mar2026,UHUME VILLAGE HALL,15,27,UNABLE TO FEED THE FAMILY,UNABLE TO PAY CHILDREN SCHOOL FEES,UNIMPLOYMENT,POOR SHELTER,UNABLE TO TAKE GOOD TREATMENT,5,0,1,1,1,0,0,0,0,55,4.9630535,7.4785181,46.3659668,4.824,26de7f7f-7b2e-473c-bba2-85d215825bbc,26mar2026,45,1000932,944,ABIA,UKWA EAST,IKWUORIEATOR EAST,UHUMA,2016. ABIA,23327. UKWA EAST,138. IKWURIATOR EAST,1000932. UHUMA
19mar2026,19mar2026,collect:wZDFaLuAdqhUC4il,1000933,19mar2026,Umunwulu town hall,78,55,Health and Nutrition,Education and child development,Leaving standard of the people,Works and shock,Shelter and housing,3,0,1,1,1,0,0,0,0,159,4.9854972,7.4319362,75.79705810546875,4.288,32038f17-78e4-464a-b26d-af71abc16284,19mar2026,5,1000933,940,ABIA,UKWA EAST,IKWUORIEATOR EAST,UMUNWULU VILLAGE,2016. ABIA,23327. UKWA EAST,138. IKWURIATOR EAST,1000933. UMUNWULU VILLAGE
18mar2026,18mar2026,collect:WRWiBLV7fi3mXME0,1001012,18mar2026,MKPUKWE CIVIC HALL,23,32,INABILITY TO TREAT THEMSELVES WHEN THEY ARE SICK,INABILITY TO TRAIN THEIR CHILDREN IN SCHOOL,INABILITY TO EAT THREE SQURE MEAL IN A DAY,CHILD MALNUTRITION,CHILD MORTALITY,3,0,1,1,1,0,0,0,0,55,5.0697122,7.2932069,76.96209716796875,4.02,48ee82b3-f161-4c61-98f0-154ddf5ea8ce,25mar2026,32,1001012,1025,ABIA,UKWA WEST,ASA NORTH,MKPUKWE,2016. ABIA,23328. UKWA WEST,141. ASA NORTH,1001012. MKPUKWE
17mar2026,17mar2026,collect:WRWiBLV7fi3mXME0,1001013,17mar2026,OBINGWU CIVIC HALL,14,19,INABILITY TO EAT THREE SQURE MEAL IN A DAY,INABILITY TO TRAIN THEIR CHILDREN IN SCHOOL,CHILD MORTALITY,INABILITY TO TREAT THEMSELVES WHEN THEY ARE SICK,MALNUTRITION,3,0,1,1,1,0,0,0,0,33,5.0728722,7.3013046,69.97143555,4.502,e3c3db11-c370-42e3-a83c-00045f589caa,25mar2026,31,1001013,1027,ABIA,UKWA WEST,ASA NORTH,OBINGWU,2016. ABIA,23328. UKWA WEST,141. ASA NORTH,1001013. OBINGWU
19mar2026,19mar2026,collect:WRWiBLV7fi3mXME0,1001014,19mar2026,OMUMAUZOR CIVIC HALL,42,53,MALNUTRITION,CHILD MORTALITY,INABILITY TO TREAT THEMSELVES WHEN THEY ARE SICK,INABILITY TO TRAIN THEIR CHILDREN IN SCHOOL,INABILITY TO EAT THREE SQURE MEAL IN A DAY,3,0,1,1,1,0,0,0,0,95,5.0835452,7.2926494,90.03613281,4.931,44e8e074-3c51-475f-85ef-9dfacc27e23d,25mar2026,33,1001014,1023,ABIA,UKWA WEST,ASA NORTH,OMUMAUZOR,2016. ABIA,23328. UKWA WEST,141. ASA NORTH,1001014. OMUMAUZOR
16mar2026,16mar2026,collect:WRWiBLV7fi3mXME0,1001015,16mar2026,UMUEKECHI CIVIC HALL,56,49,INABILITY TO EAT THREE SQURE MEAL IN A DAY,INABILITY TO TRAIN THEIR CHILDREN IN SCHOOL,INABILITY TO TREAT THEMSELVES WHEN THEY ARE SICK,CHILD MORTALITY,MALNUTRITION,3,1,1,1,1,1,0,0,0,105,5.0682194,7.286629,84.87963867,4.288,db4b272b-42f4-456a-a04a-bc705cadcd23,25mar2026,30,1001015,1024,ABIA,UKWA WEST,ASA NORTH,UMUEKECHI,2016. ABIA,23328. UKWA WEST,141. ASA NORTH,1001015. UMUEKECHI
20mar2026,20mar2026,collect:WRWiBLV7fi3mXME0,1001016,20mar2026,UMUEZEKE CIVIC HALL,23,57,CHILD MORTALITY,MALNUTRITION,INABILITY TO EAT THREE SQURE MEAL IN A DAY,INABILITY TO TRAIN THEIR CHILDREN IN SCHOOL,INABILITY TO TREAT THEMSELVES WHEN THEY ARE SICK,3,0,1,1,1,0,0,0,0,80,5.070765,7.2984142,66.03680419921875,4.931,36b9d4f7-680f-4877-bf97-d1c8f0677328,25mar2026,34,1001016,1026,ABIA,UKWA WEST,ASA NORTH,UMUEZEKE,2016. ABIA,23328. UKWA WEST,141. ASA NORTH,1001016. UMUEZEKE
19mar2026,19mar2026,collect:fapOpudI7xYzcgX8,1001063,,,33,29,UNEMPLOYMENT,NO MONEY TO TRAIN CHILDREN,NO MONEY TO START BUSINESS,NO SHELTER COLLAPSED BUILDING,PHYSICALLY CHALLENGED PERSONS,2,1,1,1,1,1,1,1,1,62,5.063847,7.2721683,87.98529052734375,4.898,2b665ab7-3cb1-4dc5-a9fc-26a22cc216f4,20mar2026,9,1001063,1079,ABIA,UKWA WEST,OBOKWE,AMAUKWU,2016. ABIA,23328. UKWA WEST,143. OBOKWE,1001063. AMAUKWU
17mar2026,25mar2026,collect:tXybH440FHdviuG1,1001064,17mar2026,IKENYI COUNCIL HALL OBOKWE,30,40,INABILITY TO GIVE THE CHILDREN BETTER TREATMENT,INABILITY TO GIVE THE CHILDREN BETTER EDUCATION,NO SHELTER AND COLLAPSED ROOF,UNEMPLOYMENT,INABILITY TO EAT THRICE BETTER FOODS,3,0,1,1,1,0,0,0,0,70,5.0591567,7.2720914,70.1060791,4.288,b68cb3bb-c72b-48d1-bc70-9283e98dcff2,25mar2026,29,1001064,1082,ABIA,UKWA WEST,OBOKWE,IKENYI,2016. ABIA,23328. UKWA WEST,143. OBOKWE,1001064. IKENYI
18mar2026,18mar2026,collect:fapOpudI7xYzcgX8,1001065,,,23,33,UNEMPLOYMENT,NO MONEY TO TRAIN CHILDREN IN SCHOOL,NO MONEY TO START BUSINESS,NO SHELTER AND COLLAPSED ROOF,PHYSICALLY CHALLENGED PERSONS,2,1,1,1,1,1,1,1,1,56,5.0609721,7.2581313,84.73413086,3.9,23ed4356-3385-4900-a470-24d7cc020987,20mar2026,8,1001065,1075,ABIA,UKWA WEST,OBOKWE,UMUAKWA,2016. ABIA,23328. UKWA WEST,143. OBOKWE,1001065. UMUAKWA
20mar2026,20mar2026,collect:fapOpudI7xYzcgX8,1001066,,,15,20,UNEMPLOYMENT,NO MONEY TO TRAIN CHILDREN,NO MONEY TO START BUSINESS,PHYSICALLY CHALLENGED PERSONS,NO MONEY TO GO FOR MEDICAL,2,1,1,1,1,1,1,1,1,38,5.0662757,7.2663568,77.38934326171875,4.288,b6d0e268-ddfb-400e-8e83-c57677c6a948,20mar2026,11,1001066,1081,ABIA,UKWA WEST,OBOKWE,UMUGURU,2016. ABIA,23328. UKWA WEST,143. OBOKWE,1001066. UMUGURU
25mar2026,25mar2026,collect:tXybH440FHdviuG1,1001067,21mar2026,CHAIRMAN RESIDENCE UMUIKAA VILLAGE OBOKWE,8,12,INABILITY TO TRAIN OUR CHILDREN IN SCHOOL,INABILITY TO TREAT OUR CHILDREN WHEN SICK,UNEMPLOYMENT,INABILITY TO HAVE THREE SQUARE MEAL A DAY,NO SHELTER AND COLLAPSED ROOF,3,0,1,1,1,0,0,0,0,18,5.0621117,7.2657767,71.56347656,4.931,6648b415-bc27-40e5-bf71-b79636b9e056,25mar2026,39,1001067,1080,ABIA,UKWA WEST,OBOKWE,UMUIKAA,2016. ABIA,23328. UKWA WEST,143. OBOKWE,1001067. UMUIKAA
17mar2026,19mar2026,collect:fapOpudI7xYzcgX8,1001068,,,15,15,UNEMPLOYMENT,NO MONEY TO TRAIN CHILDREN IN SCHOOL,NO MONEY TO START BUSINESS,NO SHELTER COLLAPSED ROOF,PHYSICALLY CHALLENGED PERSONS,2,1,1,1,1,1,1,1,1,32,5.060228,7.2692233,62.92388916015625,4.808,03ab6051-f89e-4c80-8f7a-bef2d84fed6e,20mar2026,10,1001068,1077,ABIA,UKWA WEST,OBOKWE,UMUINWERE,2016. ABIA,23328. UKWA WEST,143. OBOKWE,1001068. UMUINWERE
16mar2026,25mar2026,collect:tXybH440FHdviuG1,1001069,16mar2026,UMUNDUGU VILLAGE HALL,68,50,INABILITY TO EAT THRICE A DAY,NO MONEY TO START BUSINESS,UNEMPLOYMENT,PHYSICAL CHALLENGED PERSONS,NO MONEY TO TRAIN CHILDREN IN SCHOOL,3,0,1,1,1,0,0,0,0,62,5.0529827,7.2728839,83.42919922,3.216,deab2337-c55b-42a4-8763-87cc1324c324,25mar2026,40,1001069,1074,ABIA,UKWA WEST,OBOKWE,UMUNDUGU,2016. ABIA,23328. UKWA WEST,143. OBOKWE,1001069. UMUNDUGU
18mar2026,21mar2026,collect:tXybH440FHdviuG1,1001070,18mar2026,UMUOKA VILLAGE COUNCIL HALL,24,28,NO MONEY TO TRAIN OUR CHILDREN IN SCHOOL,NO HOSPITAL TO TREAT OUR SICK PEOPLE,INABILITY TO BUILD OUR OWN BUILDINGS,NO WORK FOR OUR YOUTHS,NO MONEY TO HAVE THREE SQUARE MEALS PER DAY,3,0,1,1,1,0,0,0,0,48,5.0625328,7.2619213,56.5501709,4.716,aa470491-d24e-45c6-9fea-2a59e9ca0ee5,25mar2026,27,1001070,1076,ABIA,UKWA WEST,OBOKWE,UMUOKA,2016. ABIA,23328. UKWA WEST,143. OBOKWE,1001070. UMUOKA
24mar2026,24mar2026,collect:tXybH440FHdviuG1,1001071,24mar2026,UMUOPERE VILLAGE COUNCIL HALL OBOKWE,35,37,UNEMPLOYMENT,WIDOW NEEDING MATRIAL AND FINANCIAL SUPPORT,NO MONEY TO TRAIN CHILDREN IN SCHOOL,NO MONEY TO START BUSINESS,INABILITY TO EAT THRICE A DAY,3,0,1,1,1,0,0,0,0,72,5.0635079,7.2694402,77.47009277,4.502,4517a8b6-56db-4e88-a991-3d0ae6e7c861,25mar2026,28,1001071,1078,ABIA,UKWA WEST,OBOKWE,UMUOPERE,2016. ABIA,23328. UKWA WEST,143. OBOKWE,1001071. UMUOPERE
26mar2026,29mar2026,collect:3S3l8owGDdyC5VVC,1001104,26mar2026,METHODIST PRIMARY SCHOOL EGWUMA,61,76,POOR ROAD NETWORK,FREQUENCY OF NATURAL DISASTERS,LACK OF ACCESS TO ELECTRICITY,OUT OF SCHOOL RATE,NO ACCESS TO HEALTH FACILITIES,4,0,1,1,1,1,0,0,0,137,7.9033833,7.7329683,130.2,4.25,f7197c6b-e847-4c8d-baea-576f7509e75a,29mar2026,55,1001104,13,BENUE,AGATU,OGWULE-OGBAULU,EGWUMA,2022. BENUE,23434. AGATU,1461. OGWULE OGBAULU,1001104. EGWUMA
17apr2026,17apr2026,collect:VU4I44IJ6co8S7SA,1001105,17apr2026,IBADO MKT SQUARE,258,258,NO FUNCTIONAL SCHOOL,No WATER FACILITIES,No ACCESS ROAD,NO HOSPITAL,NO POLICE POST,4,0,1,1,1,1,0,0,0,258,7.7666067,7.70627,259,4.58,e9ce10f0-dd0a-41b5-b74c-0742167584b5,17apr2026,112,1001105,11,BENUE,AGATU,OGWULE-OGBAULU,IBADO,2022. BENUE,23434. AGATU,1461. OGWULE OGBAULU,1001105. IBADO
25mar2026,16apr2026,collect:wsHZyz9GRknZbr8h,1001106,25mar2026,MARKET SQUARE,107,136,LACK OF GOOD ROAD,NO HUSPITAL,MALNUTRITION,NO POLICE OUT POST,LACK OF EDUCATION,3,0,1,1,1,0,0,0,0,243,7.8638435,7.7668296,168,4.933,148aee39-a6cc-4419-8b14-254f9fdde448,16apr2026,108,1001106,12,BENUE,AGATU,OGWULE-OGBAULU,OGWULE-ANKPA,2022. BENUE,23434. AGATU,1461. OGWULE OGBAULU,1001106. OGWULE-ANKPA
26mar2026,16apr2026,collect:wsHZyz9GRknZbr8h,1001106,26mar2026,METHODIST PRIMARY SCHOOL USHA,317,512,No HUSPITAL,LACK OF EDUCATION,MAlNUTRITION,LACK OF GOOD ROAD,NO POLICE OUT POST,3,0,1,1,1,0,0,0,0,829,7.9344272,7.827288,93.59999999999999,3.36,4c2f6da1-53e8-4590-aaf2-2a4e674069c8,16apr2026,109,1001106,12,BENUE,AGATU,OGWULE-OGBAULU,OGWULE-ANKPA,2022. BENUE,23434. AGATU,1461. OGWULE OGBAULU,1001106. OGWULE-ANKPA
24mar2026,02apr2026,collect:VU4I44IJ6co8S7SA,1001107,24mar2026,Primary school compound,218,313,Poor water facility,Poor road network,,Poor Haelth facilities,School drop out,4,0,1,1,1,1,0,0,0,531,7.8831572,7.7799946,129.7,4.816,c514bb73-9cbc-4d5a-ba8b-c7ca4cb8a3ff,03apr2026,95,1001107,15,BENUE,AGATU,OGWULE-OGBAULU,OGWULE-OGBAUKLU,2022. BENUE,23434. AGATU,1461. OGWULE OGBAULU,1001107. OGWULE-OGBAUKLU
27mar2026,29mar2026,collect:3S3l8owGDdyC5VVC,1001108,27mar2026,OKPAGABI MARKET SQUARE,84,119,NO ACCESS TO HEALTH FACILITIES,NO ACCESS TO FUNCTIONAL SCHOOL,NO ACCESS TO WATER,FREQUENCY OF NATURAL DISASTERS,NO ACCESS TO COMMUNICATION SERVICE COVERAGE,4,0,1,1,1,1,0,0,1,104,7.7936697,7.7649566,171.1,4.475,5dfbd501-28eb-45f7-b4da-e6ac93d61339,29mar2026,56,1001108,14,BENUE,AGATU,OGWULE-OGBAULU,OKPAGABI,2022. BENUE,23434. AGATU,1461. OGWULE OGBAULU,1001108. OKPAGABI
24mar2026,16apr2026,collect:wsHZyz9GRknZbr8h,1001109,24mar2026,AKPEKO1 MARKET SQUARE,93,150,NO POLICE OUT POST,MALNUTRITION,LACK OF EDUCATION,NO Huspital,LACK OF GOOD ROAD,3,0,1,1,1,0,0,0,0,223,7.8970528,8.110719599999999,94.2,4.925,45fcc40b-ca95-4523-9089-973345a99f62,16apr2026,107,1001109,1,BENUE,AGATU,OKOKOLO,AKPEKO1,2022. BENUE,23434. AGATU,1455. OKOKOLO,1001109. AKPEKO1
24mar2026,30mar2026,collect:7rD57M7Gcp4klokf,1001110,24mar2026,LGEA PRIMARY SCHOOL AKPEKO 2,87,99,LACK OF ACCESS TO ELECTRICITY,LACK OF ACCESS TO FUNCTIONAL SCHOOL,ACCESS TO HEALTH FACILITIES,SOURCE OF WATER,FREQUENCY OF NATURAL DISASTERS,4,0,1,1,1,1,0,0,0,186,7.9049838,8.135659199999999,165.857,3.199,7b6a4563-0139-4627-b5ad-63a07b5f6361,30mar2026,62,1001110,2,BENUE,AGATU,OKOKOLO,AKPEKO2,2022. BENUE,23434. AGATU,1455. OKOKOLO,1001110. AKPEKO2
23mar2026,23mar2026,collect:VU4I44IJ6co8S7SA,1001111,23mar2026,Market square,183,168,Lack of water,School drop out,No hospital,Lack of insecurity,No police post,4,1,1,1,1,1,0,0,0,351,7.86915,8.061456700000001,88.8,5,d2162e94-49c2-44aa-b06f-08612142ae77,23mar2026,1,1001111,4,BENUE,AGATU,OKOKOLO,AKWU,2022. BENUE,23434. AGATU,1455. OKOKOLO,1001111. AKWU
23mar2026,30mar2026,collect:7rD57M7Gcp4klokf,1001112,23mar2026,OKOKOLO MARKET SQUARE,191,407,ACCESS TO HEALTH FACILITIES,ACCESS TO FUNCTIONAL SCHOOLS,OUT OF SCHOOL RATE,ACCESS TO ELECTRICITY,FREQUENCY OF NUTRITIONAL DISASTER,4,0,1,1,1,1,0,0,0,598,7.8660473,8.095155699999999,92.28,1.576,503b5121-e506-4658-9871-577545a6f365,30mar2026,61,1001112,5,BENUE,AGATU,OKOKOLO,OKOKOLO,2022. BENUE,23434. AGATU,1455. OKOKOLO,1001112. OKOKOLO
23mar2026,16apr2026,collect:wsHZyz9GRknZbr8h,1001113,23mar2026,OLEGOMAKWUL LGEA PRIMARY SCHOOL,51,14,MALNUTRITION,NO POLICE OUT POST,LACK OF EDUCATION,NO HOSPITAL,LACK OF GOOD ROAD,3,0,1,1,1,0,0,0,0,65,7.8930496,8.140091699999999,89.8,4.78,6276a6d8-b7c4-4d9a-a491-bbacc633a929,16apr2026,111,1001113,3,BENUE,AGATU,OKOKOLO,OLEGOMAKWU,2022. BENUE,23434. AGATU,1455. OKOKOLO,1001113. OLEGOMAKWU
04apr2026,16apr2026,collect:wsHZyz9GRknZbr8h,1001114,23mar2026,METHODIST CHORCH OBANOWA,98,85,,NO POLICE OUT POST,LACK OF GOOD ROAD,MALNUTRITION,LACK OF EDUCATION,3,0,1,1,1,0,0,0,0,183,7.889683,7.9053615,93.5,3.78,93c9a48f-6001-4ff1-86d0-2a23367b3286,16apr2026,110,1001114,6,BENUE,AGATU,USHA,OBANOWA,2022. BENUE,23434. AGATU,1452. USHA,1001114. OBANOWA
04apr2026,05apr2026,collect:uLk77Bu7C0TqWoyL,1001115,04apr2026,OGAM MARKET SQUARE AGATU,110,160,LACK OF WATER ,SCHOOL DROP OUT,NO HOSPITAL ,LACK OF INSECURITY ,LACK OF INSECURITY OUT POST,4,1,1,1,1,0,0,0,0,270,7.9094617,7.8290333,85.8,4.86,da3d2319-ffba-4a21-8f04-37baad90e740,06apr2026,104,1001115,8,BENUE,AGATU,USHA,OGAM,2022. BENUE,23434. AGATU,1452. USHA,1001115. OGAM
04apr2026,04apr2026,collect:VU4I44IJ6co8S7SA,1001116,04apr2026,MARKET SQUA.,109,91,Poor Haelth facilities,No Access Road,No water facility,No functional school,No security post,4,0,1,1,1,1,0,0,0,198,7.9365068,7.8212939,83.2,4.8,a819f6ca-63a3-4514-bc4c-65aeee8a9456,04apr2026,98,1001116,7,BENUE,AGATU,USHA,OGWUFA,2022. BENUE,23434. AGATU,1452. USHA,1001116. OGWUFA
28mar2026,30mar2026,collect:7rD57M7Gcp4klokf,1001117,28mar2026,OWETO PLAY GROUND,187,132,POOR ROAD NETWORK,FREQUENCY OF NATURAL DISASTERS,LACK OF ACCESS TO ELECTRICITY,OUT OF SCHOOL RATE,NO ACCESS TO HEALTH FACILITIES,4,0,1,1,1,1,0,0,0,319,7.9652614,7.8247431,98.003,2.381,eaec8193-95d7-4c4d-81c2-0b591c503fba,30mar2026,63,1001117,10,BENUE,AGATU,USHA,OWETO,2022. BENUE,23434. AGATU,1452. USHA,1001117. OWETO
25mar2026,25mar2026,collect:fV3U2lIpdJJ2E8DB,1001119,26mar2026,VILLAGE SQUARE,50,80,CHILDREN ARE NOT IN SCHOOL,CHILDREN ARE MALNOURISHED,THEY FACE DISCRIMINATION OR EXCLUSION,NO STEADY WORK,THERE IS HUNGER IN THE HOME,3,0,1,1,1,0,0,0,0,90,7.674763,7.7795812,286.062,1.609,92b31218-a9fb-493b-b30c-72aa3dfb5e0a,27mar2026,32,1001119,20,BENUE,APA,IGORO,EFU-OKPAKACHI,2022. BENUE,23435. APA,1463. IGORO,1001119. EFU-OKPAKACHI
25mar2026,25mar2026,collect:fV3U2lIpdJJ2E8DB,1001120,27mar2026,MARKET SQUARE,70,90,NO STEADY WORK,NO CLEAN WATER OR TOILET,HOUSE IS LEAKING OR UNSAFE,THERE IS HUNGER IN THE HOME,CHILDREN ARE NOT IN SCHOOL,3,0,1,1,1,0,0,0,0,130,7.6753952,7.7783716,283.09,2.045,1dbe4237-249f-4560-b854-c959b7789379,27mar2026,33,1001120,17,BENUE,APA,IGORO,FIRST-LOKOJA,2022. BENUE,23435. APA,1463. IGORO,1001120. FIRST-LOKOJA
28mar2026,29mar2026,collect:fV3U2lIpdJJ2E8DB,1001121,28mar2026,VILLAGE SQUARE,320,480,FAMILY MEMBERS CANNOT GET TREATMENT WHEN SICK,THERE IS HUNGER IN THE HOME,CHILDREN ARE MALNOURISHED,NO STEADY WORKk,CHILDREN ARE NOT IN SCHOOL,3,0,1,1,1,0,0,0,0,565,7.6872858,7.7531147,171.0000152587891,2.805,5c4dd86b-377f-4634-b204-5312b12d44f9,29mar2026,51,1001121,19,BENUE,APA,IGORO,FIRST-OLOJEPA,2022. BENUE,23435. APA,1463. IGORO,1001121. FIRST-OLOJEPA
24mar2026,26mar2026,collect:Dkf749QKwCYgVV66,1001122,24mar2026,Chief Daniel Compound,33,48,,Children are malnourished,House is linkage or unsafe,,No steady work,3,0,1,1,1,0,0,0,0,30,7.6706121,7.7866558,245.8,4.266,3046839c-2837-414b-b5b2-daf8aff76ded,25mar2026,20,1001122,16,BENUE,APA,IGORO,OPE-OKPAKACHI,2022. BENUE,23435. APA,1463. IGORO,1001122. OPE-OKPAKACHI
25mar2026,25mar2026,collect:fV3U2lIpdJJ2E8DB,1001123,25mar2026,Village Square,40,55,HOUSE IS LEAKING,NO CLEAN WATER,CHILDREN ARE NOT IN SCHOOL,CHILDREN ARE MALNOURISHED,THEY IS HUNGER IN THE HOME,3,0,1,1,1,0,0,0,0,78,7.6715685,7.7850067,285.161,1.137,3ddac72b-1282-4eae-8930-970cbc25b3e3,27mar2026,31,1001123,18,BENUE,APA,IGORO,SECOND-ZARIA,2022. BENUE,23435. APA,1463. IGORO,1001123. SECOND-ZARIA
26mar2026,29mar2026,collect:Nzf1AEq0S3x0e2GT,1001124,26mar2026,Public square,160,240,No pipe born water,No steady work,Children out of school,No Heath facility,House is leaking or unsafe,378,1,1,1,1,1,0,0,0,350,7.5285801,7.8183455,310.304,1.588,23b826c6-74ce-4634-a40e-ec5dd72dccb0,29mar2026,47,1001124,24,BENUE,APA,OBA,ICHO-EKLA,2022. BENUE,23435. APA,1470. OBA,1001124. ICHO-EKLA
25mar2026,28mar2026,collect:lNFyTCoC9CLmxSRN,1001125,25mar2026,JERICHO PUBLIC SQUARES,40,53,CHILDREN ARE NOT IN SCHOOL,CHILDREN ARE MANOURISHED,FAMILY MEMBERS CANNOTGET TREATMENT WHEN SICK,THERE IS HUNGER IN THE HOME,HOUSE IS LEAKING  OR UNSAFED,115,1,1,1,0,1,0,0,0,37,7.5641651,7.8034371,247.3000030517578,4.6,1282d0ae-1bf5-408e-8092-f384f37de88f,28mar2026,43,1001125,22,BENUE,APA,OBA,ICHO-JERICO,2022. BENUE,23435. APA,1470. OBA,1001125. ICHO-JERICO
18mar2026,28mar2026,collect:lNFyTCoC9CLmxSRN,1001126,18mar2026,ITE PUBLIC SQUARES,45,38,CHILDREN ARE NOT IN SCHOOL,THERE IS HUNGER IN THE HOME,NO CLEAN WATER,HOUSE LEAKING OR UNSAFE,NO STEADY WORK,4,1,1,1,1,0,0,0,0,39,7.6694169,7.8824753,187.2000122070312,4.833,c5b37fdf-49f6-4a19-8e85-8536ce9a3717,28mar2026,45,1001126,23,BENUE,APA,OBA,ITE-OKPODA,2022. BENUE,23435. APA,1470. OBA,1001126. ITE-OKPODA
26mar2026,29mar2026,collect:Nzf1AEq0S3x0e2GT,1001127,26mar2026,Public square,73,85,No steady work,No clean water or toilets,There is hunger in the home,Children are not in schools,No medical care,4,1,1,1,1,0,0,0,0,143,7.5387901,7.8331063,261.463,1.852,df8a8f82-7dc3-479e-b41d-ff5efe3fd143,29mar2026,46,1001127,21,BENUE,APA,OBA,OJIJI-AJIBE,2022. BENUE,23435. APA,1470. OBA,1001127. OJIJI-AJIBE
25mar2026,28mar2026,collect:lNFyTCoC9CLmxSRN,1001128,25mar2026,A LIFETI MARKET SQUARE,90,100,NO PIPE BORN WATER,NO STEADY WORK,CHILDREN ARE OUT OF SCHOOL,HOUSE NOT SAFE FOR LEVING,NO HEALTH FACILITIES,137,1,1,1,1,0,0,0,0,137,7.5450862,7.7485258,332.1000061035156,4.9,41268be0-763d-4ff7-849e-5a42e1a2501a,28mar2026,44,1001128,25,BENUE,APA,OBA,OKWULUKWU-ALIFETI,2022. BENUE,23435. APA,1470. OBA,1001128. OKWULUKWU-ALIFETI
24mar2026,28mar2026,collect:1WHlu8EKZKuTrFRz,1001129,24mar2026,Efu Aholundo open space,150,188,Children are not in school,House is leaking or unsafe,No clean water or toilet,There is hunger in the home,Family members cannot get treated when sick,3,0,1,1,1,0,0,0,0,240,7.733115,7.8858417,203.4,4.32,15969c52-59b7-42bb-87b5-6a77f6ae6b4d,28mar2026,40,1001129,29,BENUE,APA,OJANTELLE-AKPETE,EFU-AHOLUNDO,2022. BENUE,23435. APA,1462. AKPETE/OJANTELLE,1001129. EFU-AHOLUNDO
26mar2026,28mar2026,collect:1WHlu8EKZKuTrFRz,1001130,26mar2026,Eigeche Odeto open space,142,181,No steady work,House is leaking or unsafe,No clean water or toilet,They face discrimination or exclusion,Children are malnourished,4,0,1,1,1,1,0,0,0,243,7.7414967,7.88049,184.4,4.9,238dc492-c698-413d-b3cc-d09eeb435db1,28mar2026,38,1001130,27,BENUE,APA,OJANTELLE-AKPETE,EIGECHE-ODETO,2022. BENUE,23435. APA,1462. AKPETE/OJANTELLE,1001130. EIGECHE-ODETO
27mar2026,28mar2026,collect:1WHlu8EKZKuTrFRz,1001131,27mar2026,Ochi okwulukwu Open space,178,198,There is hunger in the home,Children are not in school,House is leaking or unsafe,No steady work,No clean water or toilet,4,0,1,1,1,1,0,0,0,276,7.7399267,7.8807367,176.6,4.483,abb31e9a-03af-4372-9b01-36913c4fe7bb,28mar2026,37,1001131,30,BENUE,APA,OJANTELLE-AKPETE,OCHI-OKWULUKWU,2022. BENUE,23435. APA,1462. AKPETE/OJANTELLE,1001131. OCHI-OKWULUKWU
25mar2026,28mar2026,collect:1WHlu8EKZKuTrFRz,1001132,25mar2026,Ojabu open space,135,170,Children are not in school,There is hunger in the home,House is leaking or unsafe,No clean water or toilet,No steady work,4,0,1,1,1,1,0,0,0,226,7.7354233,7.8843733,183.8,4.883,11938792-7887-4853-97c9-b060ea8d912b,28mar2026,39,1001132,28,BENUE,APA,OJANTELLE-AKPETE,OJABU-OJANTELLE,2022. BENUE,23435. APA,1462. AKPETE/OJANTELLE,1001132. OJABU-OJANTELLE
28mar2026,28mar2026,collect:1WHlu8EKZKuTrFRz,1001133,28mar2026,Okonokpa Odeto open space,110,165,No clean water or toilet,No steady work,There is hunger in the home,House is leaking or unsafe,Children are not in school,3,0,1,1,1,0,0,0,0,141,7.7420483,7.8802567,172.7,4.583,33038d20-de9b-44a5-923d-d2dc1ab8aa36,28mar2026,36,1001133,26,BENUE,APA,OJANTELLE-AKPETE,OKONOKPA-ODETO,2022. BENUE,23435. APA,1462. AKPETE/OJANTELLE,1001133. OKONOKPA-ODETO
25mar2026,25mar2026,collect:n4Ca09q07kl1t5IV,1001134,25mar2026,HEGE MARKET SQUARE,65,47,Children are not in school,Manutrition,Family members cannot get treatment when sick,There is hunger in the home,House is leaking or unsafe,4,0,1,1,1,1,0,0,1,102,7.6102725,8.6676789,160.781,2.019,bbf22d6d-0cd7-4bf4-85f1-ff0e077e217c,25mar2026,16,1001134,34,BENUE,GWER-EAST,GBEMACHA,CATHOLIC-MISSION-HEGE,2022. BENUE,23439. GWER EAST,1526. GBEMACHA,1001134. CATHOLIC-MISSION-HEGE
24mar2026,24mar2026,collect:n4Ca09q07kl1t5IV,1001135,24mar2026,ZAKI ATIRGA ANANDE RESIDENCE,48,34,Children are not in school,Malnutrition,Family members cannot get treatment when sick,There is hunger in the home,House is leaking or unsafe,4,0,1,1,1,1,0,0,1,82,7.6085582,8.6653383,138.896,2.008,e7d341bc-fcc4-460d-ba29-aa863af17a07,24mar2026,8,1001135,32,BENUE,GWER-EAST,GBEMACHA,CHE-AJU,2022. BENUE,23439. GWER EAST,1526. GBEMACHA,1001135. CHE-AJU
26mar2026,27mar2026,collect:n4Ca09q07kl1t5IV,1001137,26mar2026,AKORGA TUGHGBA RESIDENCE,58,48,Children are not in school,Children are malnourished,Family members cannot get treatment when sick,There is hunger in the home,House is leaking or unsafe,4,0,1,1,1,1,0,0,1,106,7.615482,8.6636612,148.772,2.39,c43b1f5c-47e8-40f8-92c7-21cd3c0616ed,28mar2026,35,1001137,31,BENUE,GWER-EAST,GBEMACHA,ONMBAKUMEKOUGH,2022. BENUE,23439. GWER EAST,1526. GBEMACHA,1001137. ONMBAKUMEKOUGH
22mar2026,23mar2026,collect:n4Ca09q07kl1t5IV,1001138,23mar2026,Tyoor Amirshol Residence Gbemacha,64,49,Children are not in school,,Family members cannot get treatment when sick,There is hunger in the home,House is leaking or unsafe,4,0,1,1,1,1,0,0,1,113,7.6130864,8.6493526,217.428,2.706,20ca5ece-083c-4041-8518-c9e43ae56791,23mar2026,3,1001138,33,BENUE,GWER-EAST,GBEMACHA,ONMBASHUA,2022. BENUE,23439. GWER EAST,1526. GBEMACHA,1001138. ONMBASHUA
23mar2026,24mar2026,collect:7Yr2WInBrFsbVx5N,1001139,23mar2026,Zaki Nege's Compound,67,36,Health and nutrition,Education and child development,Standard of living,Work and shocks,Unemployment,4,0,1,1,1,1,0,0,0,103,7.2092934,8.324730600000001,140.316,3.388,940a2235-9950-4974-b34f-b9e59329b83f,24mar2026,6,1001139,50,BENUE,GWER-EAST,IKYOGBAJIR,AYABUBA1,2022. BENUE,23439. GWER EAST,1516. IKYOGBAJIR,1001139. AYABUBA1
31mar2026,02apr2026,collect:tJ09SfXHLsKyqW2I,1001140,31mar2026,ANGBIANYE MARKET SQUARE,90,112,No access road to the community,No water for home usage,No health facilities,No access to educational school,No electricity,3,0,1,1,1,0,0,0,0,202,7.2149536,8.371402700000001,129.3260498046875,4.824,bf68ec9b-df9d-4076-ba1a-e283439da1a4,02apr2026,91,1001140,47,BENUE,GWER-EAST,IKYOGBAJIR,MBAATSONGU,2022. BENUE,23439. GWER EAST,1516. IKYOGBAJIR,1001140. MBAATSONGU
26mar2026,29mar2026,collect:tJ09SfXHLsKyqW2I,1001141,26mar2026,AYEGH SHIMA COMPOUND,108,116,LACK OF GOOD SHELTER,LACK OF GOOD FOOD,LACK OF GOOD SCHOOL,POOR HEALTH FACILITY,UNEMPLOYMENT,3,0,1,1,1,0,0,0,0,221,7.2379163,8.3207988,81.53063965,4.288,fb275463-c08a-4320-98ad-28f715badbb3,29mar2026,58,1001141,46,BENUE,GWER-EAST,IKYOGBAJIR,MBADYUM,2022. BENUE,23439. GWER EAST,1516. IKYOGBAJIR,1001141. MBADYUM
24mar2026,25mar2026,collect:7Yr2WInBrFsbVx5N,1001142,24mar2026,Tomatar,90,87,Health and Nutrition,Education and Child Development,Living standard,Work and Shocks,Lack of farm imputs,4,0,1,1,1,0,0,0,0,178,7.2241516,8.324628300000001,147.329,2.284,9bd85a3e-f747-4a42-aace-3fa3868fd4c4,25mar2026,15,1001142,48,BENUE,GWER-EAST,IKYOGBAJIR,UGEDE1,2022. BENUE,23439. GWER EAST,1516. IKYOGBAJIR,1001142. UGEDE1
25mar2026,26mar2026,collect:7Yr2WInBrFsbVx5N,1001143,25mar2026,Zaki Tila's Compound,101,73,Health and Nutrition,Education and Child development,Standard of living,Work and Shocks,No good roads,3,0,1,1,1,0,0,0,0,164,7.2310804,8.3335135,157.596,1.757,6ed91d50-6d29-4172-83d8-3c23883c2763,26mar2026,21,1001143,49,BENUE,GWER-EAST,IKYOGBAJIR,UGEDE2,2022. BENUE,23439. GWER EAST,1516. IKYOGBAJIR,1001143. UGEDE2
30mar2026,02apr2026,collect:Zov5miQLFhXma4e6,1001144,02apr2026,IJil  Viha compound,64,101,Widows without support,Lack of good water,Lack of educational facilities,No primary health care,Lack of improved agriculture imputs,3,0,1,1,1,0,0,0,0,165,7.2410028,8.391468,145,4.966,dc40a9a2-11e8-461d-ae29-a0b5818e139a,02apr2026,90,1001144,41,BENUE,GWER-EAST,MBAYOM,NYAM-IGBA,2022. BENUE,23439. GWER EAST,1517. MBAYOM,1001144. NYAM-IGBA
30mar2026,30mar2026,collect:tJ09SfXHLsKyqW2I,1001145,30mar2026,JUSTIN ANULA KEGHKU,117,105,Lack of good road,No good hospital,No electricity,Poor educational school s,No good water,4,1,1,1,1,0,0,0,0,222,7.2618723,8.403866799999999,171.8721313476562,4.645,80245fc2-66fe-4eff-b63d-581ffd4f1241,01apr2026,82,1001145,45,BENUE,GWER-EAST,MBAYOM,ONMBAAGBANOR1,2022. BENUE,23439. GWER EAST,1517. MBAYOM,1001145. ONMBAAGBANOR1
31mar2026,31mar2026,collect:n4Ca09q07kl1t5IV,1001146,31mar2026,ZAKI NYITAR KULAYEMEN RESIDENCE,125,104,CHILDREN ARE NOT IN SCHOOL,CHILDREN ARE MALNOURISHED,FAMILY MEMBERS CANNOT GET TREATMENT WHEN SICK,LEAKING ROOF TOPS,POOR HEALTH FACILITIES,4,1,0,0,1,0,0,1,1,229,7.2292499,8.395925200000001,132.133,2.39,255b482d-baeb-413f-8d4c-72dc0f038184,01apr2026,83,1001146,43,BENUE,GWER-EAST,MBAYOM,TSE-ACHAGH,2022. BENUE,23439. GWER EAST,1517. MBAYOM,1001146. TSE-ACHAGH
01apr2026,01apr2026,collect:n4Ca09q07kl1t5IV,1001146,31mar2026,ZAKI KURAYEMEN  NYITAR,125,104,Poor health facilities,No hospital,No steady work,Malnourished children,Bad health facilities,4,1,1,0,1,1,0,0,0,229,7.30268,8.4837585,162.22,2.345,088815c2-3c0b-4728-a77b-32f48af5373c,01apr2026,85,1001146,43,BENUE,GWER-EAST,MBAYOM,TSE-ACHAGH,2022. BENUE,23439. GWER EAST,1517. MBAYOM,1001146. TSE-ACHAGH
30mar2026,30mar2026,collect:7Yr2WInBrFsbVx5N,1001147,30mar2026,ZAKI ASHEZUA's RESIDENCE ,59,56,Lack of clean water ,Poor health facilities ,Lack of motorable roads ,Lack of good shelter ,Poor access to good Schools,3,0,1,1,1,0,0,0,0,115,7.2320103,8.3837001,133.411,0.713,e654116d-c933-49cc-9a7b-d5b617aa3161,30mar2026,60,1001147,44,BENUE,GWER-EAST,MBAYOM,TSE-JUAMA,2022. BENUE,23439. GWER EAST,1517. MBAYOM,1001147. TSE-JUAMA
31mar2026,31mar2026,collect:vIF40K1bnKQOHNco,1001148,31mar2026,TYUNGU VINCENT RESIDENCE,152,106,Unable to feed well,Widows without support,Poor housing units,Lack of farming inputs,Lack of money to send children to school,3,0,1,1,1,0,0,0,0,258,7.24175,8.389798300000001,149.6,2.6,2a8027a2-3cfd-402a-aa9f-e7324573e28f,31mar2026,80,1001148,42,BENUE,GWER-EAST,MBAYOM,TSE-NATU-TSE-VANGER,2022. BENUE,23439. GWER EAST,1517. MBAYOM,1001148. TSE-NATU-TSE-VANGER
25mar2026,25mar2026,collect:Zov5miQLFhXma4e6,1001149,25mar2026,Tse Abur,210,94,Poor housing,Lack of medical facilities,Lack of food,Lack of educational facilities,Lack of finance,3,0,1,1,1,0,0,0,0,210,7.5155883,8.620548299999999,199.1,2.837,eaae10e2-865f-4c82-89c0-3f52f9b9eeaf,02apr2026,92,1001149,36,BENUE,GWER-EAST,SHOUGH,CHE-ABUR-ONMBAAGUNE1,2022. BENUE,23439. GWER EAST,1525. SHOUGH,1001149. CHE-ABUR-ONMBAAGUNE1
23mar2026,31mar2026,collect:vIF40K1bnKQOHNco,1001150,23mar2026,Chihichan Market square,89,117,Poor road network,No good houses,Floor disaster,No good food,No functional school,3,0,1,1,1,0,0,0,0,230,7.5257032,8.6403173,206.6,3,fc7c928b-cd0d-4ee1-93db-c1603bf77cc2,31mar2026,77,1001150,37,BENUE,GWER-EAST,SHOUGH,CHIHICHAN-MBAAGUNE,2022. BENUE,23439. GWER EAST,1525. SHOUGH,1001150. CHIHICHAN-MBAAGUNE
26mar2026,26mar2026,collect:Zov5miQLFhXma4e6,1001151,26mar2026,MBAAVANDE-NOR-YANGE,104,102,Widows without support,Lack of farm imputs,Poor feeding due to Inadequate food,Lack of funds to send children to school,No good houses,3,0,1,1,1,0,0,0,0,206,7.5188183,8.607165,198.2,3.9,f3d29dc3-894e-45d1-b6d3-1fad05349d6c,19apr2026,113,1001151,38,BENUE,GWER-EAST,SHOUGH,MBAAVANDE1-NOR-IYANGE,2022. BENUE,23439. GWER EAST,1525. SHOUGH,1001151. MBAAVANDE1-NOR-IYANGE
29mar2026,31mar2026,collect:vIF40K1bnKQOHNco,1001152,29mar2026,JIMESHIOR RESIDENCE,73,71,Lack of farming inputs,Bad housing units,Bad transportation system,No access to health facilities,No good water,3,0,1,1,1,0,0,0,0,144,7.5172621,8.6592494,168.6,4.5,c0ead966-74bd-4771-8d10-aef73b5a6640,31mar2026,79,1001152,39,BENUE,GWER-EAST,SHOUGH,MBAAVANDE2-JORDOON,2022. BENUE,23439. GWER EAST,1525. SHOUGH,1001152. MBAAVANDE2-JORDOON
28mar2026,31mar2026,collect:vIF40K1bnKQOHNco,1001153,28mar2026,TSEBO MARKET SQUARE,286,221,THE BLIND WITHOUT A CARE GIVER,WIDOWS WITHOUT SUPPORT,UNABLE TO FARM DUE TO LACK OF FARM INPUTS,UNABLE TO FEED PROPERLY,UNABLE TO SEND CHILDREN TO SCHOOL,4,1,1,1,1,0,0,0,0,507,7.5523558,8.681649,157.2,4.866,8a2c4c75-cdd3-4830-a751-299f13906691,31mar2026,78,1001153,40,BENUE,GWER-EAST,SHOUGH,TSEBO,2022. BENUE,23439. GWER EAST,1525. SHOUGH,1001153. TSEBO
28mar2026,29mar2026,collect:nAJaxEbL0pxKJJt3,1001154,28mar2026,MBAABAJI,40,61,LACK OF PRIMARY AND POST PRIMARY SCHOOLS,LACK OF CLEAN WATER,UNEMPLOYMENT,LACK OF GOOD ROAD,LACK OF HEALTH FACILITIES,3,0,1,1,1,0,0,0,0,101,7.4835389,9.4029791,224.054,0.662,c03bb6c6-3b94-4a5a-88f8-4e299cf2751e,29mar2026,52,1001154,53,BENUE,LOGO,MBADYUL,MBAABAJI,2022. BENUE,23444. LOGO,1572. MBADYUL,1001154. MBAABAJI
24mar2026,29mar2026,collect:nAJaxEbL0pxKJJt3,1001155,24mar2026,ZAKI ORWON  TYOMEE,37,20,LACK OF CLEAN WATER,LACK OF GOOD HOUSES,No ACCESS RAOD,LACK OF SECONDARY SCHOOLS,LACK OF HEALTH FACILITIES,3,0,1,1,1,0,0,0,0,57,7.4917024,9.4194458,229.793,0.926,fd9b0828-d21e-48a3-babc-2e68b8c0e5ab,29mar2026,54,1001155,55,BENUE,LOGO,MBADYUL,MBAADAGI,2022. BENUE,23444. LOGO,1572. MBADYUL,1001155. MBAADAGI
27mar2026,29mar2026,collect:nAJaxEbL0pxKJJt3,1001156,27mar2026,ZAKI MLANGA OIRTEE,65,75,LACK OF CLEAN WATER,LACK OF ACCESS RAOD,LACK OF SCHOOLS,LACK OF HOSPITAL,SECURITY OFFICE,3,0,1,1,1,0,0,0,0,140,7.4983788,9.3971918,210.216,1.666,20c6d8a1-2cab-4828-bc53-63e6185454ec,29mar2026,53,1001156,54,BENUE,LOGO,MBADYUL,MBAAKAHA,2022. BENUE,23444. LOGO,1572. MBADYUL,1001156. MBAAKAHA
26mar2026,26mar2026,collect:nAJaxEbL0pxKJJt3,1001157,26mar2026,ZAKI ABO ADEJIR RESIDENCE,37,28,LACK OF CLEAN WATER,LACK OF SCHOOLS,LACK OF ELECTRICITY,LACK OF ACCESS RAOD,LACK OF SECURITY POST,3,0,1,1,1,0,0,0,0,68,7.4988396,9.4068866,226.942,1.201,a61c66af-6dbe-4d50-8c58-20b8f62018a6,26mar2026,23,1001157,52,BENUE,LOGO,MBADYUL,UDAM-MBAILIV,2022. BENUE,23444. LOGO,1572. MBADYUL,1001157. UDAM-MBAILIV
03apr2026,03apr2026,collect:ejXaesPctSN2Dwoo,1001159,03apr2026,Tse Ngutswen compound ,40,14,Have no access to health facilities ,Have no access to school ,Have no access to clean water and toilet ,Lacks of food production because of insecurity ,Have no access to good roads,3,0,1,1,1,0,0,0,0,54,7.7671863,9.3336256,241.195,2.673,2d563cc2-1c77-4856-b892-1ab83ff107c1,03apr2026,97,1001159,60,BENUE,LOGO,TSWAREV-UKEMBERAGYA,MBA-AKERA,2022. BENUE,23444. LOGO,1567. UKEMBERGYA/ISWAREV,1001159. MBA-AKERA
27mar2026,31mar2026,collect:ejXaesPctSN2Dwoo,1001160,27mar2026,"NKST, Kwe",108,37,Have no access to health facilities,Have no access to farm work as a result of insecurity,High rates of insecurity,Have no access to school,Have no access to clean water and toilets,3,0,1,1,1,0,0,0,0,145,7.7975535,9.328204700000001,141.394,2.21,4943abbb-5815-4613-b005-71f84b98651d,31mar2026,69,1001160,56,BENUE,LOGO,TSWAREV-UKEMBERAGYA,MBAAJI,2022. BENUE,23444. LOGO,1567. UKEMBERGYA/ISWAREV,1001160. MBAAJI
26mar2026,31mar2026,collect:ejXaesPctSN2Dwoo,1001161,26mar2026,RCM Chafu,46,17,High rates of insecurity,Have no access to health facilities,Have no access to school,No access to good road,Have no access to clean water and toilet,3,0,1,1,1,0,0,0,0,63,7.7631093,9.318382400000001,237.57,4.922,425b3b21-8dab-4679-8038-da72526ef794,31mar2026,68,1001161,59,BENUE,LOGO,TSWAREV-UKEMBERAGYA,MBACHAFU,2022. BENUE,23444. LOGO,1567. UKEMBERGYA/ISWAREV,1001161. MBACHAFU
02apr2026,02apr2026,collect:ejXaesPctSN2Dwoo,1001162,02apr2026,Tse Adaa Lijam,160,100,High rates of insecurity,Have no access to health facilities,Have no access to clean water and toilet,Have no access to good road,Have no access to school,4,0,1,1,1,1,0,0,0,260,7.8372131,9.328412500000001,195.48,4.929,6b42a5a5-4239-4422-be05-3243591d7bd6,02apr2026,89,1001162,58,BENUE,LOGO,TSWAREV-UKEMBERAGYA,MBASHOR,2022. BENUE,23444. LOGO,1567. UKEMBERGYA/ISWAREV,1001162. MBASHOR
28mar2026,31mar2026,collect:ejXaesPctSN2Dwoo,1001162,28mar2026,Tse Adaa Lijam,160,100,High rates of insecurity,Have no access to health facilities,Have no access to clean water and toilet,Have no access to school,Have no access to good road,4,0,1,1,1,1,0,0,0,260,7.8371834,9.3283127,215.837,3.627,675d101f-b2c4-45dc-85f7-f9b9bfb7bcfe,31mar2026,70,1001162,58,BENUE,LOGO,TSWAREV-UKEMBERAGYA,MBASHOR,2022. BENUE,23444. LOGO,1567. UKEMBERGYA/ISWAREV,1001162. MBASHOR
06apr2026,06apr2026,collect:FOzm3ZA9mMc7asmX,1001164,06apr2026,NKST CHURCH MBAABAJI,80,120,LACK OF WATER,LACK HEALTH FACILITY,LACK OF ELECTRICITY,LACK OF TELE POST COMMINATION SERVICES,LACK OF EDUCATION INSTITUTION,3,0,1,1,1,0,0,0,0,185,7.6354235,9.4200161,154.283,2.375,fd319df8-9872-40e3-a497-7d225cbcce8d,06apr2026,102,1001164,64,BENUE,LOGO,YONOV,MBAABAJI,2022. BENUE,23444. LOGO,1574. YONOV,1001164. MBAABAJI
05apr2026,06apr2026,collect:FOzm3ZA9mMc7asmX,1001165,05apr2026,"AONDOAKAA IBON COMPOUND,TSE IBON",74,70,LACK OF HEALTH FACILITY,LACK OF EDUCATION FACILITY,LACK OF FINANCIAL SERVICES,NO ACCESS ROADS,NO SOURCE OF WATER,3,0,1,1,1,0,0,0,0,144,7.6429022,9.3133444,159.151,1.712,ad368b68-fd94-4e0d-83de-eb5aa5f33578,06apr2026,99,1001165,62,BENUE,LOGO,YONOV,MBAADE,2022. BENUE,23444. LOGO,1574. YONOV,1001165. MBAADE
06apr2026,06apr2026,collect:FOzm3ZA9mMc7asmX,1001166,06apr2026,ZAKI MOSES KUMAGA KANGE COMPOUND,100,170,LACK OF HEALTH FACILITY,LACK OF ELECTRICITY,LACK OF SECURITY OUTPOST,LACK OF ACCESS ROAD,LACK OF PORTABLE WATER,3,0,1,1,1,0,0,0,0,259,7.6515723,9.365543000000001,211.43,3.842,b9a0acf5-b536-41e4-9fed-b02b60e540e2,06apr2026,103,1001166,63,BENUE,LOGO,YONOV,MBADISHA,2022. BENUE,23444. LOGO,1574. YONOV,1001166. MBADISHA
06apr2026,06apr2026,collect:FOzm3ZA9mMc7asmX,1001167,06apr2026,KPILE CHIAHEMBA,90,56,LACK HEALTH FACILITY,LACK OF EDUCATION FACILITY,NO ACCESS ROAD,LACK OF ELECTRICITY,LACK OF PORTABLE WATER,3,0,1,1,1,0,0,0,0,136,7.6097683,9.372656299999999,155.438,2.155,63a7f8af-c33c-4c1e-8594-2f04cc745d7a,06apr2026,101,1001167,65,BENUE,LOGO,YONOV,MBATSUM,2022. BENUE,23444. LOGO,1574. YONOV,1001167. MBATSUM
05apr2026,06apr2026,collect:FOzm3ZA9mMc7asmX,1001168,05apr2026,NENZEV - YONOV,70,95,LACK OF EDUCATION INSTITUTION,LACK OF HEALTH FACILITY,NO PORTABLE WATER,NO ACCESS ROAD,LACK OF BANKING FACILITY,3,0,1,1,1,0,0,0,0,111,7.6421902,9.301882600000001,166.933,1.301,4aa9325c-cdf5-4977-822f-771abff173a3,06apr2026,100,1001168,61,BENUE,LOGO,YONOV,NENZEV,2022. BENUE,23444. LOGO,1574. YONOV,1001168. NENZEV
26mar2026,27mar2026,collect:WcUyOH717xnnOSVu,1001169,26mar2026,PLAY GROUND,120,163,POOR ROAD NETWORK,NO FUNTIONAL SCHOOL,LACK OF HEALTH INSTITUTION,UNABLE TO FEED ADEQUATELY,HIGH RATE OF SCHOOL DROP OUT,3,0,1,1,1,0,0,0,0,283,7.0443426,8.264814700000001,79.908,3.048,3602111b-4625-442f-a329-fe3425132f79,27mar2026,25,1001169,66,BENUE,OBI,IRABI,ADEGA-CENTRAL,2022. BENUE,23446. OBI,1592. IRABI,1001169. ADEGA-CENTRAL
23mar2026,25mar2026,collect:p0ORoiPIXqdA75rb,1001170,23mar2026,CHIEF PALACE,61,98,LACK OF HEALTH FACILITIES,,MALNUTRITION,LACK OF FUNCTIONAL SCHOOLS,LACK OF SOCIAL AMENITIES,3,0,1,1,1,0,0,0,0,159,7.0491421,8.275922100000001,114.587,3.055,9aa188a0-31c8-41df-bde9-819d774dd0f5,25mar2026,11,1001170,67,BENUE,OBI,IRABI,ANYATUMA-IPINU,2022. BENUE,23446. OBI,1592. IRABI,1001170. ANYATUMA-IPINU
24mar2026,25mar2026,collect:p0ORoiPIXqdA75rb,1001171,24mar2026,PLAYGROUND,36,65,OUT OF SCHOOL CHILDREN,LACK OF SOCIAL AMERNITIES,NO ACCESS TO HEALTH FACILITIES,FIRE DESATER,MANUTRONTION,3,0,1,1,1,0,0,0,0,153,7.0504198,8.280146500000001,94.488,4.999,eb354ea9-af34-4bb2-81a0-479ed5a03057,25mar2026,12,1001171,68,BENUE,OBI,IRABI,ANYATUMA-UHIE-ONYAGEDE,2022. BENUE,23446. OBI,1592. IRABI,1001171. ANYATUMA-UHIE-ONYAGEDE
25mar2026,25mar2026,collect:WcUyOH717xnnOSVu,1001173,25mar2026,PALACE,98,144,Unable to access health facilities,Unable to feed adequately,No electricity ,High school drop out ,Poor Road network ,3,0,1,1,1,0,0,0,0,242,7.0518485,8.280715300000001,110.443,4.993,89c04e42-812b-4b8a-92a9-4948ed494c61,25mar2026,19,1001173,70,BENUE,OBI,IRABI,ANYOKO-OBIJAGO,2022. BENUE,23446. OBI,1592. IRABI,1001173. ANYOKO-OBIJAGO
23mar2026,28mar2026,collect:qJZCHCm21aXZSb9J,1001174,24mar2026,ASSEMBLY OF GOD CHURCH ABODE LAYOUT OBEKO,120,130,Poor road network,Poor water collection,Lack of good schools,Lack of good health insurance,Lack of fertilizer to improvement of lands for farming,250,1,1,1,1,1,1,1,1,250,7.0246016,8.3237396,101.965,4.944,9e08540e-da50-4522-9d08-b45f77c053ed,28mar2026,42,1001174,71,BENUE,OBI,OBEKO,ABODE-EJI,2022. BENUE,23446. OBI,1587. OBEKO,1001174. ABODE-EJI
26mar2026,27mar2026,collect:qJZCHCm21aXZSb9J,1001174,26mar2026,EVELYN NURSERY AND PRIMARY SCHOOL ABODE EJI,150,100,LACK OF GOOD ACCESS ROAD,LACK OF GOOD CLEAN WATER,POOR GOOD HEALTH CARE HOSPITAL,BAD  ACCESS NETWORK,LACK OF GOOD SCHOOL,2,1,1,1,1,1,0,0,0,250,6.9635162,8.3685589,145.275,3.545,618347f0-90ec-494e-85eb-5feebd79a463,28mar2026,41,1001174,71,BENUE,OBI,OBEKO,ABODE-EJI,2022. BENUE,23446. OBI,1587. OBEKO,1001174. ABODE-EJI
23mar2026,24mar2026,collect:qJZCHCm21aXZSb9J,1001175,23mar2026,ABODE TOWN HALL OBEKO,2,2,BAD NETWORK,LACK OF GOOD WATER,LACK OF GOOD HEALTH CARE FERTILITY,LACK OF GOOD SCHOOL IN THE COMMUNITY,THERE IS HUNGER IN THE HOME,2,1,1,1,1,1,0,0,0,294,6.9642387,8.3666681,173.836,4.957,0eeb4045-3cf5-4f5a-a5a5-c472fdc05b3d,25mar2026,10,1001175,72,BENUE,OBI,OBEKO,ABODE-IHIO,2022. BENUE,23446. OBI,1587. OBEKO,1001175. ABODE-IHIO
25mar2026,02apr2026,collect:inYiRTWgDIdO1b5N,1001177,25mar2026,C H C ABODE UHIE OBEKO,150,201,Lack of good health facilities,Lack of good school,Lack of good Road,Lack of good nutrition,Lack of clean water,2,1,1,1,1,1,0,0,0,361,6.969099,8.369956999999999,149.514,4.378,194cc13a-a56f-4318-8ce7-e0877c2a3ff2,02apr2026,88,1001177,74,BENUE,OBI,OBEKO,ABODE-OUHIE,2022. BENUE,23446. OBI,1587. OBEKO,1001177. ABODE-OUHIE
28mar2026,01apr2026,collect:qJZCHCm21aXZSb9J,1001178,28mar2026,CHIEF ISAAC IPKA PLACE ADONA EJII,2,1,LACK OF GOOD HEALTH CARE FERTILITY ,LIVING IN A POOR HOUSING UNIT,UNABLE TO ACCESS GOOD SOURCE OF WATER ,UNABLE TO AFFORD GOOD CLOTHES ,INABILITY OF FUNDS FOR EASY MOVEMENT ,2,1,1,1,1,1,0,0,0,405,6.9545752,8.3747808,96.83,1.233,6bcf36a7-09fb-478e-ac90-2d8a6c0f7bca,01apr2026,84,1001178,75,BENUE,OBI,OBEKO,ADONA-EJI,2022. BENUE,23446. OBI,1587. OBEKO,1001178. ADONA-EJI
26mar2026,29mar2026,collect:IXNF0j4fQzFN0nJJ,1001179,26mar2026,ABILEGA PLAY GROUND,162,248,INADEQUATE DRINKING WATER,NO GOVERNMENT GRANT TO START BUSINESS,INADEQUATE LEARNING FACILITIES,POOR ROAD NETWORK TO ACCESS COMMUNITY,BAD HOUSING FACILITY,3,0,1,1,1,0,0,0,0,410,6.9771803,8.2037871,105.3,4.243,4614279f-7677-44ce-94cd-fe5fa4a7fd7d,29mar2026,57,1001179,81,BENUE,OBI,OKPOKWU,ABILEGA,2022. BENUE,23446. OBI,1595. OKPOKWU,1001179. ABILEGA
25mar2026,25mar2026,collect:1L7STykeiWl1pkC1,1001180,25mar2026,CHIEF OGBU' MATHIAS OKPABI'S PALACE ,85,109,Children are not in school ,No hospital in the community ,There is hunger in the home ,House is leaking or unsafe ,No clean water or toilet ,3,0,1,1,1,0,0,0,0,240,6.9770112,8.202284300000001,153.961,2.885,d8dd8937-0392-4676-81c3-c06c26281585,25mar2026,18,1001180,82,BENUE,OBI,OKPOKWU,ABONU,2022. BENUE,23446. OBI,1595. OKPOKWU,1001180. ABONU
01apr2026,03apr2026,collect:IXNF0j4fQzFN0nJJ,1001181,01apr2026,ADAGWU2-OLUWA PLAY GROUND,83,172,LOW INCOME EARNINGS ,No social amenities available ,No good food for dieting ,No medical facility closely , INSECURITY crisis area,3,0,1,1,1,1,0,0,0,255,7.052841,8.206368700000001,112.6,4.766,a5586313-6381-483a-9552-90f3522eadae,03apr2026,96,1001181,83,BENUE,OBI,OKPOKWU,ADAGWU2-OLUWA,2022. BENUE,23446. OBI,1595. OKPOKWU,1001181. ADAGWU2-OLUWA
23mar2026,24mar2026,collect:STd4OaeYb4mBKj91,1001182,23mar2026,Ihigile market Square,99,143,Children are not in school,House is leaking or unsafe,No clean water or toilet,There is hunger in the home,No Heath facility,3,0,1,1,1,0,0,0,0,321,6.969464,8.203469699999999,119.046,1.713,e3108c95-6469-48c5-b644-9673ca061880,24mar2026,5,1001182,84,BENUE,OBI,OKPOKWU,ADIGABU-ECHORI1,2022. BENUE,23446. OBI,1595. OKPOKWU,1001182. ADIGABU-ECHORI1
24mar2026,25mar2026,collect:IXNF0j4fQzFN0nJJ,1001183,24mar2026,CHIEF'S PALACE ,111,109,Children are not in school ,There is hunger in the home,No hospital ,No clean water or toilet ,House is leaking or unsafe,3,0,1,1,1,0,0,0,0,220,6.9739249,8.2024919,147.1,4.4,85fdd1c3-6fe0-425c-91e9-387399e71638,25mar2026,13,1001183,85,BENUE,OBI,OKPOKWU,ADIGABU-ECHORI2,2022. BENUE,23446. OBI,1595. OKPOKWU,1001183. ADIGABU-ECHORI2
03apr2026,06apr2026,collect:qJZCHCm21aXZSb9J,1001184,28mar2026,METHODIST CHURCH ADUGODU ORIHI,1,1,LACK OF GOOD ACCESS ROAD,UNABLE TO EAT GOOD FOOD,POOR HEALTH CARE FACILITY,LACK OF GOOD EDUCATIONAL BACKGROUND,LACK GOOD ACCESS WATER,2,1,0,1,1,0,0,0,0,357,6.9269047,8.3263696,121.345,1.492,ba55e8f4-fa39-462b-a3c4-95d4be83a7fe,06apr2026,105,1001184,76,BENUE,OBI,ORIHI,ADIDOGWU,2022. BENUE,23446. OBI,1597. ORIHI,1001184. ADIDOGWU
27mar2026,28mar2026,collect:WcUyOH717xnnOSVu,1001185,27mar2026,PLAY GROUND,92,135,No source of good drinking water,Unable to feed adequately,High rate of school drop out,Unable to access health facilities,Poor Road network,3,0,1,1,1,0,0,0,0,227,6.9272079,8.3306854,354.723,3.918,9a027680-e782-4ebb-a429-fc7c0a12b8dc,28mar2026,34,1001185,77,BENUE,OBI,ORIHI,ADOGA,2022. BENUE,23446. OBI,1597. ORIHI,1001185. ADOGA
31mar2026,02apr2026,collect:STd4OaeYb4mBKj91,1001187,31mar2026,Chief compound,82,97,Lack of water facility,Lack of access to education,Lack of health facility,No access to education,Lack of balance diet,3,0,1,1,1,0,0,0,0,181,6.8681166,8.237659900000001,87.583,4.836,d515da7c-5438-4432-9cb1-c9b4bf16735f,02apr2026,93,1001187,79,BENUE,OBI,ORIHI,ANYODO-AKPEGEDE,2022. BENUE,23446. OBI,1597. ORIHI,1001187. ANYODO-AKPEGEDE
28mar2026,31mar2026,collect:WcUyOH717xnnOSVu,1001187,28mar2026,MCN IJEGE,102,159,LACK OF PORTABLE WATER,POOR ROAD NETWORK,UNABLE TO FEED ADEQUATELY,UNABLE TO ACCESS HEALTH FACILITIES,LACK OF ELECTRICITY,3,0,1,1,1,0,0,0,0,261,6.9189599,8.318794499999999,132.861,4.903,7baae4cd-80e1-4b5e-8ff0-95621d10e52e,31mar2026,65,1001187,79,BENUE,OBI,ORIHI,ANYODO-AKPEGEDE,2022. BENUE,23446. OBI,1597. ORIHI,1001187. ANYODO-AKPEGEDE
30mar2026,31mar2026,collect:IXNF0j4fQzFN0nJJ,1001188,30mar2026,ANYODU-IKOM PLAY GROUND,140,165,NO GOOD ACCESS ROAD ,No good water ,INADEQUATE health facility ,Poor dieting ,LOW NETWORK  Communication ,3,0,1,1,1,0,0,0,0,305,6.8684561,8.2368837,77.59999999999999,4.894,2477e731-646d-4b44-82f8-921029e52d54,31mar2026,71,1001188,80,BENUE,OBI,ORIHI,ANYODU-IKOM,2022. BENUE,23446. OBI,1597. ORIHI,1001188. ANYODU-IKOM
22mar2026,27mar2026,collect:eoms5vqkhWzpFAIX,1001189,23mar2026,MICHAEL IDUMA COMPOUND,75,43,POOR DRINKING WATER,LACK OF MEDICAL FACILITIES,NO ELECTRICITY,POOR ACCESS ROAD,LACK OF SECURITY,4,0,1,1,1,1,0,0,0,118,7.23281,8.0233133,162,3.7,136fb110-d0f6-4566-a9a9-fcc793e433b3,27mar2026,26,1001189,86,BENUE,OHIMINI,OGLEWU-ICHO,ALAGLANU-IPOLE,2022. BENUE,23448. OHIMINI,1624. OGLEWU ICHO,1001189. ALAGLANU-IPOLE
25mar2026,27mar2026,collect:eoms5vqkhWzpFAIX,1001190,25mar2026,THE CHIEFS COMPOUND,60,71,LACK OF WATER,LACK OF STANDARD HOSPITAL,LACK OF NETWORK SERVICES,LACK OF AGRICULTURAL IMPUTS,LACK OF EDUCATIONAL FACILITIES,3,0,1,1,1,0,0,0,0,131,7.29007,8.056201700000001,170.7,4.733,7d0f23f0-73bf-4110-ae8d-41d26a03ad14,27mar2026,28,1001190,90,BENUE,OHIMINI,OGLEWU-ICHO,ANKPECHI,2022. BENUE,23448. OHIMINI,1624. OGLEWU ICHO,1001190. ANKPECHI
26mar2026,27mar2026,collect:eoms5vqkhWzpFAIX,1001191,26mar2026,VILLAGE HEAD COMPOUND,62,54,LACK OF GOOD WATER,LACK OF HOSPITAL,LACK OF SECURITY,LACK OF SCHOOL,LACK OF FARMING IMPUTS,3,0,1,1,1,0,0,0,0,116,7.266915,8.058961699999999,243.5,4,ee60b432-9f2b-4e18-9b28-562bb0beb99f,27mar2026,29,1001191,88,BENUE,OHIMINI,OGLEWU-ICHO,EGWANOKWU,2022. BENUE,23448. OHIMINI,1624. OGLEWU ICHO,1001191. EGWANOKWU
24mar2026,27mar2026,collect:eoms5vqkhWzpFAIX,1001192,24mar2026,THE CHIEFS COMPOUND,56,30,LACK OF PORTABLE WATER,BAD NETWORK,NO GOOD SCHOOL,LACK OF SECURITY,LACK OF HEALTH FACILITIES,3,0,1,1,1,0,0,0,0,86,7.304285,8.0396983,222.9,4.466,e7787088-9557-488b-88c5-aaa152f30034,27mar2026,27,1001192,89,BENUE,OHIMINI,OGLEWU-ICHO,OMUTELE,2022. BENUE,23448. OHIMINI,1624. OGLEWU ICHO,1001192. OMUTELE
27mar2026,27mar2026,collect:eoms5vqkhWzpFAIX,1001193,27mar2026,COMMUNITY SQUARE,44,66,LACK OF GOOD WATER,LACK OF HOSPITAL ,LACK OF SCHOOL ,LACK OF YOUTH EMPOWERMENT ,LACK OF AGRICULTURAL FACILITIES ,3,0,1,1,1,0,0,0,0,110,7.2236596,8.102922599999999,152.8,4.75,fbefac81-b32f-4a22-83ae-4794e33eef73,27mar2026,30,1001193,87,BENUE,OHIMINI,OGLEWU-ICHO,ONYEPA,2022. BENUE,23448. OHIMINI,1624. OGLEWU ICHO,1001193. ONYEPA
28mar2026,29mar2026,collect:AGmWfxdEHnFKJtpp,1001194,28mar2026,AKATEJENYI OPEN PLACE,50,54,INABILITY TO AFFORD MEDICAL BILLS,INABILITY TO AFFORD GOOD LIVING HOUSE,INABILITY TO AFFORD CHILDREN SCHOOL FEES,DISCRIMINATION OR EXCLUSION DUE TO POVERTY,INABILITY TO AFFORD THREE SQUARE MEALS,3,0,1,1,1,0,0,0,0,104,7.3434127,7.8137873,305.266,1.959,b6a6c773-66b8-427b-a56b-d45e8d1894f5,29mar2026,59,1001194,92,BENUE,OHIMINI,ONYAGEDE-EHAJE,AKATAJENYI,2022. BENUE,23448. OHIMINI,1630. ONYAGEDE-EHAJE  (ALLE,1001194. AKATAJENYI
25mar2026,29mar2026,collect:AGmWfxdEHnFKJtpp,1001195,25mar2026,IKPOKE OPEN PLACE,143,92,INABILITY TO AFFORD GOOD LIVING HOUSE,INABILITY TO AFFORD CHILDREN SCHOOL FEES,INABILITY TO AFFORD MEDICAL BILLS,INABILITY TO AFFORD THREE SQUARE MEALS,FACING DISCRIMINATION OR EXCLUSION,3,0,1,1,1,0,0,0,0,235,7.3468572,7.8105697,264.477,1.126,c5058340-691b-4ab7-9c57-36d0a6fa6511,29mar2026,49,1001195,94,BENUE,OHIMINI,ONYAGEDE-EHAJE,IKPOKE,2022. BENUE,23448. OHIMINI,1630. ONYAGEDE-EHAJE  (ALLE,1001195. IKPOKE
24mar2026,24mar2026,collect:AGmWfxdEHnFKJtpp,1001196,24mar2026,OGANDE OPEN PLACE ,64,42,INABILITY TO AFFORD GOOD LIVING HOUSE ,INABILITY TO AFFORD CHILDREN SCHOOL FEES ,INABILITY TO AFFORD MEDICAL BILLS ,INABILITY TO AFFORD THERE SQUARE MEALS ,FACING DISCRIMINATION AND EXCLUSION ,3,0,1,1,1,0,0,0,0,106,7.343864,7.8132259,326.627,1.938,63cce264-cbfe-46af-ae30-3baabf6c9521,24mar2026,7,1001196,91,BENUE,OHIMINI,ONYAGEDE-EHAJE,OGANDE,2022. BENUE,23448. OHIMINI,1630. ONYAGEDE-EHAJE  (ALLE,1001196. OGANDE
23mar2026,23mar2026,collect:AGmWfxdEHnFKJtpp,1001197,23mar2026,OGODU,83,44,INABILITY TO AFFORD GOOD HOUSE ,INABILITY TO PAY CHILDREN SCHOOL FEES,INABILITY TO AFFORD MEDICAL BILLS ,UNABLE TO AFFORD THREE SQUARE MEALS ,FACING DISCRIMINATION ,3,0,1,1,1,0,0,0,0,127,7.3129464,7.8038953,225.748,1.824,ef9c24da-c3ea-4933-a9dd-7973e5962f4f,23mar2026,4,1001197,93,BENUE,OHIMINI,ONYAGEDE-EHAJE,OGUDU,2022. BENUE,23448. OHIMINI,1630. ONYAGEDE-EHAJE  (ALLE,1001197. OGUDU
27mar2026,27mar2026,collect:AGmWfxdEHnFKJtpp,1001198,27mar2026,OLAHAMA OPEN PLACE ,27,23,INABILITY TO AFFORD CHILDREN SCHOOL FEES ,INABILITY TO AFFORD THREE SQUARE MEALS ,INABILITY TO AFFORD GOOD LIVING HOUSE ,INABILITY TO AFFORD MEDICAL BILLS ,DISCRIMINATION OR EXCLUSION DUE TO POVERTY ,3,0,1,1,1,0,0,0,0,50,7.350979,7.8025797,282.683,1.387,af3b624b-8c92-453b-8370-37ab78ee1f35,29mar2026,50,1001198,95,BENUE,OHIMINI,ONYAGEDE-EHAJE,OLAHAMA,2022. BENUE,23448. OHIMINI,1630. ONYAGEDE-EHAJE  (ALLE,1001198. OLAHAMA
01apr2026,01apr2026,collect:9oizFPlmVnhe9Axz,1001199,01apr2026,OPEN SPACE YOUTH-GROUND ABAKPA,133,76,ACCESSIBILITY TO FUNCTIONAL HEALTH INSTITUTION,ACCESSIBILITY TO BALANCE DIETS,ACCESSIBILITY TO FUNCTIONAL EDUCATIONAL INSTITUTIONS,ACCESSIBILITY TO SOURCE OF WATER,ACCESSIBILITY TO EMPLOYMENT OPPORTUNITY,4,0,1,1,1,1,0,0,0,340,7.3499767,7.8069833,252.5,4.34,23db1cd0-a9aa-471f-a697-fa33086a9668,01apr2026,87,1001199,97,BENUE,OHIMINI,ONYAGEDE-ICHO,ABAKPA,2022. BENUE,23448. OHIMINI,1631. ONYAGEDE ICHO (OGOLI),1001199. ABAKPA
08apr2026,09apr2026,collect:9oizFPlmVnhe9Axz,1001200,08apr2026,OPEN SPACE ADANKALI ONYAGEDE-ICHO WARD OHIMINI LGA,28,52,ACCESSIBILITY TO FUNCTIONAL HEALTH INSTITUTION,ACCESSIBILITY TO GOOD ROAD NETWORK,ACCESSIBILITY TO FUNCTIONAL EDUCATIONAL INSTITUTIONS,ACCESSIBILITY TO SOURCE OF WATER,ACCESSIBILITY TO ELECTRICITY,4,1,1,1,1,0,0,0,0,36,7.3171405,7.8499761,219.9,4.366,add09fde-d6c8-4427-a4e1-21b14d823522,09apr2026,106,1001200,98,BENUE,OHIMINI,ONYAGEDE-ICHO,ADANKALI,2022. BENUE,23448. OHIMINI,1631. ONYAGEDE ICHO (OGOLI),1001200. ADANKALI
30mar2026,31mar2026,collect:9oizFPlmVnhe9Axz,1001201,30mar2026,OPEN SPACE ICHOLELA,51,57,ACCESS TO FUNCTIONAL HEALTH INSTITUTION,ACCESS TO FUNCTIONAL EDUCATIONAL INSTITUTIONS,ACCESS TO BALANCE DIETS,ACCESS TO FUNCTIONAL FINANCIAL SERVICES,ACCESS  TOFUNCTIONAL SECURITY OUTPOST,4,1,1,1,1,1,0,0,0,75,7.3517401,7.8212749,257.7,4.8,e35fd995-9ed0-42e9-8150-c48d58955d66,31mar2026,64,1001201,96,BENUE,OHIMINI,ONYAGEDE-ICHO,ICHOLELA,2022. BENUE,23448. OHIMINI,1631. ONYAGEDE ICHO (OGOLI),1001201. ICHOLELA
31mar2026,31mar2026,collect:9oizFPlmVnhe9Axz,1001202,31mar2026,OPEN SPACE OGOLI,103,87,ACCESS TO FUNCTIONAL HEALTH INSTITUTION,ACCESS TO FUNCTIONAL EDUCATIONAL INSTITUTIONS,ACCESS TO BALANCE DIETS,ACCESS TO FUNCTIONAL FINANCIAL SERVICES,ACCESS TO EMPLOYMENT,4,0,1,1,1,0,1,0,0,200,7.3564396,7.8080691,281.2,3.983,36907754-cde5-416e-a1f6-4d18f848e968,31mar2026,81,1001202,99,BENUE,OHIMINI,ONYAGEDE-ICHO,OGOLI,2022. BENUE,23448. OHIMINI,1631. ONYAGEDE ICHO (OGOLI),1001202. OGOLI
02apr2026,02apr2026,collect:9oizFPlmVnhe9Axz,1001203,02apr2026,"OPEN SPACE,ELDER OGBE PREMISES,UGOFU",58,45,ACCESSIBILITY TO FUNCTIONAL EDUCATIONAL INSTITUTIONS,ACCESSIBILITY TO FUNCTIONAL FINANCIAL SERVICES,ACCESSIBILITY TO SOURCE OF WATER,ACCESSIBILITY TO FUNCTIONAL HEALTH INSTITUTION,ACCESSIBILITY TO EMPLOYMENT OPPORTUNITY,4,1,1,1,1,0,0,0,0,60,7.3457001,7.8063151,274.2,4.96,84363698-1f04-4324-afcf-2af40fcfa363,02apr2026,94,1001203,100,BENUE,OHIMINI,ONYAGEDE-ICHO,OGUFU,2022. BENUE,23448. OHIMINI,1631. ONYAGEDE ICHO (OGOLI),1001203. OGUFU
24mar2026,24mar2026,collect:HoX39OCh8UjO8nD3,1001204,24mar2026,"TSE MBAGERE RESIDENT 	ZAKI TERVER",49,45,POOR ROAD NETWORK,LACK OF SCHOOL,IN-ACCESSIBLE TO HEALTHCARE,LACK OF PORTABLE WATER,LACK OF ELECTRICITY,3,0,1,1,1,0,0,0,0,94,7.6392393,8.9498564,152.212,2.346,0508a012-63ff-478e-a255-4032211f6719,25mar2026,14,1001204,101,BENUE,TARKA,MBAANYANGBER,ADZUA,2022. BENUE,23452. TARKA,1666. MBANYAGBER,1001204. ADZUA
31mar2026,31mar2026,collect:jSwBVDxyi4v81BCs,1001205,31mar2026,TSE-AGBATAR TSUA NOR COMPOUND,71,85,NON AVAILABILITY OF ROAD ,NON AVAILABILITY SCHOOL ,NON AVAILABILITY OF ELECTRICITY ,NON AVAILABILITY OF WATER SUPPLY ,NON AVAILABILITY OF HEALTH FACILITY ,3,0,1,1,1,0,0,0,0,87,7.6558331,8.953204700000001,130.419,1.648,2326726b-0ea5-4192-9270-aec57622b4c7,31mar2026,67,1001205,102,BENUE,TARKA,MBAANYANGBER,AGBATAR,2022. BENUE,23452. TARKA,1666. MBANYAGBER,1001205. AGBATAR
25mar2026,26mar2026,collect:WKeBEtPi9ddw8ags,1001206,25mar2026,LIVING FAITH CHURCH DZOR,57,44,LACK OF SCHOOLS,POOR ROADS NETWORK,LACK OF HEALTH CARE FACILITIES,LACK OF ELECTRICITY,INSECURITY IN THE COMMUNITY ,3,0,1,1,1,0,0,0,0,83,7.5863685,8.950795400000001,152,5,baa79584-bd73-40eb-a78b-4e67f786ecc1,26mar2026,24,1001206,103,BENUE,TARKA,MBAANYANGBER,AGUR,2022. BENUE,23452. TARKA,1666. MBANYAGBER,1001206. AGUR
01apr2026,01apr2026,collect:LuWxBOHLZ1J2BwzH,1001207,01apr2026,AGBON AKESA COMPOUND,30,34,LACK HEALTH FACILITIES,LACK OF GOOD ROADS,LACK OF SCHOOLS,INSECURITY CHALLENGES,LACK ELECTRICITY,3,0,1,1,1,0,0,0,0,64,7.6743825,8.957051099999999,108.5606689453125,4.288,8532740d-c7a1-4921-a35a-1a6bbb88d110,01apr2026,86,1001207,104,BENUE,TARKA,MBAANYANGBER,AKESA,2022. BENUE,23452. TARKA,1666. MBANYAGBER,1001207. AKESA
31mar2026,31mar2026,collect:wG8lnkj9RBoN7tFB,1001208,31mar2026,RCM CHURCH DZOR,28,20,LACK OF PORTABLE WATER,INSECURITY IN THE COMMUNITY,POOR ROAD NETWORK,LACK OF SCHOOLS,LACK OF ELECTRICITY,3,0,1,1,1,0,0,0,0,50,7.5854096,8.944482199999999,149.463623,3.216,04708b98-398b-4118-bb63-65543fdffbe0,31mar2026,66,1001208,105,BENUE,TARKA,MBAANYANGBER,AKIIKA,2022. BENUE,23452. TARKA,1666. MBANYAGBER,1001208. AKIIKA
26mar2026,26mar2026,collect:jSwBVDxyi4v81BCs,1001209,26mar2026,LGEA PRIMARY SCHOOL TINEKYURA,47,56,NON AVAILABILITY OF WATER SUPPLY,NON AVAILABILITY OF ROAD,NON AVAILABILITY OF ELECTRICITY,NON AVAILABILITY OF FUNCTIONAL SCHOOL,NON AVAILABILITY OF HEALTH FACILITY,3,0,1,1,1,0,0,0,0,103,7.6208387,8.9322751,166.125,5,ca1b385e-2f09-4a08-b00c-309262582feb,26mar2026,22,1001209,106,BENUE,TARKA,MBAAYO,ADANYI,2022. BENUE,23452. TARKA,1665. MBAAYO,1001209. ADANYI
28mar2026,29mar2026,collect:jSwBVDxyi4v81BCs,1001210,28mar2026,TSE -TIJIME KUGBA COMPOUND,76,103,Non availability of Health Facility,NON AVAILABILITY OF ROAD,NON AVAILABILITY OF SCHOOL,NON AVAILABILITY OF WATER,NON AVAILABILITY OF SECURITY,3,1,1,1,0,0,0,0,0,127,7.6646929,8.9467246,122.823,1.399,da5b01b0-88d8-4a67-879a-c8c685c6568a,29mar2026,48,1001210,107,BENUE,TARKA,MBAAYO,ANKWASE,2022. BENUE,23452. TARKA,1665. MBAAYO,1001210. ANKWASE
24mar2026,24mar2026,collect:jSwBVDxyi4v81BCs,1001211,24mar2026,Y JUNCTION SETTLEMENT MBAAYO COUNCIL WARD,54,55,NON AVAILABILITY OF ELECTRICITY,Non availability of School,NON AVAILABILITY OF ROAD,Non availability of Water source,Non availability of Health Facility,3,0,1,1,1,0,0,0,0,109,7.5430873,8.9212571,209.768,0.748,7a039c4c-def7-4b49-a4a6-6359c80654a5,24mar2026,9,1001211,108,BENUE,TARKA,MBAAYO,GBATYO,2022. BENUE,23452. TARKA,1665. MBAAYO,1001211. GBATYO
23mar2026,23mar2026,collect:jSwBVDxyi4v81BCs,1001212,23mar2026,Tse-Afer Compound,61,179,Non availability of Water source,Non availability of Electricity,Non availability of Health Facility,Non availability of Road,Non availability of School,3,0,1,1,1,0,0,0,0,240,7.5500254,8.9292847,191.716,1.368,4162530c-b0ed-45fb-a193-b179c73584e5,23mar2026,2,1001212,109,BENUE,TARKA,MBAAYO,MBAAFER,2022. BENUE,23452. TARKA,1665. MBAAYO,1001212. MBAAFER
25mar2026,25mar2026,collect:jSwBVDxyi4v81BCs,1001213,25mar2026,TSE -AKENDE IKYO COMPOUND,67,70,NON AVAILABILITY OF ROAD,NON AVAILABILITY OF ELECTRICITY,NON AVAILABILITY OF HEALTH FACILITY,NON AVAILABILITY SCHOOL,NON AVAILABILITY OF Water source,3,0,1,1,1,0,0,0,0,137,7.6722327,8.940485499999999,121.716,1.262,03f6c146-ab27-4ce7-90be-170499f584a4,25mar2026,17,1001213,110,BENUE,TARKA,MBAAYO,MBAAKUTA,2022. BENUE,23452. TARKA,1665. MBAAYO,1001213. MBAAKUTA
23mar2026,29mar2026,collect:KoWvic4q3vCmmHnG,1001214,24mar2026,DEKAAN NENGER COMPOUND,53,51,LACK OF ELECTRICITY,LACK OF HEALTH FACILITIES,LACK OF WATER,LACK OF GOOD ROADS,LACK OF NUTRITION,3,0,1,1,1,0,0,0,0,104,7.6522518,8.9236285,132.1,3.733,dac1878f-c6c0-411b-9c05-5e1c9f8ba914,31mar2026,73,1001214,111,BENUE,TARKA,MBAKWAKEM,JIMEGBUR,2022. BENUE,23452. TARKA,1664. MBAKWAKEM,1001214. JIMEGBUR
27mar2026,29mar2026,collect:KoWvic4q3vCmmHnG,1001215,27mar2026,KWAGHHANGE KIGHIR COMPOUND,138,127,LACK OF GOOD WATER,LACK OF HEALTH FACILITIES,LACK OF GOOD ROADS,LACK FUNCTIONAL SCHOOL,INDEQUATE NUTRITION,4,0,1,1,1,0,0,0,0,265,7.5788324,8.922350399999999,149,4.5,5ca5d536-3f0d-447f-8b54-4fcfd6ea19c1,31mar2026,76,1001215,112,BENUE,TARKA,MBAKWAKEM,MBAABATA,2022. BENUE,23452. TARKA,1664. MBAKWAKEM,1001215. MBAABATA
25mar2026,29mar2026,collect:KoWvic4q3vCmmHnG,1001216,25mar2026,ATSAMEV MARKET SQUARE,246,173,LACK OF GOOD ROADS,LACK OF EDUCATION,LACK OF GOOD WATER,LACK OF ELECTRICITY,LACK OF HEALTH FACILITIES,4,0,1,1,1,1,0,0,0,419,7.6389344,8.928353400000001,187.4,4.45,a0803ef2-b6fd-4c71-8fd9-fdd8cf208e46,31mar2026,75,1001216,113,BENUE,TARKA,MBAKWAKEM,MBAADI,2022. BENUE,23452. TARKA,1664. MBAKWAKEM,1001216. MBAADI
23mar2026,29mar2026,collect:KoWvic4q3vCmmHnG,1001217,23mar2026,KAAMEM MARKET SQUARE,171,135,LACK OF HEALTH FACILITIES,LACK OF GOOD ROADS,LACK OF GOOD WATER,LACK OF NUTRITION,LACK OF FUNCTIONAL SCHOOL,4,0,1,1,1,1,0,0,0,306,7.5270167,8.93022,229.5,4.7,504ff8b4-5afc-4847-9759-d2094fe72787,31mar2026,72,1001217,115,BENUE,TARKA,MBAKWAKEM,MBAAGU,2022. BENUE,23452. TARKA,1664. MBAKWAKEM,1001217. MBAAGU
24mar2026,29mar2026,collect:KoWvic4q3vCmmHnG,1001218,24mar2026,TSE BIIN GESA,64,58,LACK HEALTH FACILITIES,LACK OF EDUCATION,FIRE DISASTER,LACK OF GOOD ROADS,LACK OF WATER,3,0,1,1,1,0,0,0,0,122,7.610425,8.9133683,187.3,4.44,de30109b-0427-4997-b67d-fcb58ec84ba6,31mar2026,74,1001218,114,BENUE,TARKA,MBAKWAKEM,MBAGESA,2022. BENUE,23452. TARKA,1664. MBAKWAKEM,1001218. MBAGESA
28mar2026,31mar2026,collect:SNmlQBDWrvJ2CpFg,1001220,,,59,135,POOR EDUCATION,POOR HEALTH ACCESS,POOR SEWAGE SYSTEM,POOR WATER SANITATION,POOR ELECTRICITY,4,0,1,1,1,1,0,0,0,192,7.8218767,3.9553152,360.0058594,4.716,7f2e2eea-9d5d-40dc-a5a1-0ba57f0e2d79,31mar2026,115,1001220,14,OYO,AFIJIO,AWE-I,ALARAN/ALAPA,2046. OYO,23946. AFIJIO,7218. AWE I,1001220. ALARAN/ALAPA
25mar2026,25mar2026,collect:SNmlQBDWrvJ2CpFg,1001221,,,46,75,Poor sanitation,Poor health access,Unstable income,Poor water sanitation,Bad education,4,0,1,1,1,1,0,0,0,121,7.8213608,3.9649966,352.9438477,4.109,a293f319-c770-4a41-9f81-08bb76e8c36a,25mar2026,51,1001221,12,OYO,AFIJIO,AWE-I,ASALU/APERE,2046. OYO,23946. AFIJIO,7218. AWE I,1001221. ASALU/APERE
18mar2026,19mar2026,collect:kyBr6JX0JK3HxfeV,1001222,,,31,104,Unemployment,Bad Housing,Empowerment,Health Challenges,Phisically Challenged,4,0,1,1,1,1,0,0,0,132,7.8169449,3.9594818,340.5585938,4.502,ef0a6573-bc33-4c61-883d-e9d3c2638935,20mar2026,16,1001222,16,OYO,AFIJIO,AWE-I,GAA,2046. OYO,23946. AFIJIO,7218. AWE I,1001222. GAA
24mar2026,24mar2026,collect:kyBr6JX0JK3HxfeV,1001223,,,45,103,No access to based health facilities,Poor road network,Bad housing,No availability of the waters,Poor sewage system,4,0,1,1,1,1,0,0,0,3,7.822223,3.9600711,360.6433105,4.931,38f359c1-6fc7-46d0-bbfd-5e2b1a344519,24mar2026,46,1001223,17,OYO,AFIJIO,AWE-I,GBODO-OYA,2046. OYO,23946. AFIJIO,7218. AWE I,1001223. GBODO-OYA
26mar2026,27mar2026,collect:kyBr6JX0JK3HxfeV,1001224,,,23,53,IMBALANCE DIET,UNEMPLOYMENT,POOR SANITATION,OPEN DEFECATED AND POOR SANITATION,AGED AND BLIND,3,0,1,1,1,0,0,0,0,74,7.8210869,3.9618696,350.3137207,4.931,0528d1a4-edb3-4e7d-a737-2a1d0b48520e,27mar2026,78,1001224,19,OYO,AFIJIO,AWE-I,ISALE-ODO,2046. OYO,23946. AFIJIO,7218. AWE I,1001224. ISALE-ODO
26mar2026,26mar2026,collect:SNmlQBDWrvJ2CpFg,1001226,,,57,115,NON AVAILABILITY OF WATER,POOR ELECTRICITY,BAD EDUCATION ,LACK OF HOSPITAL,SECURITY CHALLENGE,4,0,1,1,1,1,0,0,0,172,7.8206072,3.9656218,352.3367919921875,4.466,73c0fbc3-aaca-4249-9887-46472329ca2f,26mar2026,66,1001226,13,OYO,AFIJIO,AWE-I,SOGIDI,2046. OYO,23946. AFIJIO,7218. AWE I,1001226. SOGIDI
17mar2026,18mar2026,collect:SNmlQBDWrvJ2CpFg,1001227,,,28,36,Poor HealthCare,Poor nutritions,No electricity,No industry,Lack of clean water,4,1,1,1,1,0,0,0,0,60,7.7499488,3.8850441,320.4590454101562,3.93,4711fa6d-e924-4518-89a6-71ae2e8486ca,19mar2026,13,1001227,9,OYO,AFIJIO,IMINI,ILU-AJE,2046. OYO,23946. AFIJIO,7215. IMINI,1001227. ILU-AJE
24mar2026,25mar2026,collect:SNmlQBDWrvJ2CpFg,1001228,,,50,25,Poor road network,Bad electricity,Healthcare factor,Water problem,Absence of industry,3,1,1,1,1,0,0,0,0,20,7.6869592,3.7953912,305.2574462890625,4.716,e44b7848-18ca-404e-8ccf-476e341df071,25mar2026,50,1001228,8,OYO,AFIJIO,IMINI,IMINI,2046. OYO,23946. AFIJIO,7215. IMINI,1001228. IMINI
17mar2026,19mar2026,collect:kyBr6JX0JK3HxfeV,1001230,,,29,39,No good road,Security challenges,Unemployment,Poor Health,Aged with bad housing,3,0,1,1,1,0,0,0,0,46,7.8261443,3.8436704,321.9318848,4.716,e8dab9c7-ca2a-4d62-ae29-79d8702666cf,20mar2026,18,1001230,10,OYO,AFIJIO,IMINI,OLUWATEDO,2046. OYO,23946. AFIJIO,7215. IMINI,1001230. OLUWATEDO
23mar2026,23mar2026,collect:SNmlQBDWrvJ2CpFg,1001231,,,33,74,POOR WATER SANITATION,UNSTABLE INCOME,POOR HEALTH ACCESS,POOR SANITATION,LACK OF ELECTRICITY,3,0,1,1,1,0,0,0,0,107,7.6808928,3.9623346,328.9685059,4.288,4b4a422f-e5ab-40d6-8a04-5fc72a99709a,23mar2026,23,1001231,5,OYO,AFIJIO,IWARE,AJEGUNLE,2046. OYO,23946. AFIJIO,7219. IWARE,1001231. AJEGUNLE
30mar2026,31mar2026,collect:kyBr6JX0JK3HxfeV,1001233,,,26,39,AGED POOR SANITATION,IN-ACCESIBILITY TO SCHOOL,DEAF-PHYSICALLY CHALLENGED,OPEN DEFECATION IN THE ENVIRONMENT,BAD HOUSING,3,0,1,1,1,0,0,0,0,60,7.6859084,3.9592433,337.1600341796875,4.073,72a1c208-9e2e-400c-81cd-fca2cfede155,31mar2026,112,1001233,4,OYO,AFIJIO,IWARE,AYE-DAADE/OKE GAYAN,2046. OYO,23946. AFIJIO,7219. IWARE,1001233. AYE-DAADE/OKE GAYAN
14mar2026,14mar2026,collect:SNmlQBDWrvJ2CpFg,1001234,,,50,56,Absence of public toilet,Provision of Bolehole,Provision of mini market,Road network,Provision of solar street light,4,0,1,1,1,1,0,0,0,78,7.6822427,3.962832,286.5976563,3.216,955c7ee4-8582-4d3f-b00d-d8a3da509db9,19mar2026,12,1001234,2,OYO,AFIJIO,IWARE,KAJOLA-ODO-OKO/OKE-OLA,2046. OYO,23946. AFIJIO,7219. IWARE,1001234. KAJOLA-ODO-OKO/OKE-OLA
13mar2026,14mar2026,collect:SNmlQBDWrvJ2CpFg,1001235,,,17,26,Water problem in need of stroke bole hole water,Maternity centre,Road network issue,Need of school,Solar light for the street,4,0,1,1,1,1,0,0,0,36,7.6767102,3.9604309,329.0319824,4.288,4b2bccd4-c34e-4b1e-b228-290ecffea6cb,19mar2026,11,1001235,1,OYO,AFIJIO,IWARE,OKE-PAPA,2046. OYO,23946. AFIJIO,7219. IWARE,1001235. OKE-PAPA
18mar2026,19mar2026,collect:SNmlQBDWrvJ2CpFg,1001236,,,32,55,Inadequate water,Bad road network,Public Toilet needed,Poor healthcare,Security challenges,4,1,1,1,1,0,0,0,0,87,7.6799095,3.9602552,335.5803223,3.216,7d02165a-f269-4dd2-8306-c36ab50a9ed4,19mar2026,14,1001236,3,OYO,AFIJIO,IWARE,ONIWAARE/ISALE OSUN/STATION,2046. OYO,23946. AFIJIO,7219. IWARE,1001236. ONIWAARE/ISALE OSUN/STATION
16mar2026,19mar2026,collect:kyBr6JX0JK3HxfeV,1001237,,,11,16,Unemployment of youth ward,No potable Water supply,Aged without help,Lack of money to start a trade,Living in dilapidated House,3,0,1,1,1,0,0,0,0,15,7.6743727,3.9594432,327.1094970703125,4.931,1b58c5bf-f5ab-4a39-b1fe-f6d61fe946b3,20mar2026,19,1001237,6,OYO,AFIJIO,IWARE,SAABO/AJEGUNLE,2046. OYO,23946. AFIJIO,7219. IWARE,1001237. SAABO/AJEGUNLE
23mar2026,23mar2026,collect:Wh1xKbK2CiDbbQZ6,1001250,23mar2026,INFRONT OF COMMUNITY LEADER HOUSE,42,34,UNEMPLOYMENT ,CATTLE RUSTLER ,INADEQUATE RAINFALL ,INADEQUATE HEALTH FACILITY ,UNABLE TO SEE,76,1,1,1,1,0,0,0,0,76,8.406766599999999,3.3585337,361.114,4.384,b393a323-51cb-4535-913f-d443d0d1e7af,23mar2026,24,1001250,53,OYO,ATISBO,OWO/AGUNREGE/SABE,ABA AABO,2046. OYO,23949. ATISBO,7489. OWO/AGUNREGE/SAB,1001250. ABA AABO
25mar2026,26mar2026,collect:Wh1xKbK2CiDbbQZ6,1001251,25mar2026,BASORUN COMPOUND,36,52,HIGH COST OF FARM IMPLEMENT,CATTLE DESTROYING FARM PRODUCE ,CHILDREN FALL SICK AND DIED BECAUSE OF MALNUTRITION ,UNEMPLOYMENT ,FALL IN PRICE OF FARM PRODUCE ,88,1,1,1,1,0,0,0,0,88,8.4076383,3.359818,330.791,2.662,60ce8396-130b-4daf-b50d-311edfd38bd0,26mar2026,64,1001251,47,OYO,ATISBO,OWO/AGUNREGE/SABE,ABA BASORUN,2046. OYO,23949. ATISBO,7489. OWO/AGUNREGE/SAB,1001251. ABA BASORUN
02apr2026,03apr2026,collect:Wh1xKbK2CiDbbQZ6,1001252,02apr2026,INFRONT OF COMMUNITY LEADER HOUSE,13,20,UNEMPLOYMENT ,LACK OF FARM PRODUCE ,CATTLE RUSTLE ,LACK OF HEALTH ISSUES ,LACK OF PIPE BORNE WATER,4,1,1,1,1,0,0,0,0,33,8.4071044,3.359032,329.473,2.161,9504a6d9-2870-447d-8c5d-f758be95f178,03apr2026,157,1001252,45,OYO,ATISBO,OWO/AGUNREGE/SABE,ABA BODE,2046. OYO,23949. ATISBO,7489. OWO/AGUNREGE/SAB,1001252. ABA BODE
18mar2026,19mar2026,collect:Wh1xKbK2CiDbbQZ6,1001254,18mar2026,INFRONT OF COMMUNITY LEADER HOUSE,29,30,Unemployment,Lack of poor market,Lack of illness,Cattle rustler,Inadequate feeding,59,1,1,1,1,1,0,0,0,59,8.5632491,3.4559413,429.004,3.538,55076b8c-1c61-484e-8bfb-94d07e7b7918,19mar2026,10,1001254,39,OYO,ATISBO,OWO/AGUNREGE/SABE,ABA ISALE ITAN,2046. OYO,23949. ATISBO,7489. OWO/AGUNREGE/SAB,1001254. ABA ISALE ITAN
17mar2026,18mar2026,collect:Wh1xKbK2CiDbbQZ6,1001255,17mar2026,ABA MOLETE'S COMPOUND,27,27,CATTLE RUSTLE DESTROYING FARMER,UNEMPLOYMENT,LOW SALE OF AGRICULTURE PRODUCTS,NO GOVERNMENT SUPPORT,LACK OF HEALTH CARE,43,1,1,1,1,0,0,0,0,43,8.405014299999999,3.3667189,873.805,2.103,2023f6b1-3ac3-4eaf-b062-35cacfc00cc5,18mar2026,6,1001255,40,OYO,ATISBO,OWO/AGUNREGE/SABE,ABA MOLETE,2046. OYO,23949. ATISBO,7489. OWO/AGUNREGE/SAB,1001255. ABA MOLETE
18mar2026,18mar2026,collect:Wh1xKbK2CiDbbQZ6,1001256,18mar2026,INFRONT OF COMMUNITY LEADER HOUSE ,17,15,UNEMPLOYMENT ,CASTLE RUSTER ,INADEQUATE RAINFALL ,IN ADEQUATE FEEDING ,LACK OF NUTRITION ,46,1,1,1,1,0,0,0,0,46,8.4099722,3.3585215,300.216,2.971,cda98274-f9ef-48b2-93d9-5ce3fc867581,18mar2026,7,1001256,38,OYO,ATISBO,OWO/AGUNREGE/SABE,ABA OKE IGBAGBO,2046. OYO,23949. ATISBO,7489. OWO/AGUNREGE/SAB,1001256. ABA OKE IGBAGBO
18mar2026,19mar2026,collect:Wh1xKbK2CiDbbQZ6,1001256,18mar2026,INFRONT OF COMMUNITY LEADER HOUSE,30,16,UNEMPLOYMENT,LACK OF PIPE BOREHOLE,LACK OF STANDARD HEALTH FACILITIES,INADEQUATE OF BALANCE DIET,LACK OF BAD ROADS,46,1,1,1,1,1,0,0,0,46,8.5623802,3.4573697,429.907,3.682,7270b476-de1e-496c-acf1-ac028db68118,19mar2026,9,1001256,38,OYO,ATISBO,OWO/AGUNREGE/SABE,ABA OKE IGBAGBO,2046. OYO,23949. ATISBO,7489. OWO/AGUNREGE/SAB,1001256. ABA OKE IGBAGBO
26mar2026,26mar2026,collect:Wh1xKbK2CiDbbQZ6,1001257,26mar2026,TEMPLE AREA,24,13,CATTLE RUSTER,UNEMPLOYMENT ,HEALTH ISSUES ,LACK OF EDUCATION ,LACK OF GOVERNMENT EMPOWERMENT ,37,1,1,1,1,0,0,0,0,37,8.4092001,3.3601835,319.516,3.529,5c38a08c-fe72-4872-8a74-953c5d0be6b5,26mar2026,72,1001257,48,OYO,ATISBO,OWO/AGUNREGE/SABE,ADURA AREA,2046. OYO,23949. ATISBO,7489. OWO/AGUNREGE/SAB,1001257. ADURA AREA
25mar2026,31mar2026,collect:ruxqEhO7cQEGO2Mk,1001258,,,45,57,UNEMPLOYMENT,INADEQUATE FEEDING,CATTLE RUSTLER,PIPE BORNE WATER,INADEQUATE HEALTH FACILITIES,4,1,1,1,1,0,0,0,0,102,8.3965947,3.3935864,369.0608520507812,4.931,01e675a2-8dc3-4568-ab3e-389c4167dc48,31mar2026,128,1001258,52,OYO,ATISBO,OWO/AGUNREGE/SABE,AGUNREGE,2046. OYO,23949. ATISBO,7489. OWO/AGUNREGE/SAB,1001258. AGUNREGE
01apr2026,02apr2026,collect:ruxqEhO7cQEGO2Mk,1001259,01apr2026,INFRONT OF COMMUNITY LEADER HOUSE,39,17,UNEMPLOYMENT,LACK OF PIPE BORE WATER,LACK OF HEALTH FACILITIES,CATTLE RUSTER,LACK OF EDUCATIONAL INSTITUTION,4,1,1,1,1,0,0,0,0,57,8.362550600000001,3.3154112,346.1591797,4.645,8a27587d-84cf-46b5-8f90-6ce707ed2b5e,02apr2026,145,1001259,63,OYO,ATISBO,OWO/AGUNREGE/SABE,AJEBANDELE,2046. OYO,23949. ATISBO,7489. OWO/AGUNREGE/SAB,1001259. AJEBANDELE
25mar2026,25mar2026,collect:Wh1xKbK2CiDbbQZ6,1001260,25mar2026,ALAGBAA AREA,14,23,UNEMPLOYMENT ,LACK OF HEALTH FACILITIES ,LACK OF GOOD ROAD,UNAVAILABILITY OF NETWORK ,UNAVAILABILITY OF EDUCATION ,37,1,1,1,1,0,0,0,0,37,8.4092368,3.3586821,344.428,3.481,ef949429-1bd1-49f8-9458-0592def69bd4,25mar2026,60,1001260,55,OYO,ATISBO,OWO/AGUNREGE/SABE,ALAGBAA AREA,2046. OYO,23949. ATISBO,7489. OWO/AGUNREGE/SAB,1001260. ALAGBAA AREA
27mar2026,27mar2026,collect:Wh1xKbK2CiDbbQZ6,1001262,27mar2026,Palace,68,66,UNEMPLOYMENT ,POOR HEALTH FACILITY ,CATTLE RUSTLER ,UNAVAILABILITY OF STANDARD EDUCATION ,DISABILITY ,5,1,1,1,1,1,0,0,0,134,8.431148500000001,3.401091,301.688,3.992,15df43c0-9c9e-4e15-9a9d-420781fd5409,27mar2026,96,1001262,46,OYO,ATISBO,OWO/AGUNREGE/SABE,AYETE,2046. OYO,23949. ATISBO,7489. OWO/AGUNREGE/SAB,1001262. AYETE
26mar2026,26mar2026,collect:Wh1xKbK2CiDbbQZ6,1001264,26mar2026,BADA AREA,18,19,WIND STORM ,FIRE DISASTER ,DEBT AND FALL IN FARM PRODUCE ,CATTLE AND HERDSMEN DESTROYING FARM,MOTOR ACCIDENT ,4,1,1,1,1,0,0,0,0,37,8.407986899999999,3.3602339,326.746,3.55,553d07f0-7c51-4892-92a7-393e7060b617,26mar2026,71,1001264,44,OYO,ATISBO,OWO/AGUNREGE/SABE,BADA AREA,2046. OYO,23949. ATISBO,7489. OWO/AGUNREGE/SAB,1001264. BADA AREA
31mar2026,01apr2026,collect:rc2FW7hQkuEYLDIK,1001267,31mar2026,TOWN HALL,53,41,LACK OF SOCIAL AMILITIES,UNEMPLOYMENT,LACK OF HEALTH FACILITY,LACK of pipe bore water,no standard Education,5,1,1,1,1,1,0,0,0,94,8.3952501,3.3928351,359.3057861328125,4.931,3370b6cc-e801-4457-bf65-416e13b4bef2,01apr2026,132,1001267,41,OYO,ATISBO,OWO/AGUNREGE/SABE,GAA DOGO,2046. OYO,23949. ATISBO,7489. OWO/AGUNREGE/SAB,1001267. GAA DOGO
28mar2026,30mar2026,collect:Wh1xKbK2CiDbbQZ6,1001269,28mar2026,OLA ANABI'S COMPOUND,18,27,UNEMPLOYMENT,LACK OF HEALTH FACILITIES,LACK OF EDUCATION,LACK OF BAD ROAD,CATTLE RUSTLER,4,1,1,1,1,0,0,0,0,45,8.408310800000001,3.3582237,336.8,1.381,8c2efd6e-da79-42e9-81d7-643b60b87043,30mar2026,107,1001269,51,OYO,ATISBO,OWO/AGUNREGE/SABE,KEWULERE,2046. OYO,23949. ATISBO,7489. OWO/AGUNREGE/SAB,1001269. KEWULERE
02apr2026,03apr2026,collect:ruxqEhO7cQEGO2Mk,1001270,02apr2026,INFRONT OF PALACE,14,16,UNEMPLOYMENT,LACK OF HEALTH FACILITIES,LACK OF PIPE BORNE WATER,LACK OF EDUCATIONAL INSTITUTION,POOR MARKETING,4,1,1,1,1,0,0,0,0,30,8.410802,3.3550497,325.1848145,4.02,8cde664f-0685-463f-946d-e859efd94249,03apr2026,158,1001270,58,OYO,ATISBO,OWO/AGUNREGE/SABE,OKE AAFIN,2046. OYO,23949. ATISBO,7489. OWO/AGUNREGE/SAB,1001270. OKE AAFIN
27mar2026,27mar2026,collect:Wh1xKbK2CiDbbQZ6,1001271,27mar2026,SCHOOL PREMISES,57,66,PHYSICALLY CHALLENGED ,UNEMPLOYMENT ,NO GOOD ROAD ,NO GOOD WATER ,CATTLE RUSTLER ,123,1,1,1,1,1,0,0,0,123,8.4325007,3.4028001,352.819,2.176,ea2e4fbd-641e-4b67-8ebf-8db1ca7871a4,27mar2026,95,1001271,64,OYO,ATISBO,OWO/AGUNREGE/SABE,OKE ABO,2046. OYO,23949. ATISBO,7489. OWO/AGUNREGE/SAB,1001271. OKE ABO
17mar2026,19mar2026,collect:Wh1xKbK2CiDbbQZ6,1001272,17mar2026,INFRONT OF COMMUNITY LEADER,10,19,POOR NETWORK,INADEQUATE FERTILIZER,INCREASE IN FUEL PRICES,INADEQUATE RAINFALL,UNEMPLOYMENT,3,1,1,1,1,0,0,0,0,41,8.405326000000001,3.3627384,585.4450000000001,2.727,e3b9a2a3-9a7e-4b99-9271-4c7474fe285a,19mar2026,15,1001272,42,OYO,ATISBO,OWO/AGUNREGE/SABE,OKE ASEKA,2046. OYO,23949. ATISBO,7489. OWO/AGUNREGE/SAB,1001272. OKE ASEKA
23mar2026,23mar2026,collect:Wh1xKbK2CiDbbQZ6,1001273,23mar2026,INFRONT OF COMMUNITY LEADER HOUSE,20,20,POOR NETWORKING ,UNEMPLOYMENT ,NO GOOD WATER ,UNAVAILABLE OF HEALTH FACILITY ,UNAVAILABLE SCHOOL ,3,1,1,1,1,0,0,0,0,40,8.4060182,3.3637292,319.249,0.777,40aa965f-fb35-4007-9b0b-ceb6c0fc1fb1,23mar2026,25,1001273,49,OYO,ATISBO,OWO/AGUNREGE/SABE,OKE OLA,2046. OYO,23949. ATISBO,7489. OWO/AGUNREGE/SAB,1001273. OKE OLA
24mar2026,24mar2026,collect:Wh1xKbK2CiDbbQZ6,1001274,24mar2026,SCHOOL PREMISES,17,20,PHYSICALLY HANDICAP ,HARDERS DESTROYING FARM ,LACK OF CLEAN WATER ,LACK OF HEALTH FACILITIES ,INADEQUATE INFRASTRUCTURE ,4,1,1,1,1,0,0,0,0,37,8.4063263,3.3552866,312.683,3.328,b356fa57-a180-4d1f-9fbf-d55ffca70457,24mar2026,32,1001274,62,OYO,ATISBO,OWO/AGUNREGE/SABE,OKE SUNA,2046. OYO,23949. ATISBO,7489. OWO/AGUNREGE/SAB,1001274. OKE SUNA
28mar2026,30mar2026,collect:rc2FW7hQkuEYLDIK,1001275,30mar2026,OLUWO COMPOUND,24,17,LACK OF WATER,UNEMPLOYMENT,UNAVAILABILITY OF MARKET TO SELL PRODUCT,FARM DISTROYED BY FIRE,CATTLE DISTROYED FARM,4,1,1,1,1,0,0,0,0,41,8.408263699999999,3.3587271,333.7208251953125,4.716,62a55dcc-ec1e-4036-be6e-d23e0c867073,30mar2026,105,1001275,43,OYO,ATISBO,OWO/AGUNREGE/SABE,OLUWO AREA,2046. OYO,23949. ATISBO,7489. OWO/AGUNREGE/SAB,1001275. OLUWO AREA
24mar2026,24mar2026,collect:Wh1xKbK2CiDbbQZ6,1001276,24mar2026,INFRONT OF COMMUNITY LEADER HOUSE,18,16,UNEMPLOYMENT ,CATTLE RUSTLER ,UNAVAILABILITY OF HEALTH FACILITIES ,INADEQUATE AGRICULTURE RAINFALL ,LACK OF BAD ROAD,3,1,1,1,1,0,0,0,0,34,8.4123559,3.3575759,344.144,1.745,245b69b4-9f55-460e-b8ba-095dfc33aed9,27mar2026,77,1001276,50,OYO,ATISBO,OWO/AGUNREGE/SABE,REDEEM AREA,2046. OYO,23949. ATISBO,7489. OWO/AGUNREGE/SAB,1001276. REDEEM AREA
31mar2026,02apr2026,collect:oJR4NY79CyKeXL6b,1001284,31mar2026,BESIDE ALAJUBA MOSQUE,50,43,Poor feeding,Poor Habitation,Out of School,Unemployment,Lack of Sanitary water,4,0,1,1,1,1,0,0,0,83,7.8101382,3.0495705,225.5092163085938,3.644,e1fc1c5e-41c9-46fa-8ba2-970fc3229ff0,02apr2026,146,1001284,66,OYO,IBARAPA NORTH,OFIKI II,ALAJUBA,2046. OYO,23958. IBARAPA NORTH,7411. OFIKI II,1001284. ALAJUBA
25mar2026,25mar2026,collect:oJR4NY79CyKeXL6b,1001285,25mar2026,ASUNNARA TOWN'HALL,117,136,Malnutrition,Unemployment,Lack of Sanitary water,Out of school,Aged people,4,0,1,1,1,1,0,0,0,205,7.6551274,3.1157889,234.2536621,3.216,364a68d8-b674-4f8f-aa3f-0ca27b594a4d,25mar2026,59,1001285,65,OYO,IBARAPA NORTH,OFIKI II,ASUNARA,2046. OYO,23958. IBARAPA NORTH,7411. OFIKI II,1001285. ASUNARA
26mar2026,26mar2026,collect:oJR4NY79CyKeXL6b,1001287,26mar2026,Isi ode compound,62,58,Poor Habitation,Lack of Sanitary water,Malnutrition,Unemployment,Aged people,4,0,1,1,1,1,0,0,0,100,7.8045379,3.214208,232.6489258,3.216,5c439a97-3b61-4af9-b067-765aaa3db474,26mar2026,74,1001287,72,OYO,IBARAPA NORTH,OFIKI II,ELEWURO ALADURA,2046. OYO,23958. IBARAPA NORTH,7411. OFIKI II,1001287. ELEWURO ALADURA
25mar2026,25mar2026,collect:oJR4NY79CyKeXL6b,1001288,25mar2026,"BAALE HOUSE', IGBO NLA VILLAGE",73,88,Lack of Sanitary water,Out of School,Poor feeding,Unemployment,Poor Habitation,4,0,1,1,1,1,0,0,0,123,7.6809485,3.0763266,226.3960571289062,4.824,a5b2b8cf-ff12-4e58-91a3-23506927268a,25mar2026,58,1001288,68,OYO,IBARAPA NORTH,OFIKI II,IGBONLA,2046. OYO,23958. IBARAPA NORTH,7411. OFIKI II,1001288. IGBONLA
26mar2026,26mar2026,collect:oJR4NY79CyKeXL6b,1001289,26mar2026,Olokete,156,180,Poor feeding,Poor Habitation,Unemployment,Aged people,People with Disability,4,0,1,1,1,1,0,0,0,323,7.7747556,3.2108976,228.2005004882812,4.824,6aab232d-7bb6-4dc2-876c-1919f038626d,26mar2026,73,1001289,71,OYO,IBARAPA NORTH,OFIKI II,OLOKETE VILLAGE,2046. OYO,23958. IBARAPA NORTH,7411. OFIKI II,1001289. OLOKETE VILLAGE
25mar2026,25mar2026,collect:oJR4NY79CyKeXL6b,1001291,16mar2026,AJISSFE COMPOUND,130,160,Malnutrition,Unemployment,Poor Habitation,Dilapidated building,Aged people,4,0,1,1,1,1,0,0,0,248,7.5634415,3.2318354,173.9236450195312,4.931,bfc0a765-8ad0-4e98-a4b8-10532cd9ada3,25mar2026,47,1001291,75,OYO,IBARAPA NORTH,TAPA I,AJISAFE,2046. OYO,23958. IBARAPA NORTH,7420. TAPA I,1001291. AJISAFE
24mar2026,24mar2026,collect:oJR4NY79CyKeXL6b,1001292,17mar2026,ASIPA COMPOUND HALL,180,250,Aged people,Unemployment,Poor Habitation,Dilapidated building,Out of School,4,0,1,1,1,1,0,0,0,385,7.560858,3.2295191,175.9442749023438,4.502,e215a10d-4520-4246-808e-6017f7879ede,24mar2026,41,1001292,77,OYO,IBARAPA NORTH,TAPA I,ASIPA,2046. OYO,23958. IBARAPA NORTH,7420. TAPA I,1001292. ASIPA
03apr2026,03apr2026,collect:oJR4NY79CyKeXL6b,1001293,24mar2026,ELERIN COMPOUND,108,192,Aged people,Unemployment,Malnutrition,Poor Habitation,Lack of Sanitary water,4,0,1,1,1,1,0,0,0,280,7.5616063,3.2314147,190.3463745117188,3.43,376a34e9-7b50-42a9-ad5f-0a367540ab3a,03apr2026,156,1001293,76,OYO,IBARAPA NORTH,TAPA I,ELERIN,2046. OYO,23958. IBARAPA NORTH,7420. TAPA I,1001293. ELERIN
24mar2026,24mar2026,collect:oJR4NY79CyKeXL6b,1001294,16mar2026,"ADEOYE HOUSE,IYA MORO AREA",130,180,Poor feeding,Unemployment,Poor Habitation,Out of School,Dilapidated building,4,0,1,1,1,1,0,0,0,289,7.5598458,3.2388433,243.3204345703125,4.109,8ede0ee6-3372-4a1c-a549-bf9ea878cab8,24mar2026,44,1001294,73,OYO,IBARAPA NORTH,TAPA I,IYA MORO AREA,2046. OYO,23958. IBARAPA NORTH,7420. TAPA I,1001294. IYA MORO AREA
24mar2026,24mar2026,collect:oJR4NY79CyKeXL6b,1001295,17mar2026,OBAPE COMPOUND,100,150,Poor Habitation,Aged people,Malnutrition,Unemployment,Poor living,4,0,1,1,1,1,0,0,0,222,7.5600573,3.2284731,179.2300415039062,4.716,d11c7285-96e2-49a8-812e-49e278fc80c9,24mar2026,42,1001295,78,OYO,IBARAPA NORTH,TAPA I,OBAPE,2046. OYO,23958. IBARAPA NORTH,7420. TAPA I,1001295. OBAPE
24mar2026,24mar2026,collect:oJR4NY79CyKeXL6b,1001296,18mar2026,"Opposite TAPA COMMUNITY HIGH' SCHOOL,",145,179,Malnutrition,Unemployment,Poor Habitation,Out of School,People with Disability,4,0,1,1,1,1,0,0,0,301,7.5631668,3.2295437,187.0927734,4.716,701956df-c442-4c08-859d-e7b039f6cc9a,24mar2026,43,1001296,79,OYO,IBARAPA NORTH,TAPA I,OKE AYO/TAPA CHS,2046. OYO,23958. IBARAPA NORTH,7420. TAPA I,1001296. OKE AYO/TAPA CHS
24mar2026,24mar2026,collect:oJR4NY79CyKeXL6b,1001297,16mar2026,OKETADE COMPOUND,70,150,Malnutrition,Unemployment,Aged people,Poor Habitation,Dilapidated building,4,0,1,1,1,1,0,0,0,183,7.5651574,3.2322144,182.8213500976562,4.288,18b18a3b-6b95-4421-b471-a43199d714f9,24mar2026,40,1001297,74,OYO,IBARAPA NORTH,TAPA I,OKETADE,2046. OYO,23958. IBARAPA NORTH,7420. TAPA I,1001297. OKETADE
24mar2026,24mar2026,collect:6cyas2pa2CFrziWl,1001298,24mar2026,"Under odan tree, Agoro Adejuwon community.",45,84,Lack of good road,Lack of portable drinking water,Unable to eat good meal,Lack of quality education,Lost of breadwinner,3,0,1,1,1,0,0,0,0,112,8.2146826,3.4619756,330.671875,3.216,f9681246-56f5-4929-9388-f483d48c00ea,24mar2026,45,1001298,104,OYO,ITESIWAJU,OKAKA 2,AGORO ADEJUWON,2046. OYO,23962. ITESIWAJU,7388. OKAKA II,1001298. AGORO ADEJUWON
23mar2026,23mar2026,collect:MCvNFb8ruqD1E7ux,1001301,23mar2026,"Under Leem tree, Baptist Primary School, ALAPO Okaka.",60,86,Can not Eat three times in a day,Living in a poor house unit,Shock and disasters,Can not paid medical bill,Wearing chatted clothes,3,0,1,1,1,0,0,0,0,146,8.210106700000001,3.4133667,325.1,5,12dbcdec-32fb-4c4f-9d01-e05573305027,27mar2026,90,1001301,107,OYO,ITESIWAJU,OKAKA 2,ALAPO,2046. OYO,23962. ITESIWAJU,7388. OKAKA II,1001301. ALAPO
26mar2026,28mar2026,collect:6cyas2pa2CFrziWl,1001302,26mar2026,"Beside Pa Ogundele's house, Okaka",109,121,Inability to eat three square meal,Living in poor housing unit,Unable to send children to school,Lost of property,Unemployment,3,0,1,1,1,0,0,0,0,232,8.125947099999999,3.5220763,372.1320801,4.288,5817c8a4-d084-4725-8bdb-a5b1cc62961b,31mar2026,121,1001302,101,OYO,ITESIWAJU,OKAKA 2,ARABA/OKE AFIN,2046. OYO,23962. ITESIWAJU,7388. OKAKA II,1001302. ARABA/OKE AFIN
23mar2026,23mar2026,collect:6cyas2pa2CFrziWl,1001303,23mar2026,"Under odan tree, ayetoro, okaka.",50,100,Unable to access health facility,Unable to access good road,Unemployment,Unable to eat three square meal per day,Living in a poor housing unit,3,0,1,1,1,0,0,0,0,143,8.2132974,3.4610065,332.6600341796875,3.752,d2181f75-9cc6-4c92-89be-7e2732ca43a4,24mar2026,26,1001303,106,OYO,ITESIWAJU,OKAKA 2,AYETORO,2046. OYO,23962. ITESIWAJU,7388. OKAKA II,1001303. AYETORO
25mar2026,25mar2026,collect:TwrIjWF8kOjZjFmi,1001306,25mar2026,Under Odan tree Balogun Maye Community Okaka,52,124,LIVING IN POOR HOUSING UNIT,CAN NOT EAT THREE TIME IN A DAY,CANNOT AFFORD TO PAY MEDICAL BILL,WIDOWS THAT CANNOT SEND CHILDREN TO SCHOOL,WEARING TATTERED CLOTHES,3,0,1,1,1,0,0,0,0,176,8.214840199999999,3.4601159,325.0368652,4.931,ef874edb-4764-4bba-8546-b1579d6009eb,27mar2026,88,1001306,105,OYO,ITESIWAJU,OKAKA 2,BALOGUN MAYE,2046. OYO,23962. ITESIWAJU,7388. OKAKA II,1001306. BALOGUN MAYE
24mar2026,24mar2026,collect:TwrIjWF8kOjZjFmi,1001308,24mar2026,"Under odan tree, IKOLABA community okaka.",49,143,Lack of quality education,Unable to eat three square meal,Can not afford to send children to school,Unable to access quality health service,Lost of property,3,0,1,1,1,0,0,0,0,192,8.216951,3.461905,303.7775268554688,4.466,5c5edb88-79eb-4099-9e6c-961fde9d646c,02apr2026,147,1001308,103,OYO,ITESIWAJU,OKAKA 2,IKOLABA/TEFE,2046. OYO,23962. ITESIWAJU,7388. OKAKA II,1001308. IKOLABA/TEFE
25mar2026,25mar2026,collect:6cyas2pa2CFrziWl,1001309,25mar2026,"Under big odan tree, Malete Okaka",34,76,Poor standard of living,Unemployment,Unable to eat three square meal per day,Unable to send children to school,Always on tattered cloth ,3,0,1,1,1,0,0,0,0,104,8.216835,3.4631539,335.2507934570312,4.288,842c76a4-04cf-4293-9f5a-c035e4575834,25mar2026,61,1001309,102,OYO,ITESIWAJU,OKAKA 2,MALETE,2046. OYO,23962. ITESIWAJU,7388. OKAKA II,1001309. MALETE
11mar2026,22mar2026,collect:TwrIjWF8kOjZjFmi,1001310,11mar2026,Under leen Tree OSI AGO COMMUNITY OKAKA,58,92,Can not eat three time in a day,Can not send children to school,Cannot paid Medical bills,Wearing tattered,Living in a poor household unit,3,0,1,1,1,0,0,0,0,150,8.2156383,3.4621274,343.5687255859375,4.109,d79748f9-4984-4e4a-8f08-6dd68946fded,27mar2026,86,1001310,100,OYO,ITESIWAJU,OKAKA 2,OSUN AGORO,2046. OYO,23962. ITESIWAJU,7388. OKAKA II,1001310. OSUN AGORO
26mar2026,30mar2026,collect:6cyas2pa2CFrziWl,1001319,26mar2026,"Under odan tree, besides access road Ahoro omo ipapo",135,175,Lack of quality education,Unemployment,Living in poor standard of living,Unable to send children to school,Unable to eat three square meal per day,3,0,1,1,1,0,0,0,0,287,8.1162969,3.5094725,375.9155883789062,4.502,bfee028c-a74b-4ce6-9427-f6a34c6b1e92,31mar2026,122,1001319,88,OYO,ITESIWAJU,OWODE IPAPO,AHORO OMO,2046. OYO,23962. ITESIWAJU,7383. OWODE/IPAPO,1001319. AHORO OMO
18mar2026,18mar2026,collect:6cyas2pa2CFrziWl,1001320,18mar2026,Under odan tree Ayedudu community,92,139,Unable to eat three square meal daily,Can not access quality health facilities,Lack of quality basic amenities,Lack of good road network,Unable to access quality education,3,0,1,1,1,0,0,0,0,227,8.132274199999999,3.511994,376.2077026367188,4.824,730f0ec7-128a-47f4-9dfd-309df91650c4,20mar2026,20,1001320,99,OYO,ITESIWAJU,OWODE IPAPO,AYEDUDU,2046. OYO,23962. ITESIWAJU,7383. OWODE/IPAPO,1001320. AYEDUDU
30mar2026,31mar2026,collect:6cyas2pa2CFrziWl,1001321,30mar2026,"Under the shade of cashew tree,budo Alagunmu.",45,72,Unable to eat three square meals,Living in poor housing unit,Unable to send children to school,Inability to access healthcare services due to poverty,Always wearing tattered cloth,3,0,1,1,1,0,0,0,0,100,8.2597179,3.5350174,346.0316162109375,3.216,7b64996e-aa31-45f2-af36-07cb676dd372,31mar2026,125,1001321,98,OYO,ITESIWAJU,OWODE IPAPO,BUDO ALAGUNMU,2046. OYO,23962. ITESIWAJU,7383. OWODE/IPAPO,1001321. BUDO ALAGUNMU
01apr2026,01apr2026,collect:6cyas2pa2CFrziWl,1001322,01apr2026,"Under the neem tree, budo dono",45,50,Unable to send children to school,Living in poor housing unit,Always on tattered cloth,Lost of breadwinner,Lack of education,3,0,1,1,1,0,0,0,0,95,8.1693885,3.5731572,393.1402587890625,3.216,06953f24-8b8c-4f00-a6b7-748a0ae25db7,02apr2026,143,1001322,91,OYO,ITESIWAJU,OWODE IPAPO,BUDO DONO,2046. OYO,23962. ITESIWAJU,7383. OWODE/IPAPO,1001322. BUDO DONO
01apr2026,01apr2026,collect:6cyas2pa2CFrziWl,1001322,01apr2026,"Under neem tree, budo dono",38,92,Unemployment,Lost of breadwinner,Lost of property,Unable to send children to school,Living in poor housing unit,3,0,1,1,1,0,0,0,0,113,8.1257974,3.5222607,389.9490966796875,4.824,0c105cc6-1f90-42aa-9a9e-68a170288f5b,02apr2026,144,1001322,91,OYO,ITESIWAJU,OWODE IPAPO,BUDO DONO,2046. OYO,23962. ITESIWAJU,7383. OWODE/IPAPO,1001322. BUDO DONO
18mar2026,17mar2026,collect:TwrIjWF8kOjZjFmi,1001323,17mar2026,"Erinoti Village Owode ipapo, itesiwaju local Government area Oyo state",56,52,Parents can not send children to schools,poor Living  standard by living in poor household unit,Inability to recover from Shock and disaster,Cannot eat three times in a day,Can not afford good health care and paid for medical bill,3,0,1,1,1,0,0,0,0,108,8.2148583,3.4601435,278.7565307617188,7.682,562dad24-44e8-4d95-a673-221a6b8150fd,27mar2026,76,1001323,89,OYO,ITESIWAJU,OWODE IPAPO,BUDO ERINOTI,2046. OYO,23962. ITESIWAJU,7383. OWODE/IPAPO,1001323. BUDO ERINOTI
31mar2026,31mar2026,collect:MCvNFb8ruqD1E7ux,1001324,31mar2026,OLORONBO VILLAGE OWODE IPAPO,21,22,Can not eat three times a day,Can not send children to school,Can not pay medical bills,Living in a poor household unit,Disaster and Shock,3,0,1,1,1,0,0,0,0,43,8.210320299999999,3.4133396,288.5,4.412,5a754395-e836-47f1-bcda-eeaae682af78,18apr2026,172,1001324,90,OYO,ITESIWAJU,OWODE IPAPO,BUDO OLORONSO,2046. OYO,23962. ITESIWAJU,7383. OWODE/IPAPO,1001324. BUDO OLORONSO
31mar2026,31mar2026,collect:6cyas2pa2CFrziWl,1001324,31mar2026,"Under the shade of neem tree, oloronso",35,48,Can not eat three square meal,Unable to send children to school,Unemployment,Can not access quality health care facility,Always on tattered cloth,3,0,1,1,1,0,0,0,0,70,8.227983200000001,3.5623274,399.7468872070312,3.216,870e8f72-6616-40cd-b406-9d4a0050023b,31mar2026,124,1001324,90,OYO,ITESIWAJU,OWODE IPAPO,BUDO OLORONSO,2046. OYO,23962. ITESIWAJU,7383. OWODE/IPAPO,1001324. BUDO OLORONSO
16mar2026,16mar2026,collect:MCvNFb8ruqD1E7ux,1001325,16mar2026,"BUDO  PANNU,",45,78,Can not Eat three time in a day,Can not send children to school,Living in poor household units,Can not paid medical bill,Disaster and shock,3,0,1,1,1,0,0,0,0,123,8.210115,3.4136933,296.6,4.6,21d8d4ac-2a5b-440f-ba51-345766d6f1be,19apr2026,173,1001325,97,OYO,ITESIWAJU,OWODE IPAPO,BUDO PAANU,2046. OYO,23962. ITESIWAJU,7383. OWODE/IPAPO,1001325. BUDO PAANU
01apr2026,01apr2026,collect:TwrIjWF8kOjZjFmi,1001326,01apr2026,Under Odan tree Erisa in Owode Ipapo ward Itesiwaju local Government,58,113,Can not eat three times in a day,Can not send their to school,Living in poor housing unit,Wearing tattered clothes materials,Cannot pay medical bills,3,0,1,1,1,0,0,0,0,171,8.21016,3.4137972,311.3580322265625,4.556,9c8f3fd8-e135-4850-93d3-af7390d68d7c,02apr2026,150,1001326,93,OYO,ITESIWAJU,OWODE IPAPO,ERISA,2046. OYO,23962. ITESIWAJU,7383. OWODE/IPAPO,1001326. ERISA
31mar2026,31mar2026,collect:6cyas2pa2CFrziWl,1001327,31mar2026,"Under the shade of ISIN tree, Gaa Ambere, owode/ipapo.",46,32,Unemployment,Unable to access quality health care facility,Can not eat three square meal per day,Living in poor housing unit,Always on tattered cloth,3,0,1,1,1,0,0,0,0,50,8.2591517,3.5348671,360.7288818359375,4.931,0e9b42e1-a143-45e6-b52a-81548e55c52e,31mar2026,123,1001327,96,OYO,ITESIWAJU,OWODE IPAPO,GAA AMBERE,2046. OYO,23962. ITESIWAJU,7383. OWODE/IPAPO,1001327. GAA AMBERE
17mar2026,18mar2026,collect:6cyas2pa2CFrziWl,1001328,17mar2026,"Under odan tree, gaa goregaru",49,66,Lack of good water system,Poor road network,Unemployment,Far distance to the market,Living in poor housing units,3,0,1,1,1,0,0,0,0,87,8.2814449,3.5669394,356.9139404296875,4.288,4c7586d7-512b-446a-a2d1-804a76f68925,18mar2026,5,1001328,94,OYO,ITESIWAJU,OWODE IPAPO,GAA GOREGARU,2046. OYO,23962. ITESIWAJU,7383. OWODE/IPAPO,1001328. GAA GOREGARU
30mar2026,30mar2026,collect:MCvNFb8ruqD1E7ux,1001329,30mar2026,"GAA IYAMOSA UNDER CASHUW TREE, OWODE IPAPO",59,72,Cannot eat three times in a day,Cannot send children to school,Living in poor household unit,Can not paid medical bill,Wearing of chattered clothes,3,0,1,1,0,1,0,0,0,131,8.157092,3.5116219,379.4,5,60ca837d-2a2a-4887-b1f8-94cf930f52b5,02apr2026,153,1001329,95,OYO,ITESIWAJU,OWODE IPAPO,GAA IYAMOSA,2046. OYO,23962. ITESIWAJU,7383. OWODE/IPAPO,1001329. GAA IYAMOSA
21mar2026,21mar2026,collect:TwrIjWF8kOjZjFmi,1001330,21mar2026,OSEYAWO COMMUNITY Owode IPAPO,75,175,Unable to send children to school,Living in poor housing unit,Whom and Low standard of living,Poor health condition and can not afford medical bill,Wearing tattered clothes,3,0,1,1,1,0,0,0,0,250,8.130773,3.5091448,376.0726928710938,3.573,bca994dc-4876-445c-927c-5b5700f0a2e8,02apr2026,149,1001330,92,OYO,ITESIWAJU,OWODE IPAPO,OSEYAWO,2046. OYO,23962. ITESIWAJU,7383. OWODE/IPAPO,1001330. OSEYAWO
23mar2026,10mar2026,collect:0K8456pcYuyO3tU0,1001331,23mar2026,UNDER TREE,34,18,POOR FEEDING,DILAPIDATED HOUSE,NO HEALTH FACILITIES,NO GOOD WATER,FAR AWAY SCHOOL,3,0,1,1,1,0,0,0,0,30,7.9357572,3.2820454,290.6538086,4.716,57eb024d-8329-42fb-95a9-ea9321cf2cbc,25mar2026,52,1001331,116,OYO,IWAJOWA,SABI GANA II,AFUNLELE,2046. OYO,23963. IWAJOWA,7344. SABI GANA II,1001331. AFUNLELE
17mar2026,17mar2026,collect:S3Av50CaxAKwLY9i,1001332,17mar2026,UNDER THE TREE,20,32,Unable to send children to school,Unable to feed the children,Poor road network,Lack of potable water,Inadequate social amenities,3,0,1,1,1,0,0,0,0,40,7.8679099,3.2978868,265.4666748046875,4.645,ebc1cba9-64c1-44a8-b2cc-6c5f96372141,17mar2026,2,1001332,115,OYO,IWAJOWA,SABI GANA II,ALADUA,2046. OYO,23963. IWAJOWA,7344. SABI GANA II,1001332. ALADUA
16mar2026,17mar2026,collect:0K8456pcYuyO3tU0,1001333,,,23,16,NO HEALTH FACILITIES,DILAPIDATED HOUSE,POOR FEEDING,FAR AWAY SCHOOL,POOR HABITATION,3,0,1,1,1,0,0,0,0,22,7.8877274,3.312241,228.5748901367188,4.288,ad95f775-e8a1-4400-8dd5-17ae6ff62fd0,17mar2026,4,1001333,113,OYO,IWAJOWA,SABI GANA II,ARIGBEYO,2046. OYO,23963. IWAJOWA,7344. SABI GANA II,1001333. ARIGBEYO
16mar2026,17mar2026,collect:0K8456pcYuyO3tU0,1001334,,,17,15,Poor Feeding,No Health Facilities,Far Away School,Living in Poverty,Poor Habitation,3,0,1,1,1,0,0,0,0,29,7.8711246,3.3064979,274.5567626953125,3.752,1bbeba06-d006-455b-bd0f-6586972b9e2c,17mar2026,3,1001334,114,OYO,IWAJOWA,SABI GANA II,IMODE,2046. OYO,23963. IWAJOWA,7344. SABI GANA II,1001334. IMODE
16mar2026,17mar2026,collect:S3Av50CaxAKwLY9i,1001335,16mar2026,Under the Tree,48,55,Malnutrition,Poor habitation,Poor road network,Unable to send children to school,Poor network,4,1,1,1,1,0,0,0,0,64,7.8436142,3.3108175,251.0155029296875,4.645,b58d028c-2d31-4b39-b956-177e6108a0b9,17mar2026,1,1001335,117,OYO,IWAJOWA,SABI GANA II,JOLOKO,2046. OYO,23963. IWAJOWA,7344. SABI GANA II,1001335. JOLOKO
30mar2026,30mar2026,collect:S3Av50CaxAKwLY9i,1001336,30mar2026,Under the Tree,29,15,Lack of potable water,Lack of social amenities,Unable to send children to school,Unable to feed the children,Poor housing scheme,3,0,1,1,1,0,0,0,0,42,7.9933309,3.1981638,284.3671875,4.645,78679993-0c13-44a6-950d-2841bfe4018d,30mar2026,106,1001336,124,OYO,IWAJOWA,SABI GANA III,AGRIC,2046. OYO,23963. IWAJOWA,7348. SABI GANA III,1001336. AGRIC
18mar2026,10mar2026,collect:0K8456pcYuyO3tU0,1001338,18mar2026,OPEN PLACE,92,121,NO HEALTH FACILITIES,POOR FEEDING,POOR HABITATION,DILAPIDATED HOUSE,LIVING IN POVERTY,4,1,1,1,1,0,0,0,0,178,8.039195400000001,3.3709673,390.1326904296875,3.216,fffdcb8d-d593-4268-9c38-2e1a69180638,25mar2026,53,1001338,118,OYO,IWAJOWA,SABI GANA III,AYEDE,2046. OYO,23963. IWAJOWA,7348. SABI GANA III,1001338. AYEDE
31mar2026,31mar2026,collect:0K8456pcYuyO3tU0,1001339,31mar2026,OPEN PLACE,32,35,POOR FEEDING,POOR HABITATION,NO HEALTH FACILITIES,NO GOOD WATER,LIVING IN POVERTY,3,0,1,1,1,0,0,0,0,52,7.974669,3.242825,245.4891967773438,4.288,fa203505-1b47-4cb4-83d1-ae138ea0b1ed,01apr2026,129,1001339,123,OYO,IWAJOWA,SABI GANA III,BADA,2046. OYO,23963. IWAJOWA,7348. SABI GANA III,1001339. BADA
30mar2026,01apr2026,collect:0K8456pcYuyO3tU0,1001340,30mar2026,UNDER TREE,61,89,NO HEALTH FACILITIES,NO GOOD WATER,LIVING IN POVERTY,POOR FEEDING,POOR HABITATION,3,0,1,1,1,0,0,0,0,109,7.97247,3.2416929,241.3514404296875,4.288,109a5c48-5082-404e-872a-760e2ad2ac72,01apr2026,130,1001340,121,OYO,IWAJOWA,SABI GANA III,BAYANBI,2046. OYO,23963. IWAJOWA,7348. SABI GANA III,1001340. BAYANBI
18mar2026,18mar2026,collect:S3Av50CaxAKwLY9i,1001341,18mar2026,Under the Tree,39,61,Unable to send children to school,Unable to feed the children,Poor road network,Inadequate social amenities,Malnutrition,3,0,1,1,1,0,0,0,0,88,7.9716023,3.2397006,230.2730712890625,4.824,18bdb9e3-636a-4902-8157-e4658210554e,18mar2026,8,1001341,120,OYO,IWAJOWA,SABI GANA III,IKIA,2046. OYO,23963. IWAJOWA,7348. SABI GANA III,1001341. IKIA
23mar2026,24mar2026,collect:S3Av50CaxAKwLY9i,1001342,23mar2026,UNDER THE TREE,75,90,Lack of potable water,Unable to send children to school,Inadequate social amenities,Poor housing scheme,Poor road network,3,0,1,1,1,0,0,0,0,125,7.972244,3.2333101,236.1850586,3.216,31a40146-ba38-49d0-bf78-78131003b6cf,24mar2026,38,1001342,122,OYO,IWAJOWA,SABI GANA III,OKUTA-AKA,2046. OYO,23963. IWAJOWA,7348. SABI GANA III,1001342. OKUTA-AKA
26mar2026,01apr2026,collect:0K8456pcYuyO3tU0,1001343,24mar2026,UNDER TREE,34,22,LIVING IN POVERTY,POOR HABITATION,NO HEALTH FACILITIES,POOR FEEDING,FAR AWAY SCHOOL,3,0,1,1,1,0,0,0,0,44,8.0342439,3.3483509,435.2211914,4.645,c2655e1c-5a42-42f1-8240-49c057bcc9df,01apr2026,131,1001343,127,OYO,IWAJOWA,SABI GANA IV,ABA MATHEW,2046. OYO,23963. IWAJOWA,7349. SABI GANA IV,1001343. ABA MATHEW
25mar2026,27mar2026,collect:S3Av50CaxAKwLY9i,1001344,25mar2026,UNDER THE TREE,32,59,Lack of potable water,Inadequate security,Lack of social amenities,Unable to send children to school,Unable to feed the children,4,1,1,1,1,0,0,0,0,74,7.8719447,3.2323307,227.4794922,3.216,0e08b90d-20bc-4331-bad6-05183ed94f1c,27mar2026,92,1001344,125,OYO,IWAJOWA,SABI GANA IV,ADEJUMO VILLAGE,2046. OYO,23963. IWAJOWA,7349. SABI GANA IV,1001344. ADEJUMO VILLAGE
24mar2026,26mar2026,collect:0K8456pcYuyO3tU0,1001345,26mar2026,UNDER TREE,27,15,LIVING IN POVERTY,POOR FEEDING,NO GOOD WATER,DILAPIDATED HOUSE,NO HEALTH FACILITIES,3,0,1,1,1,0,0,0,0,28,7.9246418,3.2331172,230.7907715,4.824,49a89f12-9db3-49f5-a05d-22b0c60505e7,26mar2026,68,1001345,130,OYO,IWAJOWA,SABI GANA IV,ADEROGBA,2046. OYO,23963. IWAJOWA,7349. SABI GANA IV,1001345. ADEROGBA
31mar2026,31mar2026,collect:S3Av50CaxAKwLY9i,1001346,31mar2026,UNDER THE TREE,40,65,Unable to send children to school,Unable to feed the children,Lack of potable water,Lack of social amenities,Inadequate electricity supply,4,1,1,1,1,0,0,0,0,121,7.9777269,3.2445641,254.1459350585938,4.716,1c4f27ed-d853-48e7-89b3-cf4012960ac5,31mar2026,120,1001346,131,OYO,IWAJOWA,SABI GANA IV,AJASE,2046. OYO,23963. IWAJOWA,7349. SABI GANA IV,1001346. AJASE
27mar2026,27mar2026,collect:S3Av50CaxAKwLY9i,1001347,27mar2026,UNDER THE TREE,12,19,Unable to send children to school,Unable to feed the children adequately,Lack of potable water,No electricity in the community,No government school,3,0,1,1,1,0,0,0,0,34,8.000861199999999,3.1498315,249.3927001953125,4.824,b8797b1e-64a8-4e62-ad83-83176241b7de,27mar2026,93,1001347,132,OYO,IWAJOWA,SABI GANA IV,APATA IBADAN,2046. OYO,23963. IWAJOWA,7349. SABI GANA IV,1001347. APATA IBADAN
24mar2026,26mar2026,collect:0K8456pcYuyO3tU0,1001348,25mar2026,UNDER TREE,27,15,NO GOOD WATER,POOR HABITATION,FAR AWAY SCHOOL,NO HEALTH FACILITIES,LIVING IN POVERTY,3,0,1,1,1,0,0,0,0,25,7.9125968,3.2297721,215.3425903320312,4.502,21f6b997-3f48-43ec-8ab5-ff2702ebf0a1,26mar2026,67,1001348,129,OYO,IWAJOWA,SABI GANA IV,BALOGUN,2046. OYO,23963. IWAJOWA,7349. SABI GANA IV,1001348. BALOGUN
26mar2026,28mar2026,collect:S3Av50CaxAKwLY9i,1001349,28mar2026,UNDER THE TREE,25,37,Unable to feed the children,Unable to send children to school,Lack of potable water,No electricity supply,Lack of social amenities,3,0,1,1,1,0,0,0,0,74,7.898791,3.2336151,238.5164794921875,4.716,7d4e4793-4d6b-40db-84a9-44e163c3bf36,28mar2026,98,1001349,128,OYO,IWAJOWA,SABI GANA IV,KAREEM VILLAGE,2046. OYO,23963. IWAJOWA,7349. SABI GANA IV,1001349. KAREEM VILLAGE
24mar2026,24mar2026,collect:S3Av50CaxAKwLY9i,1001350,24mar2026,UNDER THE TREE,24,32,Lack of potable water,Poor health facilities,Inadequate electricity supply,Inadequate security,Unable to send children to school,4,1,1,1,1,0,0,0,0,60,7.8599832,3.2281578,258.4859008789062,4.716,c94a897f-067c-401f-aef8-6d3134086538,24mar2026,39,1001350,126,OYO,IWAJOWA,SABI GANA IV,OLOKUNOLA VILLAGE,2046. OYO,23963. IWAJOWA,7349. SABI GANA IV,1001350. OLOKUNOLA VILLAGE
25mar2026,25mar2026,collect:m73lkXkdgnffyQ4x,1001354,25mar2026,Under the tree,80,65,ELECTRICITY,LACK OF HOSPITAL,Provision of Schools,PUBLIC TOILET,Construction of Town Hall,3,0,1,1,1,0,0,0,0,145,7.5354469,4.0767332,241.4899902,4.716,be926f68-0cc9-4305-9ee0-5bd0b900e278,25mar2026,57,1001354,175,OYO,LAGELU,APATERE/KUFFI/OGUNBODE/OGO,APATERE,2046. OYO,23965. LAGELU,7324. APATERE/KUFFI/OGUNBODE/OGO,1001354. APATERE
23mar2026,23mar2026,collect:m73lkXkdgnffyQ4x,1001358,23mar2026,"BAKARE HOUSE, KELEBE.",7,11,Lack of Good Nutrition,Lack of Electricity,Lack of Hospital,Lack of Good Roads,Non availability of Chairs and Tables in Primary Schools,3,1,1,1,1,1,0,0,1,27,7.5237023,4.0076797,250.5220947265625,4.288,4cdf6355-6782-48c4-87d6-5287e283bb3b,23mar2026,21,1001358,180,OYO,LAGELU,APATERE/KUFFI/OGUNBODE/OGO,KELEBE,2046. OYO,23965. LAGELU,7324. APATERE/KUFFI/OGUNBODE/OGO,1001358. KELEBE
24mar2026,24mar2026,collect:YsAYkdUu6EWZgIhf,1001359,24mar2026,Under tree borehole,20,40,Death of husband,Unemployment,Health challenges,Manutrition,Lack of good road,57,1,1,1,1,0,0,0,0,35,7.5201405,4.0186928,236.6455078,4.288,28c66b79-15f9-4e55-95e5-c40426495b6e,24mar2026,37,1001359,181,OYO,LAGELU,APATERE/KUFFI/OGUNBODE/OGO,KUFI 1,2046. OYO,23965. LAGELU,7324. APATERE/KUFFI/OGUNBODE/OGO,1001359. KUFI 1
31mar2026,31mar2026,collect:m73lkXkdgnffyQ4x,1001365,31mar2026,ILE ALAGA,13,23,ELECTRICITY,CREATION OF MARKETS,BOREHOLE WATER,NEED MORE HEALTH WORKERS,FINANCIAL EMPOWERMENT,3,0,1,1,1,0,0,0,0,36,7.5387512,4.0908179,242.9730834960938,3.484,cb6d353f-fed8-4115-97e3-3dabd7a8659e,31mar2026,113,1001365,134,OYO,LAGELU,LAGUN,ABESE,2046. OYO,23965. LAGELU,7325. LAGUN,1001365. ABESE
01apr2026,01apr2026,collect:m73lkXkdgnffyQ4x,1001369,01apr2026,ILE ALFA,36,28,Education facilities,Water Supply,Power Supply,Health Facilities,Financial Empowerment,3,0,1,1,1,0,0,0,0,64,7.5391267,4.089208,225.1754150390625,4.931,40b402eb-abad-4f95-b69f-ba04dbb14bb6,01apr2026,139,1001369,137,OYO,LAGELU,LAGUN,ILE ALFA,2046. OYO,23965. LAGELU,7325. LAGUN,1001369. ILE ALFA
31mar2026,31mar2026,collect:YsAYkdUu6EWZgIhf,1001379,31mar2026,"Ile Elewure oke oja, lagun",30,40,Lack of Electricity,Lack of good road,Death of husband,Money for business,Unemployment,70,1,1,1,0,0,0,0,0,50,7.5413915,4.0905845,252.9498291015625,3.216,624161e3-a53e-4bbc-b995-b99d254e5c88,31mar2026,118,1001379,147,OYO,LAGELU,LAGUN,OKE OJA,2046. OYO,23965. LAGELU,7325. LAGUN,1001379. OKE OJA
01apr2026,01apr2026,collect:YsAYkdUu6EWZgIhf,1001380,01apr2026,ONILAGUN PALACE,36,50,LACK OF ELECTRUCITY,Death of husband ,Money for business,Lack of school,Lack of road,3,0,1,1,1,0,0,0,0,86,7.5395769,4.0920589,238.7518920898438,4.645,cd95af3c-1c32-4a3c-9346-ac7cc50ddf68,01apr2026,137,1001380,146,OYO,LAGELU,LAGUN,ONILAGUN PALACE,2046. OYO,23965. LAGELU,7325. LAGUN,1001380. ONILAGUN PALACE
27mar2026,27mar2026,collect:YsAYkdUu6EWZgIhf,1001407,27mar2026,"Beside health centre, ogunranti",40,50,Death of husband,Lack of road,Lack of electricity,Money for business,Lack of school,90,1,1,1,1,0,0,0,0,50,7.5412296,4.0048225,293.1843872070312,4.824,1fb8e10d-8eab-4c76-ade5-2344069f924b,31mar2026,119,1001407,190,OYO,LAGELU,SAGBE/PABIEKUN,OGUNRANTI,2046. OYO,23965. LAGELU,7323. SAGBE/PABIEKUN,1001407. OGUNRANTI
24mar2026,25mar2026,collect:7a2Mk56obMNzr50S,1001409,24mar2026,Community Square,47,41,Food Insecurity,Inability To Access Basic Health Facility,Inability to Access Quality Education,Poor Shelter,Inability To Access Basic Infrastructures,3,0,1,1,1,0,0,0,0,50,7.9388328,4.1570629,337.3215332,3.93,251c7b8a-f24a-487f-bd86-07491829bd42,25mar2026,48,1001409,195,OYO,OGO OLUWA,AJAAWA II,ALASOOKO/OLOMOOBA/LADANU,2046. OYO,23968. OGO-OLUWA,7309. AJAAWA II,1001409. ALASOOKO/OLOMOOBA/LADANU
24mar2026,25mar2026,collect:jRkhdgPiFg5gCf1p,1001410,24mar2026,Community Square,26,20,Health and Nutrition-Inability to Access Basic Health Facilities,Education and Child development -Inability to Access Functional Schools,Living Standards-Inaccessibility to Basic Amenities,Work and Shocks-Unemployment,Food insecurity,4,0,1,1,1,1,0,0,0,38,7.965791,4.1413322,318.5895385742188,4.824,ca9d2715-5442-4d32-9c6e-d09e4552d1ea,25mar2026,49,1001410,196,OYO,OGO OLUWA,AJAAWA II,ANIKAN,2046. OYO,23968. OGO-OLUWA,7309. AJAAWA II,1001410. ANIKAN
25mar2026,25mar2026,collect:jRkhdgPiFg5gCf1p,1001411,25mar2026,Community Square,25,20,Inability to Access Basic Health Facilities,Food insecurity and Malnutrition,Poor shelter and widows with children,Unemployment and orphan children,Inability to Access Functional Schools,4,0,1,1,1,1,0,0,0,37,7.9507008,4.1315088,315.1839599609375,4.824,a49d983e-eb72-4754-9e47-17841a4ad4ce,25mar2026,62,1001411,193,OYO,OGO OLUWA,AJAAWA II,KAJOLA ALAGBARA,2046. OYO,23968. OGO-OLUWA,7309. AJAAWA II,1001411. KAJOLA ALAGBARA
26mar2026,27mar2026,collect:jRkhdgPiFg5gCf1p,1001412,26mar2026,Community Square,24,30,Poor shelter and High indebtedness,Food insecurity and poor facial appearance,Poor clothing and financial services,Unemployment and orphan,Inability to Access Functional Schools,3,0,1,1,1,0,0,0,0,51,7.9721867,4.1540758,363.2084350585938,4.288,7461f009-4d31-4278-a894-8f3c3bba176a,27mar2026,81,1001412,194,OYO,OGO OLUWA,AJAAWA II,OBANISUWA,2046. OYO,23968. OGO-OLUWA,7309. AJAAWA II,1001412. OBANISUWA
25mar2026,25mar2026,collect:7a2Mk56obMNzr50S,1001413,25mar2026,Community Square,60,80,Health and Nutrition-Inability to Access Basic Healthcare ,Education and Child Development- Inability to Access Quality Education,Food Insecurity,Work and Shocks- Unemployment,Standard of living,3,0,1,1,1,0,0,0,0,202,7.9348345,4.1319602,337.7057495117188,4.288,dad2384b-2efc-427f-9f0d-e62ecd125e0d,26mar2026,65,1001413,191,OYO,OGO OLUWA,AJAAWA II,OKE POAT,2046. OYO,23968. OGO-OLUWA,7309. AJAAWA II,1001413. OKE POAT
26mar2026,26mar2026,collect:7a2Mk56obMNzr50S,1001414,26mar2026,Community Square,30,50,Inability to access basic medical services,Food Insecurity and Malnutrition,Education and Child Development-Children out of school,Work and Shocks- Unemployment,Lack of basic Infrastructures,4,0,1,1,1,1,0,0,0,61,7.9672741,4.1370999,346.0692138671875,3.752,1ace13d9-d7a8-4f4f-9f94-f0cad1709a9b,26mar2026,75,1001414,192,OYO,OGO OLUWA,AJAAWA II,PARAPO/ALAGBON,2046. OYO,23968. OGO-OLUWA,7309. AJAAWA II,1001414. PARAPO/ALAGBON
31mar2026,31mar2026,collect:7a2Mk56obMNzr50S,1001415,31mar2026,Community Square,40,60,Inaccessibility to basic health care,Lack Of Infrastructures,Food Insecurity and Malnutrition,High indebtedness and poor Shelter,Unemployment,3,0,1,1,1,0,0,0,0,74,8.0085914,4.1378865,309.9639892578125,4.073,df254c89-8c65-46a9-a052-8cae7c57821e,31mar2026,126,1001415,201,OYO,OGO OLUWA,AYEDE,ALAWUSA OKE OBA/ALABAMETA,2046. OYO,23968. OGO-OLUWA,7308. AYEDE,1001415. ALAWUSA OKE OBA/ALABAMETA
31mar2026,01apr2026,collect:jRkhdgPiFg5gCf1p,1001416,31mar2026,Community Square,62,22,Widows with children and High indebtedness,Poor facial appearance and food insecurity,Unemployment and Disaster,Inaccessibility to financial services and Poor road network,Inability to Access Basic Health care,3,0,1,1,1,0,0,0,0,76,8.030388200000001,4.1492772,284.4013061523438,4.109,2c8a0996-65dd-45f0-80c8-a9953413c48b,01apr2026,136,1001416,200,OYO,OGO OLUWA,AYEDE,ALAWUSA OLOYE,2046. OYO,23968. OGO-OLUWA,7308. AYEDE,1001416. ALAWUSA OLOYE
01apr2026,02apr2026,collect:7a2Mk56obMNzr50S,1001417,01apr2026,Community Square,69,108,Poor road network and lack of Electricity,Inaccessibility to water supplies,Inaccessibility to market and financial services and poor communication network,Unemployment and Poor Shelter,Health and Nutrition- Food Insecurity,3,0,1,1,1,0,0,0,0,277,7.9821821,4.1365826,336.1510620117188,4.9,39faa599-b8f8-4298-b016-5203a87f3aab,02apr2026,151,1001417,199,OYO,OGO OLUWA,AYEDE,AYEDE,2046. OYO,23968. OGO-OLUWA,7308. AYEDE,1001417. AYEDE
01apr2026,03apr2026,collect:jRkhdgPiFg5gCf1p,1001418,01apr2026,Community Square,29,57, Accessibility to Functional Schools and poor shelter ,Unemployment and financial services,Health and Nutrition,Access to electricity and reliability,Living standards-Accessibility to Market and Tele communication service coverage,4,0,1,1,1,1,0,0,0,73,7.9837783,4.1499761,329.0054321289062,3.216,34bf42e9-a9d3-4394-9c7c-0fed846e046a,03apr2026,154,1001418,197,OYO,OGO OLUWA,AYEDE,ODOFO,2046. OYO,23968. OGO-OLUWA,7308. AYEDE,1001418. ODOFO
02apr2026,03apr2026,collect:jRkhdgPiFg5gCf1p,1001419,02apr2026,COMMUNITY SQUARE,55,80,Inaccessibility to health facilities and Malnutrition,Inaccessibility to functional School,Lack of electricity and poor road network,Work and Shocks-Unemployment rate,Living standards-Poor shelter and inaccessibility to financial services,3,0,1,1,1,0,0,0,0,88,7.9947616,4.1512291,375.0344238,3.644,5a8c8f89-1c9c-4a63-887a-8506a392c616,03apr2026,155,1001419,198,OYO,OGO OLUWA,AYEDE,ONIPELE,2046. OYO,23968. OGO-OLUWA,7308. AYEDE,1001419. ONIPELE
01apr2026,01apr2026,collect:OPqKDZLm3cUu1MoI,1001420,01apr2026,Under the tree Infront of Baale house,19,25,Poor road Network,Work and shock,Low Standard Of Living,Poor habitation,No Electricity Supply,3,0,1,1,1,0,0,0,0,33,8.3566795,4.1602125,444.4105834960938,3.859,5a882653-97e8-443e-874a-c9e1ff9cbbec,01apr2026,141,1001420,213,OYO,ORI IRE,ORI IRE II,BUDO ALFAA,2046. OYO,23973. ORI-IRE,7261. ORI IRE II,1001420. BUDO ALFAA
25mar2026,25mar2026,collect:OPqKDZLm3cUu1MoI,1001421,25mar2026,Under the tree beside the Baale house ,22,27,Health Challenges ,Work and shock ,Low Level of Education ,Disability ,Low Standard Of Living ,3,0,1,1,1,0,0,0,0,39,8.3358372,4.2284611,433.9729004,4.288,3fa4db99-4c04-4395-9fee-c316c16aa04e,25mar2026,55,1001421,206,OYO,ORI IRE,ORI IRE II,BUDO ODE ISALE,2046. OYO,23973. ORI-IRE,7261. ORI IRE II,1001421. BUDO ODE ISALE
25mar2026,25mar2026,collect:dVZYL9Ct8JziVY7k,1001422,25mar2026,"Budo ode ,baale compand",21,16,Economic shock ,Insecurity ,Lack of good health care ,Lack of good water ,Out of school children ,3,1,1,1,0,0,0,0,0,37,8.3384395,4.2320284,413.6575927734375,4.931,bcfd7310-1fe2-4dce-a868-ad6f92538d7f,25mar2026,54,1001422,205,OYO,ORI IRE,ORI IRE II,BUDO ODE OKE,2046. OYO,23973. ORI-IRE,7261. ORI IRE II,1001422. BUDO ODE OKE
18mar2026,24mar2026,collect:OPqKDZLm3cUu1MoI,1001423,18mar2026,Under the tree beside the Baale house,23,15,Health Challenges,Poor road Network,Poor Standard Of Living,Lack Of Public School,Work and Socks,3,0,1,1,1,0,0,0,0,30,8.332152799999999,4.1481468,452.2717285,4.931,f56fbac8-454d-4013-804b-59b444c54c2f,24mar2026,33,1001423,204,OYO,ORI IRE,ORI IRE II,GBALA/OLOSE,2046. OYO,23973. ORI-IRE,7261. ORI IRE II,1001423. GBALA/OLOSE
31mar2026,31mar2026,collect:OPqKDZLm3cUu1MoI,1001424,31mar2026,COMMUNITY TOWN HALL,19,13,Poor road Network,Poor habitation,No Public schools,Low Standard Of Living,No Portable water,3,0,1,1,1,0,0,0,0,23,8.383180400000001,4.1767724,424.3152465820312,3.859,63873c78-1870-44ba-abb3-06bd35478089,31mar2026,127,1001424,211,OYO,ORI IRE,ORI IRE II,IGBO ELERU,2046. OYO,23973. ORI-IRE,7261. ORI IRE II,1001424. IGBO ELERU
24mar2026,24mar2026,collect:dVZYL9Ct8JziVY7k,1001425,24mar2026,OPPOSITE EBO  ILLA  SECONDARY  SCHOOL ,40,18,Lack of good water ,Insecurity ,Lack of good health care ,Economic shock ,Poor standard of living ,4,0,1,1,1,1,0,0,0,58,8.320736399999999,4.1996245,419.8270263671875,4.824,a3dd5f5a-f410-46ca-b214-434903977e13,24mar2026,29,1001425,214,OYO,ORI IRE,ORI IRE II,ILLA,2046. OYO,23973. ORI-IRE,7261. ORI IRE II,1001425. ILLA
24mar2026,24mar2026,collect:OPqKDZLm3cUu1MoI,1001427,24mar2026,Infront of Baale house,17,11,Poor habitation,No public schools,Low Standard Of Living,Health Challenges,Work and shock,3,0,1,1,1,0,0,0,0,27,8.3753163,4.2500672,378.5731201171875,4.073,0cccf798-dcca-45e7-944e-1c3d261f21e1,24mar2026,36,1001427,215,OYO,ORI IRE,ORI IRE II,LADELE,2046. OYO,23973. ORI-IRE,7261. ORI IRE II,1001427. LADELE
18mar2026,24mar2026,collect:OPqKDZLm3cUu1MoI,1001429,18mar2026,Under the tree Infront of Baale house,53,45,Poor habitation,Health Challenges,Low Standard Of Living,Work and shock,Poor road Network,98,0,1,1,1,0,0,0,0,63,8.342389600000001,4.1992461,415.2486572265625,4.073,5605a1b2-3b5e-4640-82ac-9c71801b8f18,24mar2026,34,1001429,207,OYO,ORI IRE,ORI IRE II,OLOYA IJU,2046. OYO,23973. ORI-IRE,7261. ORI IRE II,1001429. OLOYA IJU
23mar2026,24mar2026,collect:OPqKDZLm3cUu1MoI,1001430,23mar2026,Under the tree beside the primary school,80,83,Wook and shock,Low Standard Of Living,Lack of water Supply,Health Challenges,Poor habitation,162,0,1,1,1,0,0,0,0,113,8.3198396,4.2118817,389.0444336,3.43,7e92338e-0cf8-4796-aef4-db513b281411,24mar2026,35,1001430,209,OYO,ORI IRE,ORI IRE II,TEWURE ISALE,2046. OYO,23973. ORI-IRE,7261. ORI IRE II,1001430. TEWURE ISALE
24mar2026,24mar2026,collect:dVZYL9Ct8JziVY7k,1001431,23mar2026,Zonal office ,88,42,Economic shock ,Out of school children ,Lack of good water,Insecurity ,Poor health care,3,0,1,1,1,0,0,0,0,130,8.321638200000001,4.2130574,398.5892333984375,4.824,68cc6ad6-c477-4b75-9d2c-fea6f6eeae01,24mar2026,27,1001431,202,OYO,ORI IRE,ORI IRE II,TEWURE OJA,2046. OYO,23973. ORI-IRE,7261. ORI IRE II,1001431. TEWURE OJA
24mar2026,24mar2026,collect:dVZYL9Ct8JziVY7k,1001432,24mar2026,BEHIND Transformer ,94,75,Out of school children ,Work and shock ,Insecurity ,Poo environment ,Lack of good water ,4,0,1,1,1,1,0,0,0,169,8.3244484,4.2095201,413.5189819335938,3.216,13266382-730a-4514-83c9-87fde8b6c6ca,24mar2026,28,1001432,208,OYO,ORI IRE,ORI IRE II,TEWURE OKE,2046. OYO,23973. ORI-IRE,7261. ORI IRE II,1001432. TEWURE OKE
31mar2026,31mar2026,collect:OPqKDZLm3cUu1MoI,1001433,31mar2026,Under the tree beside the Baale House ,102,120,Poor habitation ,Poor Electricity ,Lack of portable water ,Work and shock ,Low Standard Of Living ,3,0,1,1,1,0,0,0,0,210,8.3226052,4.2087335,396.6677246,4.502,4c42a84b-81aa-40f0-a1aa-3e5664936de8,31mar2026,117,1001433,210,OYO,ORI IRE,ORI IRE II,TEWURE ORITA,2046. OYO,23973. ORI-IRE,7261. ORI IRE II,1001433. TEWURE ORITA
26mar2026,26mar2026,collect:dVZYL9Ct8JziVY7k,1001434,26mar2026,"Baale, house ",22,10,OUT OF SCHOOL CHILDREN ,ECONOMIC SHOCK ,LACK OF GOOD WATER ,LACK OF GOOD HEALTH CARE ,INSECURITY ,3,1,1,1,0,0,0,0,0,32,8.464257099999999,4.2125534,377.8168334960938,4.824,e43c0213-87e8-44ae-b3c7-164f091c9a3c,26mar2026,69,1001434,219,OYO,ORI IRE,ORI IRE IV,ALAPETE,2046. OYO,23973. ORI-IRE,7263. ORI IRE IV,1001434. ALAPETE
26mar2026,26mar2026,collect:OPqKDZLm3cUu1MoI,1001435,26mar2026,Town Square ,20,25,Lack of portable water ,No Electricity ,Work and shock ,Poor Health Services ,No public schools ,3,0,1,1,1,0,0,0,0,29,8.441692,4.185929,355.6458740234375,4.288,7821f5da-b33a-49d0-9c31-91b0e9013508,26mar2026,70,1001435,220,OYO,ORI IRE,ORI IRE IV,ALAWEWO,2046. OYO,23973. ORI-IRE,7263. ORI IRE IV,1001435. ALAWEWO
04apr2026,06apr2026,collect:dVZYL9Ct8JziVY7k,1001436,04apr2026,"BESIDE, ANIMOJE MOSQUE",24,26,LACK OF GOOD WATER,LACK GOOD HEALTH CARE,LACK OF GOOD ROAD,Lack of security ,ECONOMIC SHOCK,3,1,1,1,0,0,0,0,0,50,8.466101,4.2283754,359.6431884765625,4.931,63eac6b1-b95b-424a-91d6-875f1b931979,16apr2026,171,1001436,216,OYO,ORI IRE,ORI IRE IV,ANIMOJE,2046. OYO,23973. ORI-IRE,7263. ORI IRE IV,1001436. ANIMOJE
31mar2026,31mar2026,collect:dVZYL9Ct8JziVY7k,1001437,31mar2026,Baale house ideji okebe,16,3,Economic shock,Out of school children,Lack of good road,Lack of good health care,INSECURITY ,4,1,1,1,0,1,0,0,0,19,8.450294,4.3109738,382.2734375,4.931,732bdc43-5b51-40e8-abef-16ffb4282a16,31mar2026,116,1001437,218,OYO,ORI IRE,ORI IRE IV,IDEJI OKEBE,2046. OYO,23973. ORI-IRE,7263. ORI IRE IV,1001437. IDEJI OKEBE
27mar2026,27mar2026,collect:dVZYL9Ct8JziVY7k,1001438,27mar2026,Under igi anu tree,7,3,Lack of good water ,Insecurity ,Economic shock ,Lack of good health care ,Out of school children ,3,1,1,1,0,0,0,0,0,10,8.4615513,4.1730798,408.2681884765625,4.931,3af472bf-b478-45e6-9b0c-9ad71c432e2d,27mar2026,85,1001438,221,OYO,ORI IRE,ORI IRE IV,IGBO AYIN,2046. OYO,23973. ORI-IRE,7263. ORI IRE IV,1001438. IGBO AYIN
27mar2026,27mar2026,collect:dVZYL9Ct8JziVY7k,1001440,27mar2026,OKEIGBA-ALFAA ,14,3,Out of school children ,Economic shock ,Lack of good health care ,Lack of good water ,Insecurity ,3,1,1,1,0,0,0,0,0,17,8.4176305,4.2498617,413.0664063,4.824,a163191e-7a1a-4e3c-8a18-5d24890e820c,27mar2026,82,1001440,217,OYO,ORI IRE,ORI IRE IV,OKEIGBA-ALFAA,2046. OYO,23973. ORI-IRE,7263. ORI IRE IV,1001440. OKEIGBA-ALFAA
27mar2026,27mar2026,collect:dVZYL9Ct8JziVY7k,1001441,27mar2026,Onigbin palace ,8,6,INSECURITY ,OUT OF SCHOOL CHILDREN ,LACK OF GOOD HEALTH CARE ,LACK OF GOOD WATER ,ECONOMIC SHOCK ,14,1,1,1,0,0,0,0,0,3,8.480676000000001,4.1603912,398.3657836914062,4.466,2ade1b56-7b03-4b14-b850-08affffcb361,27mar2026,89,1001441,222,OYO,ORI IRE,ORI IRE IV,ONIGBIN,2046. OYO,23973. ORI-IRE,7263. ORI IRE IV,1001441. ONIGBIN
30mar2026,30mar2026,collect:kZ8tgBHcyiGZ8StV,1001451,30mar2026,ABA ADEDUTAN MADAJI OKE AYO,101,54,LACK QUALITY HEALTH FACILITIES,LACK OF PORTABLE WATER,ENVIRONMENTAL DISASTER,WINDOW AND WIDOWER,PEOPLE WITH DISABILITIES,5,1,1,1,1,1,0,0,0,100,8.618310900000001,3.6123502,394.7649536132812,4.716,cbfd3550-22cc-4c4b-8db6-71b042b5dbab,30mar2026,108,1001451,237,OYO,SAKI EAST,AGO AMODU II,ABA ADEDUNTAN MADAJI,2046. OYO,23976. SAKI EAST,7253. AGO AMODU II,1001451. ABA ADEDUNTAN MADAJI
08apr2026,10apr2026,collect:kZ8tgBHcyiGZ8StV,1001452,08apr2026,BAALE ABA AJAKU,55,86,Inability to basic necessities,POOR AND VULNERABLE,WIDOW AND WIDOWER,AGED WITHOUT CARRIER,HEALTH RELATED ISSUES,5,1,1,1,1,1,0,0,0,138,8.6240571,3.6158195,398.5926513671875,4.824,c3ab6cae-4b9d-468e-9b8c-b71d2ecb33f3,10apr2026,166,1001452,249,OYO,SAKI EAST,AGO AMODU II,ABA AJAKU,2046. OYO,23976. SAKI EAST,7253. AGO AMODU II,1001452. ABA AJAKU
08apr2026,09apr2026,collect:IABeZRBtT2sgOHW0,1001453,08apr2026,OGALA(COMMISSIONER) COMPOUND ABA ALADE AGO AMODU,38,36,Lack of health facility,Lack of good nutrition,No access to quality education,Natural disasters,Unemployment,4,1,1,1,1,1,0,0,0,74,8.6195386,3.6078623,396.6057739257812,4.716,9a94c3a1-01af-44b2-b89c-4761632c1da1,09apr2026,163,1001453,235,OYO,SAKI EAST,AGO AMODU II,ABA ALADE,2046. OYO,23976. SAKI EAST,7253. AGO AMODU II,1001453. ABA ALADE
07apr2026,07apr2026,collect:kZ8tgBHcyiGZ8StV,1001456,07apr2026,"ABA BABA ILORIN, ILE ALAPO",45,80,LACK OF PORTABLE WATER,POOR AND VULNERABLE,INABILITY TO EAT THREE TIME DAILY,LACK OF BASIC NECESSITIES,LACK GOOD HEALTH FACILITIES,5,1,1,1,1,1,0,0,0,125,8.626877199999999,3.6163694,392.6640014648438,4.645,d15a8d01-fe1e-48fb-874e-a83b560134e3,08apr2026,161,1001456,248,OYO,SAKI EAST,AGO AMODU II,ABA BABA ILORIN,2046. OYO,23976. SAKI EAST,7253. AGO AMODU II,1001456. ABA BABA ILORIN
08apr2026,09apr2026,collect:IABeZRBtT2sgOHW0,1001459,09apr2026,ALAPO KILANKO COMPOUND ABA ELEKUKU AGO AMODU,37,60,Lack of health facility,Lack of good nutrition,No access to good road,No access to quality education,No access to drinkable water,4,1,1,1,1,0,0,0,0,97,8.6175142,3.6180817,416.9025879,4.288,dee3cbfd-9daf-4047-8377-5fe5e393a652,09apr2026,162,1001459,243,OYO,SAKI EAST,AGO AMODU II,ABA ELEKUKU,2046. OYO,23976. SAKI EAST,7253. AGO AMODU II,1001459. ABA ELEKUKU
07apr2026,07apr2026,collect:kZ8tgBHcyiGZ8StV,1001461,07apr2026,BAALE ABA SAKARE ILE AROBASA,50,80,LACK OF GOOD HEALTH FACILITIES,LACK OF PORTABLE WATER,POOR AND VULNERABLE,WIDOW AND WIDOWER,ACCESS TO EDUCATION,5,1,1,1,1,1,0,0,0,130,8.6222119,3.6120943,390.7836914,4.288,c967155c-275e-4632-a9df-68b7eb7c2de2,07apr2026,160,1001461,247,OYO,SAKI EAST,AGO AMODU II,ABA SAKARE,2046. OYO,23976. SAKI EAST,7253. AGO AMODU II,1001461. ABA SAKARE
08apr2026,13apr2026,collect:kZ8tgBHcyiGZ8StV,1001462,08apr2026,GAA ALH AFE COMPOUND,58,68,Poor and vulnerable,Widow and widower,Lack of basic necessities,Aged without carrier,Health related issues,5,1,1,1,1,1,0,0,0,126,8.6271155,3.6137185,391.3830566,4.288,b1c0fab2-5461-4676-8539-43eaf40c4426,13apr2026,167,1001462,236,OYO,SAKI EAST,AGO AMODU II,GAA ALH. AAFE,2046. OYO,23976. SAKI EAST,7253. AGO AMODU II,1001462. GAA ALH. AAFE
30mar2026,30mar2026,collect:IABeZRBtT2sgOHW0,1001464,30mar2026,Balogun compound gaa balogun ago amodu,46,59,Lack of health facility,Lack of quality education,Natural disasters,Lack of good road,No balance diet,5,1,1,1,1,1,0,0,0,105,8.620725,3.6120638,388.7194824,4.824,3d47166b-14e4-4657-8fc7-c68aa18ca87b,31mar2026,109,1001464,234,OYO,SAKI EAST,AGO AMODU II,GAA BALOGUN,2046. OYO,23976. SAKI EAST,7253. AGO AMODU II,1001464. GAA BALOGUN
07apr2026,09apr2026,collect:IABeZRBtT2sgOHW0,1001465,07apr2026,AROTA'S COMPOUND ISALE ADU GAA GOROYA AGO AMODU,70,45,NO ACCESS TO QUALITY EDUCATION,NO ACCESS TO HEALTH FACILITY,NO ACCESS TO NUTRITIONAL SUPPLEMENTS,NO GOOD ROAD,UNEMPLOYMENT,4,1,1,1,1,0,0,0,0,115,8.6234384,3.6126728,385.3143310546875,4.466,856b2f44-7224-4a24-87ad-098bdf1112f9,09apr2026,165,1001465,246,OYO,SAKI EAST,AGO AMODU II,GAA GOROYA,2046. OYO,23976. SAKI EAST,7253. AGO AMODU II,1001465. GAA GOROYA
07apr2026,09apr2026,collect:IABeZRBtT2sgOHW0,1001467,07apr2026,"Bada's compound oke ayo,gaa maajo Ago amodu",35,26,DROUGHT FARM AFFECTING,AGED WITHOUT CARRIER,NO ACCESS TO QUALITY EDUCATION,UNEMPLOYMENT,NO ACCESS TO HEALTH FACILITY,4,0,1,1,1,1,0,0,0,56,8.6172892,3.613772,401.0539551,4.931,9a5312a4-1f34-4520-b14b-0c1a9fc49ac6,09apr2026,164,1001467,244,OYO,SAKI EAST,AGO AMODU II,GAA MAAJO,2046. OYO,23976. SAKI EAST,7253. AGO AMODU II,1001467. GAA MAAJO
09apr2026,15apr2026,collect:kZ8tgBHcyiGZ8StV,1001468,15apr2026,BAALE ABA AGBAGBA ILE JIMOH RIWIRE,25,75,AGED WITHOUT CARRIER,LACK OF BASIC NECESSITIES,POOR AND VULNERABLE,WIDOW AND WIDOWER,INABILITY TO EAT THREE SQUARE MEAL PER DAY,5,1,1,1,1,1,0,0,0,64,8.632507,3.6419777,348.5083008,4.824,9644e70d-c541-4a7f-99d8-5f3aac97146a,15apr2026,169,1001468,255,OYO,SAKI EAST,SEPETERI I,ABA AGBAAGBA,2046. OYO,23976. SAKI EAST,7245. SEPETERI I,1001468. ABA AGBAAGBA
24apr2026,24apr2026,collect:QDCGQ7WosiL1Nacr,1001470,24apr2026,Ile Ogbooro Aba Agoro sepeteri,22,56,Selection by Aged,Selection by youth unemployment,Selection by inability to feed the family,Selection by widow,Selection by health challenges,4,0,1,1,1,1,0,0,0,74,8.625654300000001,3.6452497,371.9127807617188,4.645,ad9f3688-ccd9-406d-9134-a391edc36562,24apr2026,184,1001470,257,OYO,SAKI EAST,SEPETERI I,ABA AGORO,2046. OYO,23976. SAKI EAST,7245. SEPETERI I,1001470. ABA AGORO
10apr2026,20apr2026,collect:QDCGQ7WosiL1Nacr,1001471,10apr2026,Alh Bako's Compound Ibu Iya road Sepeteri,29,61,Selection by widow,Selection by inability to feed family,Selection by Age group,Selection by inability to have access to quality Education,Selection by destruction of house by rain storm,4,0,1,1,1,1,0,0,1,80,8.6237563,3.645952,381.8101806640625,4.716,f20e14ea-a734-4fde-8508-a89cd5570280,21apr2026,180,1001471,256,OYO,SAKI EAST,SEPETERI I,ABA ALH. BAKO,2046. OYO,23976. SAKI EAST,7245. SEPETERI I,1001471. ABA ALH. BAKO
09apr2026,14apr2026,collect:kZ8tgBHcyiGZ8StV,1001473,14apr2026,"BALA ARIWO COMPOUND, PAKANYIN OJU OJA ",46,88,LACK OF BASIC NECESSITIES,POOR AND VULNERABLE,Aged without carrier,WIDOW AND WIDOWER,HEALTH RELATED ISSUES,5,1,1,1,1,1,0,0,0,126,8.6275368,3.6437158,388.3197631835938,4.931,b70a9c1b-8b81-4442-a70c-3c9f965e5a91,14apr2026,168,1001473,252,OYO,SAKI EAST,SEPETERI I,ABA ARIWO,2046. OYO,23976. SAKI EAST,7245. SEPETERI I,1001473. ABA ARIWO
10apr2026,20apr2026,collect:QDCGQ7WosiL1Nacr,1001474,10apr2026,Mode Compound Aba Ayanwale,42,159,Selection by inability to feed family,Selection by inability to have access to quality Education,Selection by health challenges,Selection by Aged,Selection by destruction of house by rain storm,4,0,1,1,1,1,0,0,1,148,8.6282488,3.6468796,366.5132446289062,3.43,5ec20af5-ff2f-465d-966c-77c97cfc5953,21apr2026,181,1001474,258,OYO,SAKI EAST,SEPETERI I,ABA AYANWALE,2046. OYO,23976. SAKI EAST,7245. SEPETERI I,1001474. ABA AYANWALE
10apr2026,17apr2026,collect:IABeZRBtT2sgOHW0,1001479,10apr2026,OKE OPE COMPOUND ABA OLOOSHA SEPETERI,65,75,No access to drinkable water,No access to quality education,No access to health facility,Natural disasters,No electricity,4,1,1,1,1,0,0,0,0,135,8.627806100000001,3.6444764,375.3000183105469,4.466,82a3fe04-6e8e-444e-b50d-69f3a3877183,20apr2026,175,1001479,251,OYO,SAKI EAST,SEPETERI I,ABA OLOOSHA,2046. OYO,23976. SAKI EAST,7245. SEPETERI I,1001479. ABA OLOOSHA
10apr2026,15apr2026,collect:kZ8tgBHcyiGZ8StV,1001480,14apr2026,"BALE ABA OPO, EGBE CHURCH",39,75,INABILITY TO HAVE THREE SQUARE MEAL PER DAY,INABILITY TO SEND CHILDREN TO SCHOOL,POOR AND VULNERABLE,HEALTH RELATED ISSUES,WIDOW AND WIDOWER,5,1,1,1,1,1,0,0,0,74,8.630395699999999,3.6447764,360.1219482421875,4.288,8f39a9d9-81a5-467c-996a-b82941c1f84a,15apr2026,170,1001480,254,OYO,SAKI EAST,SEPETERI I,ABA OPO,2046. OYO,23976. SAKI EAST,7245. SEPETERI I,1001480. ABA OPO
10apr2026,21apr2026,collect:QDCGQ7WosiL1Nacr,1001480,10apr2026,"Opo's Compound, Isale Igbagbo",30,55,Selection by inability to use the family,Selection by inability to have access to quality Education,Selection by health challenges,Selection by widow,Selection by farms being destroy be Herders,4,0,1,1,1,0,1,0,1,74,8.6303447,3.6448213,350.6292724609375,4.288,bd9f2625-0b40-40b3-84f7-486f299510d3,21apr2026,183,1001480,254,OYO,SAKI EAST,SEPETERI I,ABA OPO,2046. OYO,23976. SAKI EAST,7245. SEPETERI I,1001480. ABA OPO
09apr2026,17apr2026,collect:IABeZRBtT2sgOHW0,1001482,09apr2026,ASU COMPOUND ABA SABATA OKE ODO SEPETERI,25,45,Lack of health facility,Lack of drinkable water,No access to school,No good road,Natural disasters,4,1,1,1,1,0,0,0,0,67,8.630410700000001,3.6430003,369.7247314453125,3.216,b9d2a3d3-6197-4ef5-a4f4-5f91ca6a76c4,20apr2026,174,1001482,253,OYO,SAKI EAST,SEPETERI I,ABA SABATA OKE ODO,2046. OYO,23976. SAKI EAST,7245. SEPETERI I,1001482. ABA SABATA OKE ODO
10apr2026,20apr2026,collect:QDCGQ7WosiL1Nacr,1001484,10apr2026,Ile Oganla oke yidi Surumo Sepeteri,50,70,Selection by Aged,Selection by widow,Selection by inability to have access to quality Education,Selection by inability to feed the family,Selection by destruction of building by rain storm,4,0,1,1,1,1,0,0,1,106,8.633998800000001,3.6466988,349.958252,4.716,94e03a95-f81a-4440-90ef-211601215973,21apr2026,182,1001484,250,OYO,SAKI EAST,SEPETERI I,GAA ALH. SURUMO,2046. OYO,23976. SAKI EAST,7245. SEPETERI I,1001484. GAA ALH. SURUMO
02apr2026,02apr2026,collect:QDCGQ7WosiL1Nacr,1001488,02apr2026,Ajijolaiya Compound Isale Ola,21,76,Selection by widow,Selection by Aged,Selection by inability to have basic Education,Selection by inability to feed family,Selection by sickness and health challenges,4,0,1,1,1,1,0,0,1,110,8.6290212,3.641705,365.5436401367188,4.824,8afe72ac-0fb8-4491-8c9d-ca52bff859a4,21apr2026,179,1001488,274,OYO,SAKI EAST,SEPETERI IV,ABA JUKU BIO,2046. OYO,23976. SAKI EAST,7246. SEPETERI IV,1001488. ABA JUKU BIO
01apr2026,01apr2026,collect:QDCGQ7WosiL1Nacr,1001491,01apr2026,Seriki Compound,32,82,Selection by widow,Selection by flood affecting farm yields,Selection by Aged,Selection by inability to feed family members,Selection by sickness and health challenges,5,0,1,1,0,1,0,0,0,105,8.627241700000001,3.6383563,373.4848022460938,4.109,159b4321-41ed-491c-924a-ad4f5ab117a2,21apr2026,177,1001491,273,OYO,SAKI EAST,SEPETERI IV,GAA ABDULLAH ONKOSA,2046. OYO,23976. SAKI EAST,7246. SEPETERI IV,1001491. GAA ABDULLAH ONKOSA
01apr2026,01apr2026,collect:kZ8tgBHcyiGZ8StV,1001491,01apr2026,"GAA ABDULLAH ONKOSA, SERIKI COMPOUND",32,82,Poor and vulnerable,Unemployment,People with disabilities,Inability of three square meal a day,Widow and widower ,5,1,1,1,1,1,0,0,1,114,8.6273254,3.6384337,366.4044189453125,4.824,e49a152e-78e6-4de3-b6e1-bc6912a8891a,01apr2026,138,1001491,273,OYO,SAKI EAST,SEPETERI IV,GAA ABDULLAH ONKOSA,2046. OYO,23976. SAKI EAST,7246. SEPETERI IV,1001491. GAA ABDULLAH ONKOSA
01apr2026,01apr2026,collect:QDCGQ7WosiL1Nacr,1001494,01apr2026,Labe Compound,55,45,Selection by Drought affecting farm yields,Selection by widow,Selection by Aged without carrier,Selection by inability to have basic necessities,Selection by sickness and health challenges,4,0,1,0,1,0,0,0,1,100,8.626106500000001,3.6389114,370.512207,4.824,ef0616c2-133c-4d8e-9af3-d57ba2e81e88,21apr2026,176,1001494,276,OYO,SAKI EAST,SEPETERI IV,GAA YERMO YAYUN,2046. OYO,23976. SAKI EAST,7246. SEPETERI IV,1001494. GAA YERMO YAYUN
25mar2026,27mar2026,collect:laEOYKqfT77q7sDI,1001516,25mar2026,BAALE'S HOUSE,20,15,Food insecurity,Substandard housing unit,Poor living conditions,Unemployment,Poor access to good school,3,0,1,1,1,0,0,0,0,35,8.0539699,4.4809676,423.3726806640625,4.824,15ea8a59-8535-49ad-9f5a-5393f289a988,27mar2026,84,1001516,297,OYO,SURULERE,IREGBA,ABULE OBA,2046. OYO,23978. SURULERE,7241. IREGBA,1001516. ABULE OBA
26mar2026,27mar2026,collect:0AeSRXCFar1fGMNV,1001517,,,36,23,Unemployment and aged poeple,No upgrade school,No transforma for electricity,No access to good road within community,No health facilities and drinkable water,3,0,1,1,1,0,0,0,0,57,8.0444698,4.4650637,415.492,1.481,da8920a9-4ec4-47d1-af77-124934c33076,27mar2026,94,1001517,304,OYO,SURULERE,IREGBA,ALAYIN,2046. OYO,23978. SURULERE,7241. IREGBA,1001517. ALAYIN
25mar2026,27mar2026,collect:0AeSRXCFar1fGMNV,1001518,,,35,50,There is no access to water,Inadequate and long distance of public schools,There is no electricity light,High number of aged women and men,Long distance to health facilities,3,0,1,1,1,0,0,0,0,73,7.9903112,4.5209153,387.5,2.583,158bd990-037f-4e57-a60e-042fcceb035d,27mar2026,80,1001518,300,OYO,SURULERE,IREGBA,ALUGBIN,2046. OYO,23978. SURULERE,7241. IREGBA,1001518. ALUGBIN
24mar2026,28mar2026,collect:0AeSRXCFar1fGMNV,1001520,,,28,22,No drinking water,No public school,No good road,No health facilities,No electricity light,4,0,1,1,1,0,0,0,1,37,8.0419108,4.4990081,407.677,1.413,ead9eef8-9746-453e-9db2-6973a03daed7,28mar2026,101,1001520,307,OYO,SURULERE,IREGBA,GAA IREGBA,2046. OYO,23978. SURULERE,7241. IREGBA,1001520. GAA IREGBA
26mar2026,29mar2026,collect:laEOYKqfT77q7sDI,1001521,26mar2026,Under the 🌲 at idi ori,44,42,Poor living conditions,Aged men and women,Poor health condition,Poor nutrition,No public school,3,0,1,1,1,0,0,0,0,86,8.1373871,4.2352647,382.4605712890625,4.716,f8355ff2-8b19-4958-ab96-964699bdc1e6,01apr2026,140,1001521,305,OYO,SURULERE,IREGBA,IDI ORI,2046. OYO,23978. SURULERE,7241. IREGBA,1001521. IDI ORI
24mar2026,30mar2026,collect:6p9lNM2GpyTpUDIz,1001522,24mar2026,Aregba palace,11,12,Poor of the poor,Dillapited building,Out of school children,Poor nutrition,Poor health facilities,12,1,1,1,1,1,0,0,1,14,8.0563077,4.4890625,438.9232177734375,4.466,fe516f49-6b27-4b21-8479-1de5746e37f2,30mar2026,103,1001522,301,OYO,SURULERE,IREGBA,IREGBA ZONE A,2046. OYO,23978. SURULERE,7241. IREGBA,1001522. IREGBA ZONE A
24mar2026,27mar2026,collect:laEOYKqfT77q7sDI,1001523,24mar2026,IREGBA BAPTIST CHURCH,64,66,Food insecurity,Limited access to clean drinking water,Unemployment,Limited access to healthcare services,Limited access to quality education,3,0,1,1,1,0,0,0,0,130,8.0534795,4.4868312,411.3085938,4.288,2c38eca4-9a27-4ad2-8775-4e2dd48b4050,27mar2026,83,1001523,302,OYO,SURULERE,IREGBA,IREGBA ZONE B,2046. OYO,23978. SURULERE,7241. IREGBA,1001523. IREGBA ZONE B
24mar2026,28mar2026,collect:0AeSRXCFar1fGMNV,1001524,,,51,62,There is drinkable water,There are dropped out students due to lack of money,No stable electricity,No health facilities,No access to good road,4,0,1,1,1,0,0,0,1,91,8.051207099999999,4.4887507,400.434,0.956,551d42b0-f51d-41ea-86c9-8ded5c2ef6f6,28mar2026,100,1001524,303,OYO,SURULERE,IREGBA,IREGBA ZONE C,2046. OYO,23978. SURULERE,7241. IREGBA,1001524. IREGBA ZONE C
26mar2026,28mar2026,collect:N2hChfSZiEvZAaXG,1001528,26mar2026,Under tree at temidire,23,23,Poor nutrition,Unemployment,Aged men and women,No drinkable water,No health facilities,3,0,1,1,1,0,0,0,0,37,8.0621829,4.4468374,434.0126342773438,4.466,9f276767-6555-45fb-afcf-f5eca2cc2f49,28mar2026,99,1001528,308,OYO,SURULERE,IREGBA,TEMIDIRE IREGBA,2046. OYO,23978. SURULERE,7241. IREGBA,1001528. TEMIDIRE IREGBA
25mar2026,30mar2026,collect:6p9lNM2GpyTpUDIz,1001529,25mar2026,Yakoyo palace,24,43,Lack of school,Lack of good road,Lack of access to drinkable water,Lack of housing units,Food insecurity,160,1,1,1,1,1,0,0,0,53,8.0711437,4.5106548,395.7113037109375,4.824,c0d9023d-3a1c-4410-a4e7-7262a6fceb0c,30mar2026,104,1001529,306,OYO,SURULERE,IREGBA,YAKOYO,2046. OYO,23978. SURULERE,7241. IREGBA,1001529. YAKOYO
23mar2026,01apr2026,collect:laEOYKqfT77q7sDI,1001530,23mar2026,ABEWO PALACE,60,80,Substandard housing unit,Limited access to safe drinking water,Poor access to healthcare services,Unemployment,Poor access to transportation,3,0,1,1,1,0,0,0,0,129,8.174648899999999,4.3814578,417.0402221679688,4.502,ed020b39-65ee-4eab-a91f-bbc6b9a01acf,01apr2026,134,1001530,313,OYO,SURULERE,IWOFIN,ABEWO,2046. OYO,23978. SURULERE,7235. IWOFIN,1001530. ABEWO
17mar2026,26mar2026,collect:0AeSRXCFar1fGMNV,1001531,,,61,102,There is no health facility,There is no public school,There are aged people who are unable to work,There is no good road in the community,There are Out of School children,3,0,1,1,1,0,0,0,0,145,8.1291066,4.3132259,405.93,1.446,6d4cda69-d788-41a7-a6bc-a9268ececd82,27mar2026,79,1001531,317,OYO,SURULERE,IWOFIN,ATILE,2046. OYO,23978. SURULERE,7235. IWOFIN,1001531. ATILE
17mar2026,02apr2026,collect:6p9lNM2GpyTpUDIz,1001532,18mar2026,ITILE,45,70,No health facilities,No public school,People with disabilities,No good road,Out of school children,115,1,1,1,1,1,0,0,1,90,8.129109,4.3132405,413.5283813476562,4.288,d75d7bbc-7f92-43a2-8ff0-5a8fe245848c,02apr2026,142,1001532,314,OYO,SURULERE,IWOFIN,FAKUNBI,2046. OYO,23978. SURULERE,7235. IWOFIN,1001532. FAKUNBI
01apr2026,04apr2026,collect:6p9lNM2GpyTpUDIz,1001533,01apr2026,Under the tree,60,70,Lack of employment,Lack of access drinking water,Lack of good road,Lack of quality education,Hunger and poor,4,1,1,1,1,0,0,0,0,120,8.1996941,4.4736431,421.8338623046875,4.824,9b5e1131-305f-431b-a4be-cf271d5f6140,04apr2026,159,1001533,318,OYO,SURULERE,IWOFIN,IGBEDU,2046. OYO,23978. SURULERE,7235. IWOFIN,1001533. IGBEDU
31mar2026,02apr2026,collect:laEOYKqfT77q7sDI,1001534,30mar2026,KERE PALACE,200,330,Poor living conditions,No access to good school,Poor access to healthcare services,Poor Nutrition,No access to portable drinking waters,3,0,1,1,1,0,0,0,0,500,8.1607208,4.2241794,339.1253662109375,4.288,671b57fc-3bea-4dea-8009-f309668cafb6,02apr2026,148,1001534,315,OYO,SURULERE,IWOFIN,KERE,2046. OYO,23978. SURULERE,7235. IWOFIN,1001534. KERE
27mar2026,01apr2026,collect:6p9lNM2GpyTpUDIz,1001536,27mar2026,OGOJO village,105,260,Lack of good road,Lack of employment,Lack of access drinking water,Lack of amenities,Lack of bbb,4,1,1,0,1,0,0,0,0,377,8.119665299999999,4.3173977,348.2670898,4.288,fd614e2a-5096-4518-9980-f503b9b7dce8,01apr2026,133,1001536,316,OYO,SURULERE,IWOFIN,OGOJO,2046. OYO,23978. SURULERE,7235. IWOFIN,1001536. OGOJO
29mar2026,29mar2026,collect:laEOYKqfT77q7sDI,1001537,19mar2026,BAALE'S PALACE,62,65,Poor Nutrition,Poor standard of Living,Poor housing unit,Poor access to healthcare services,Poor access to good school,3,0,1,1,1,0,0,0,0,100,8.1608106,4.2241048,321.5655517578125,4.931,86bd1561-d298-475f-adeb-cdb175ff96e1,29mar2026,102,1001537,320,OYO,SURULERE,IWOFIN,TEMIDIRE IDI-OGUN,2046. OYO,23978. SURULERE,7235. IWOFIN,1001537. TEMIDIRE IDI-OGUN
23mar2026,31mar2026,collect:6p9lNM2GpyTpUDIz,1001538,23mar2026,UNDER THE TREE IN TEMIDIRE,35,58,Lack of good road,Lack of access drinking water,Lack of good quality education,Unemployment,Poor and hunger,4,1,1,1,1,1,0,0,0,48,8.154271700000001,4.428445,404.4625244140625,3.216,c31d116c-8081-415b-afd2-5d05bf2583c9,31mar2026,110,1001538,312,OYO,SURULERE,IWOFIN,TEMIDIRE IWOFIN,2046. OYO,23978. SURULERE,7235. IWOFIN,1001538. TEMIDIRE IWOFIN
17mar2026,17mar2026,collect:cDQt6zh0h0t4Hwx4,1001541,,,45,15,Health and Education ,Nutrition and,Shock And Work ,Digesters And,Health and Nutrition ,3,1,1,1,1,0,0,0,0,200,12.9552033,4.7875084,248.5,4.916,6edae9dc-e5cc-43fa-96c1-94cd60ea4639,18mar2026,25,1001541,22,SOKOTO,BINJI,GAWAZZAI,BANIZUMBU,2049. SOKOTO,24019. BINJI,9990. GAWAZZAI,1001541. BANIZUMBU
16mar2026,16mar2026,collect:wTcblnOlmIt3nraJ,1001543,,,74,36,Health And Nutrition,Education And Child Development,Living standards,Work And shocks,Health And Nutrition,5,1,1,1,1,1,0,0,0,110,13.2232933,4.909607,233.9,4.72,d7765f1a-5e5e-49de-acca-2d49da97a236,16mar2026,9,1001543,8,SOKOTO,BINJI,GAWAZZAI,FAKARA,2049. SOKOTO,24019. BINJI,9990. GAWAZZAI,1001543. FAKARA
26mar2026,26mar2026,collect:wTcblnOlmIt3nraJ,1001548,,,20,45,Health And Nutrition ,Living And Standard ,Work Shock ,Educational ,Health And Nutrition ,5,1,1,1,1,1,1,0,0,65,13.2227994,4.9069426,253.9,4.82,74e1c7cf-5420-4b68-befc-a3d0cde61e78,26mar2026,59,1001548,9,SOKOTO,BINJI,GAWAZZAI,WARDEBE,2049. SOKOTO,24019. BINJI,9990. GAWAZZAI,1001548. WARDEBE
25mar2026,25mar2026,collect:jZ757SLbp7O4CjUk,1001554,,,31,50,Shocks and works,Health and nutrition,Living standard ,Education and child development ,Poverty and vulnerability ,5,1,1,1,1,1,0,0,0,81,13.2812883,4.8797633,266.2,5,c9ad5f67-ef81-4d23-8f28-c90f8fa6b38e,25mar2026,55,1001554,7,SOKOTO,BINJI,JAMALI,HERE,2049. SOKOTO,24019. BINJI,9991. JAMALI,1001554. HERE
02apr2026,02apr2026,collect:jZ757SLbp7O4CjUk,1001559,,,27,25,Poor and vulnerable,Works and shocks,Health and nutrition,Education and child development,Living standard,5,1,1,1,1,1,0,0,0,52,13.286615,4.8584283,162.2,7.2,592012fb-63e5-4f02-a415-46fafe493b4b,15apr2026,78,1001559,1,SOKOTO,BINJI,JAMALI,TAKA LAHIYA,2049. SOKOTO,24019. BINJI,9991. JAMALI,1001559. TAKA LAHIYA
16mar2026,16mar2026,collect:jZ757SLbp7O4CjUk,1001561,,,33,71,Lack of living standard,People living with Shocks ,Children out of school,Lack of medical bills,People living with poverty ,5,1,1,1,1,1,0,0,0,104,13.2708023,4.8820418,248.3,4.8,7198f1a9-2410-4e6f-98e5-d55f60f0a15d,16mar2026,5,1001561,6,SOKOTO,BINJI,JAMALI,TUNGA,2049. SOKOTO,24019. BINJI,9991. JAMALI,1001561. TUNGA
25mar2026,25mar2026,collect:Z6caSSspXzjk1OlY,1001565,,,62,7,Health and nutrition ,Living standard ,Work and shock ,Education and child development ,Health and nutrition ,3,1,1,1,0,1,0,0,0,69,13.2906156,4.9061166,295,4.283,a5effc32-832d-4533-8239-595828fddf04,25mar2026,48,1001565,11,SOKOTO,BINJI,SORON G,GIDAN DAJI,2049. SOKOTO,24019. BINJI,9992. SORON G,1001565. GIDAN DAJI
17mar2026,17mar2026,collect:Z6caSSspXzjk1OlY,1001570,,,40,12,Health and nutrition ,Education and child development ,Living standard ,Work and shocks ,Health and nutrition ,3,1,1,1,1,0,0,0,0,52,13.1473933,4.85802,262.4,4.45,193d2507-04f3-4ec5-b3ba-54dbaaa0e3a9,17mar2026,21,1001570,12,SOKOTO,BINJI,SORON G,JAREDI,2049. SOKOTO,24019. BINJI,9992. SORON G,1001570. JAREDI
27mar2026,27mar2026,collect:Z6caSSspXzjk1OlY,1001571,,,34,46,Health and nutrition ,Education and child development ,Living standard ,Work and shock ,Health and nutrition ,5,1,1,0,1,1,0,0,1,80,13.1353511,4.8684395,264.7,4.983,9852c03d-f80b-44f8-92f0-57e7681bfd05,27mar2026,64,1001571,14,SOKOTO,BINJI,SORON G,KADI,2049. SOKOTO,24019. BINJI,9992. SORON G,1001571. KADI
29mar2026,29mar2026,collect:Z6caSSspXzjk1OlY,1001574,,,16,6,Health and nutrition ,Education and child development ,Living standard ,Work and shock ,Health and nutrition ,4,1,1,1,0,1,0,0,0,22,13.13826,4.8682067,265.3,3.8,be6517ca-2b12-4826-b0f4-d1f32d407eed,29mar2026,67,1001574,15,SOKOTO,BINJI,SORON G,MAKARANTA,2049. SOKOTO,24019. BINJI,9992. SORON G,1001574. MAKARANTA
29mar2026,29mar2026,collect:Z6caSSspXzjk1OlY,1001575,,,28,12,Health and nutrition ,Education and child development ,Living standard ,Work and shock ,Health and nutrition ,4,1,1,1,0,1,0,0,0,40,13.1415481,4.8766786,259.7,4.88,3c1220f0-a886-493c-878a-8842c5ff76e6,29mar2026,68,1001575,13,SOKOTO,BINJI,SORON G,MALO,2049. SOKOTO,24019. BINJI,9992. SORON G,1001575. MALO
16mar2026,16mar2026,collect:Z6caSSspXzjk1OlY,1001580,,,57,54,Health and nutrition ,Education and child development ,Living standard ,Work and shock,Nutrition and health ,6,1,1,1,1,1,0,0,1,111,13.1547575,4.8351932,266.6,4.861,bc038759-55ba-41c1-a3f5-bdf83c000179,16mar2026,10,1001580,10,SOKOTO,BINJI,SORON G,TUNNA,2049. SOKOTO,24019. BINJI,9992. SORON G,1001580. TUNNA
24mar2026,24mar2026,collect:nQdoYRTszFzV9fgT,1001581,,,121,36,HEALTH AND NUTRITION,EDUCATION AND CHILD DEVILOPMENT,LIVING STARNDART,WORKS AND SORKS,INSCURIT AND BANDICTRY AID,4,1,1,1,1,0,0,0,0,121,13.3188327,4.2140684,261.5,4.4,8116dfd7-1824-4267-9037-54fb530617a4,24mar2026,42,1001581,56,SOKOTO,GUDU,CHILAS,CHILAS DANFILI,2049. SOKOTO,24024. GUDU,8146. CHILAS/MAKUYA,1001581. CHILAS DANFILI
26mar2026,26mar2026,collect:aUnF1XE5XogMcWMb,1001582,,,3,1,Education and child development ,Health and nutrition ,Lack of drinking water ,Shork and hunger ,Living standard ,3,1,1,1,0,0,0,0,0,60,13.5748777,4.3672724,0,699.999,bcbb6c2f-1f5a-45a6-a40a-534ad07b2fbc,26mar2026,63,1001582,52,SOKOTO,GUDU,CHILAS,DANGADABRO,2049. SOKOTO,24024. GUDU,8146. CHILAS/MAKUYA,1001582. DANGADABRO
25mar2026,25mar2026,collect:aUnF1XE5XogMcWMb,1001583,,,3,1,Health and nutrition,Education and child development,Living standard,Lack of hospital,Shork and hunger,3,1,0,1,1,0,0,0,0,120,13.5651028,4.4742406,288.9,2.288,4f6d5e69-9f8e-4c11-b725-84edf2652c82,25mar2026,57,1001583,53,SOKOTO,GUDU,CHILAS,DANGADABRO DAN FILI,2049. SOKOTO,24024. GUDU,8146. CHILAS/MAKUYA,1001583. DANGADABRO DAN FILI
26mar2026,26mar2026,collect:aUnF1XE5XogMcWMb,1001584,,,2,1,Health and nutrition,Education and child development,Living standard,Shork and hunger,Lack of hospital,3,1,0,1,1,0,0,0,0,56,13.5642505,4.476087,254.8000030517578,2.346,25fc31c0-84c3-4f93-9cf6-e8eb15bb7679,26mar2026,62,1001584,51,SOKOTO,GUDU,CHILAS,INGILA ZOMO,2049. SOKOTO,24024. GUDU,8146. CHILAS/MAKUYA,1001584. INGILA ZOMO
19apr2026,19apr2026,collect:nQdoYRTszFzV9fgT,1001585,,,162,20,Health and Nutrition,Education child devilopment,Work and shorcks,Living  standarts,Enadquareds of social aminities,4,1,1,1,1,1,0,0,0,182,13.3140983,4.2116767,242.1,2.9,db8a638e-6aa1-4532-9402-4a88302e6d38,19apr2026,80,1001585,47,SOKOTO,GUDU,CHILAS,KASAURA DANFILI,2049. SOKOTO,24024. GUDU,8146. CHILAS/MAKUYA,1001585. KASAURA DANFILI
19apr2026,19apr2026,collect:nQdoYRTszFzV9fgT,1001586,,,267,18,Health and nutrition,Education and child devilopment,Living standarts,Works and shorcks,Insqurity and banditary acts,4,1,1,1,1,0,0,0,0,285,13.3141983,4.2127533,235,4,46988a8e-1c8c-46bb-b880-d8192bb60b41,19apr2026,81,1001586,48,SOKOTO,GUDU,CHILAS,KASAURA KWARE,2049. SOKOTO,24024. GUDU,8146. CHILAS/MAKUYA,1001586. KASAURA KWARE
16mar2026,16mar2026,collect:nQdoYRTszFzV9fgT,1001588,,,156,16,Education and child development ,Health and Nutrition ,Work and sork,Living standards ,Insquerity ricks,4,1,1,1,1,0,0,0,0,172,13.3209061,4.2135382,250.8,4.25,961e335f-b6b8-426b-828d-b04d68178798,18mar2026,23,1001588,49,SOKOTO,GUDU,CHILAS,SABON GARIN CHILAS,2049. SOKOTO,24024. GUDU,8146. CHILAS/MAKUYA,1001588. SABON GARIN CHILAS
25mar2026,25mar2026,collect:nQdoYRTszFzV9fgT,1001589,,,97,10,HEALTH  AND NUTRITION,EDUCATION AND CHILD DELOPMENT,WORK AND SHORK,LIVIN  STANDART,INADQUETE OF INPRASTRUCTURAL  FACILITIES,4,1,1,1,1,0,0,0,0,107,13.319521,4.2144126,253.2,3.45,dccfcbd1-95b9-491a-8c97-b9854ed5612f,25mar2026,49,1001589,50,SOKOTO,GUDU,CHILAS,TAMARUSA,2049. SOKOTO,24024. GUDU,8146. CHILAS/MAKUYA,1001589. TAMARUSA
24mar2026,24mar2026,collect:nQdoYRTszFzV9fgT,1001590,,,98,39,EDUCATION AND CHILD DEVILOPMENT,HELTH AND NUTRITION,WORK AND SHORKS,LIVING STANDART,POVATY AND JOBLESS,137,1,1,1,1,0,0,0,0,137,13.3187786,4.214684,288.6,3.82,e1c8e64a-b46c-4d03-b338-cb91617ac2d3,24mar2026,41,1001590,55,SOKOTO,GUDU,CHILAS,TANGAZAWA,2049. SOKOTO,24024. GUDU,8146. CHILAS/MAKUYA,1001590. TANGAZAWA
20apr2026,20apr2026,collect:kBu3WXKkSYSeolvJ,1001593,20apr2026,Garkar Maigari ,43,21,Health and nutrition ,Education and child development ,Living standards ,Work and shocks ,Lack of security outpost ,2,1,1,1,1,1,1,1,1,64,13.24406,4.462365,237.3,4.9,437910b9-d41a-4920-95eb-ca64e1658d9b,20apr2026,82,1001593,46,SOKOTO,GUDU,KARFEN CHANA,DANGAMJI,2049. SOKOTO,24024. GUDU,8145. KARFEN CHANA,1001593. DANGAMJI
16mar2026,16mar2026,collect:fBqCrzDKOm8B6HSc,1001594,16mar2026,Garkar Maigari Damma ,84,20,Health and nutrition ,Education and child development ,Work and shocks ,Living standards ,Lack of security outpost ,2,1,1,1,1,1,1,1,1,104,13.1923106,4.4672024,226.8,4.34,1fcfa205-0ed8-4b77-82b0-a049f228cf83,16mar2026,7,1001594,42,SOKOTO,GUDU,KARFEN CHANA,GARIN DAMMA,2049. SOKOTO,24024. GUDU,8145. KARFEN CHANA,1001594. GARIN DAMMA
25mar2026,25mar2026,collect:fBqCrzDKOm8B6HSc,1001595,25mar2026,Garkar Mai gari,165,16,Health and nutrition ,Education and child development ,Living standards ,Work and shocks ,Lack of security outpost ,2,1,1,1,1,1,1,1,1,181,13.1940183,4.4243667,211.6,4.98,69416264-421e-402e-9a81-21bf8b66da55,26mar2026,61,1001595,45,SOKOTO,GUDU,KARFEN CHANA,GARIN NAMAIWA,2049. SOKOTO,24024. GUDU,8145. KARFEN CHANA,1001595. GARIN NAMAIWA
24mar2026,24mar2026,collect:fBqCrzDKOm8B6HSc,1001596,24mar2026,Bakin masallaci,51,9,Health and nutrition ,Education and child development ,Living standards ,Work and shocks ,Lack of security outpost ,2,1,1,1,1,1,1,1,1,60,13.195395,4.4439917,250.9,2.3,447f2181-b169-4cd0-a6ce-6bdc7b825156,24mar2026,30,1001596,43,SOKOTO,GUDU,KARFEN CHANA,HAMDALLAHI,2049. SOKOTO,24024. GUDU,8145. KARFEN CHANA,1001596. HAMDALLAHI
19apr2026,19apr2026,collect:kBu3WXKkSYSeolvJ,1001598,19apr2026,Garkar Maigari ,54,49,Health and nutrition ,Education and child development ,Living standards ,Work and shocks ,Lack of security outpost ,2,1,1,1,1,1,1,1,1,103,13.19962,4.4065433,260,4.62,2d59062c-4728-453b-976e-2fd3ed100b7f,19apr2026,79,1001598,44,SOKOTO,GUDU,KARFEN CHANA,MASAMA,2049. SOKOTO,24024. GUDU,8145. KARFEN CHANA,1001598. MASAMA
16mar2026,16mar2026,collect:aUnF1XE5XogMcWMb,1001603,,,2,1,Health and nutrition l,Education and child development ,Shock and in security ,Living standard ,Child labour ,3,1,1,0,1,0,0,0,0,110,13.6476213,4.483447,0,21.614,28d7b9ee-8b41-47f1-b661-ce38a7cf4f9c,16mar2026,6,1001603,54,SOKOTO,GUDU,MARAKE,MARAKE HAYI,2049. SOKOTO,24024. GUDU,8142. MARAKEN BORI,1001603. MARAKE HAYI
25apr2026,27apr2026,collect:ugK3Br1N2a4WBBfe,1001607,26apr2026,GARKAR MAI ANGUWA,202,245,YOUTH GROUP,WOMEN GROUP,ELDERS GROUP,ACCESS TO HEALTH FACILITIES,ACCESS TO FOUNCTIONAL SCHOOLS,5,1,1,1,1,1,0,0,0,447,12.1868856,4.7475431,201.5,4.64,5ba478e2-54e5-4b32-8061-2af6ca5acb87,27apr2026,85,1001607,74,SOKOTO,KEBBE,MARGAI B WARD,ILLELA VILLAGE,2049. SOKOTO,24028. KEBBE,8185. MARGAI - B,1001607. ILLELA VILLAGE
16mar2026,16mar2026,collect:ugK3Br1N2a4WBBfe,1001608,16mar2026,Primary School,202,80,Youth group,Woman group,Elders group,Access to health facility,Access to functional school,5,1,1,1,1,1,0,0,0,282,12.1740239,4.7077,214.7,4.96,95a9273b-ae50-42c2-8c67-1266a03aba5e,16mar2026,11,1001608,72,SOKOTO,KEBBE,MARGAI B WARD,MURTUNU TUNGAR DUTSI,2049. SOKOTO,24028. KEBBE,8185. MARGAI - B,1001608. MURTUNU TUNGAR DUTSI
24mar2026,24mar2026,collect:ugK3Br1N2a4WBBfe,1001609,24mar2026,PRIMARY SCHOOL,189,221,YOUTH GROUP,WOMEN GROUP,ELDERS GROUP,ACCESS TO HEALTH FACILITIES,ACCESS TO FOUNCTIONAL SCHOOLS,5,1,1,1,1,1,0,0,0,410,12.1567636,4.7208178,202.7,4.82,5049cdf0-7ca2-40b0-b8e2-67ea9cbadc2a,24mar2026,43,1001609,73,SOKOTO,KEBBE,MARGAI B WARD,SABON GARI INWALA,2049. SOKOTO,24028. KEBBE,8185. MARGAI - B,1001609. SABON GARI INWALA
25mar2026,25mar2026,collect:ugK3Br1N2a4WBBfe,1001611,25mar2026,PRIMARY SCHOOL,136,150,YOUTH GROUP,WOMEN GROUP,ELDERS GROUP,ACCESS TO HEALTH FACILITIES,ACCESS TO FOUNCTIONAL SCHOOLS,5,1,1,1,1,1,0,0,0,286,12.1792117,4.7264056,203.6,4.9,6d30ff4b-354a-4084-95c3-a3816d56cc94,25mar2026,51,1001611,80,SOKOTO,KEBBE,MARGAI B WARD,SHIYAR GABAS KARMA,2049. SOKOTO,24028. KEBBE,8185. MARGAI - B,1001611. SHIYAR GABAS KARMA
25mar2026,25mar2026,collect:V98VT2D8ULXgf0AT,1001613,25mar2026,PRIMARY SCHOOL,128,43,YOUTHS GROUP,WOMEN GROUP,ELDERS GROUP,ACCESS HEALTH FACILITY,ACCESS TO FUNCTIONAL SCHOOL,5,1,1,1,1,1,0,0,0,171,11.7024506,4.4896397,307.934,1.904,fcc6477f-779f-45f0-9c1a-73543faacd08,25mar2026,52,1001613,71,SOKOTO,KEBBE,SANGI WARD,MAIKWABO,2049. SOKOTO,24028. KEBBE,8190. SANGI,1001613. MAIKWABO
24mar2026,24mar2026,collect:V98VT2D8ULXgf0AT,1001617,24mar2026,Primary School,121,116,Youths Group,Women group,Elders Group,Access Health facility,Access to Functional Schooln,5,1,1,1,1,1,0,0,0,237,11.7018154,4.4887006,232.611,1.776,e44e8ca8-2fce-4664-b454-69705ac576fc,24mar2026,35,1001617,78,SOKOTO,KEBBE,SANGI WARD,SHIYAR CHASGO SABON BIRNI,2049. SOKOTO,24028. KEBBE,8190. SANGI,1001617. SHIYAR CHASGO SABON BIRNI
16mar2026,16mar2026,collect:V98VT2D8ULXgf0AT,1001620,16mar2026,Primary School,122,85,Youths Group,Women group,Elders Group,Access Health facility,Access to Functional Schooln,5,1,1,1,1,1,0,0,0,207,11.7005385,4.488638,275.915,2.307,30783c1f-f56d-4793-97f5-9ed7939852f2,16mar2026,15,1001620,81,SOKOTO,KEBBE,SANGI WARD,TSINTSIYA,2049. SOKOTO,24028. KEBBE,8190. SANGI,1001620. TSINTSIYA
25mar2026,25mar2026,collect:avpdgZKMx1UM0qAI,1001623,25mar2026,MAIKURHUNA ALELAWA NASARAWA,10,6,WOMEN GROUP,COMMUNITY LEADERS GROUP,YOUTH GROUP,VULNERABLE GROUP,THE LIST OF MEN GROUP,5,1,1,1,1,1,0,0,0,265,12.0170164,4.6235804,325,5,05324cde-e4c5-403d-92e2-20c2cc33e4f2,25mar2026,54,1001623,76,SOKOTO,KEBBE,UNGUSHI WARD,MAIKUHUHUNA ALELAWA NASARAWA,2049. SOKOTO,24028. KEBBE,8189. UNGUSHI,1001623. MAIKUHUHUNA ALELAWA NASARAWA
16mar2026,16mar2026,collect:avpdgZKMx1UM0qAI,1001624,16mar2026,Maikurhuna Shiayar magaji Nasarawa,6,6,Women group,Youth group,Elders group,Poverty groups,Vulnerable group,5,1,1,1,1,1,0,0,0,321,12.0164586,4.6206149,335,5,fd6a44dc-1604-4465-b649-f91197abf11b,16mar2026,17,1001624,77,SOKOTO,KEBBE,UNGUSHI WARD,MAIKUHUNA SHIYAR MAGAJI NASARAWA,2049. SOKOTO,24028. KEBBE,8189. UNGUSHI,1001624. MAIKUHUNA SHIYAR MAGAJI NASARAWA
25apr2026,25apr2026,collect:q3nHO55gVvTChMLf,1001633,25apr2026,GWANDI SHIYAR MAKARANT UNGUSHI WARD ,15,5,WOMEN GROUP ,YOUTH GROUP ,COMMUNITY LEADERS ,VULNERABLE GROUP ,POVERTY GROUPS ,5,1,1,1,1,1,0,0,0,273,12.0354578,4.7398251,327,5,3cdaf1a8-97e4-497d-be80-a836c7cd68f1,25apr2026,84,1001633,67,SOKOTO,KEBBE,UNGUSHI WARD,SHIYAR MAKARANTA GWANDI,2049. SOKOTO,24028. KEBBE,8189. UNGUSHI,1001633. SHIYAR MAKARANTA GWANDI
24mar2026,24mar2026,collect:avpdgZKMx1UM0qAI,1001635,24mar2026,SHIYAR MALLAMAWA GWANDI PRIMARY SCHOOL,15,6,WOMEN GROUP,COMMUNITY LEADERS,VULNERABLE GROUP,YOUTHS GROUP,MEN INTHE GROUP,5,1,1,1,1,1,0,0,0,245,12.0365104,4.7381241,298,5,37fcce54-64e8-494f-bf9a-0971fe32863a,24mar2026,31,1001635,68,SOKOTO,KEBBE,UNGUSHI WARD,SHIYAR MALAMAWA GWANDI,2049. SOKOTO,24028. KEBBE,8189. UNGUSHI,1001635. SHIYAR MALAMAWA GWANDI
26mar2026,26mar2026,collect:92mSNuBfWkl5xRJI,1001636,,,120,34,Access to Functional School ,Access to health Facilities ,Accessibility ,Security outpost ,Access to full Immunization ,3,1,1,1,1,0,0,0,0,120,12.7458155,5.1591525,342.1,4.96,022fbb50-b974-4317-badd-c532291f4d80,26mar2026,60,1001636,100,SOKOTO,SHAGARI,HORO,GIDAN AGIGI,2049. SOKOTO,24032. SHAGARI,8236. HORO BIRNI,1001636. GIDAN AGIGI
17mar2026,17mar2026,collect:92mSNuBfWkl5xRJI,1001637,,,73,27,Access to Health Facilities,Accessibility,Access to Functional School,Access to electricity reliability,Security outpost,4,1,1,1,1,0,0,0,0,100,12.7079063,5.1846867,319.4,4.26,f78d6d16-561e-4122-92b8-8cd60d0ed5ff,17mar2026,20,1001637,99,SOKOTO,SHAGARI,HORO,HORO  BIRE ZANGO,2049. SOKOTO,24032. SHAGARI,8236. HORO BIRNI,1001637. HORO  BIRE ZANGO
16mar2026,16mar2026,collect:92mSNuBfWkl5xRJI,1001639,,,42,52,Accessibility,Access to Health Facilities,Access to Functional School,Security outpost,Access to electricity reliability,4,1,1,1,1,0,0,0,0,94,12.7357733,5.1546167,335.5,4.789,f7d25884-502f-4547-842b-03775ac6f844,16mar2026,3,1001639,101,SOKOTO,SHAGARI,HORO,HORO DAN BARO,2049. SOKOTO,24032. SHAGARI,8236. HORO BIRNI,1001639. HORO DAN BARO
24mar2026,24mar2026,collect:92mSNuBfWkl5xRJI,1001640,,,35,16,Accessibility,Access to health Facilities,Access to Functional School,Full Immunization,Security outpost,3,1,1,1,1,0,0,0,0,51,12.74134,5.150795,319.4,4.5,a16e0e68-864c-450e-af1d-4a49e165ea00,24mar2026,28,1001640,103,SOKOTO,SHAGARI,HORO,KAURARE,2049. SOKOTO,24032. SHAGARI,8236. HORO BIRNI,1001640. KAURARE
24mar2026,24mar2026,collect:92mSNuBfWkl5xRJI,1001642,,,99,11,Accessibility ,Access to Functional School ,Access to health Facilities ,Full Immunization ,Security outpost ,3,1,1,1,1,0,0,0,0,1010,12.7564583,5.1580433,345,4.7,4d4717b0-c910-451c-86bb-17bb676042a7,24mar2026,34,1001642,102,SOKOTO,SHAGARI,HORO,SABARA,2049. SOKOTO,24032. SHAGARI,8236. HORO BIRNI,1001642. SABARA
21apr2026,21apr2026,collect:pKr5xRK0XGKMkR1L,1001645,21apr2026,MASALLACI GIDAN DAWA,128,42,ACCESS TO HEALTH FACILITY ,ACCESSIBILITY ,ACCESS TO FUNCTIONAL SCHOOLS ,FREQUENTLY OF NATURAL DISASTERS ,ELECTRICITY ,3,1,1,1,1,0,0,0,0,170,12.6270937,5.2338713,276.614,2.281,1a22973a-f198-4dbb-8758-f37a7d5506d3,21apr2026,83,1001645,108,SOKOTO,SHAGARI,KAMBAMA,GIDAN DAWA,2049. SOKOTO,24032. SHAGARI,8235. KAMBAMA,1001645. GIDAN DAWA
25mar2026,25mar2026,collect:P9RGAR4n6msRartL,1001646,25mar2026,GARKAR MAIGARI GWARGAWO,50,12,ACCESSIBILITY ,ACCESS TO FUNCTIONAL SCHOOLS ,ACCESS TO HEALTH FACILITY ,SOURCE OF WATER ,OUT OF SCHOOL CHILDREN ,3,1,1,1,1,0,0,0,0,62,12.592313,5.2357722,264.608,1.638,88abf1a6-f8f0-45ff-a5b0-448d8dfc4240,25mar2026,46,1001646,113,SOKOTO,SHAGARI,KAMBAMA,GWARGAWO,2049. SOKOTO,24032. SHAGARI,8235. KAMBAMA,1001646. GWARGAWO
16mar2026,16mar2026,collect:P9RGAR4n6msRartL,1001647,,,178,181,Accessibility ,Access to functional schools ,Frequently of natural disasters ,Source of water ,Security outpost ,3,1,1,1,1,0,0,0,0,400,12.6141055,5.2216907,268.086,4.719,af05a8a6-6c7e-4162-802d-543c118ef7bb,17mar2026,18,1001647,105,SOKOTO,SHAGARI,KAMBAMA,KAMBAMA,2049. SOKOTO,24032. SHAGARI,8235. KAMBAMA,1001647. KAMBAMA
27mar2026,27mar2026,collect:UZA9LA9TIHShS3z7,1001648,27mar2026,SHIYAR KAURARE,100,40,ACCESS TO HEALTH FACILITY ,ACCESS TO FUNCTIONAL SCHOOLS ,ACCESSIBILITY ,SECURITY OUTPOST ,ACCESS TO WATERR ,3,1,1,1,0,0,0,0,0,140,12.5845622,5.2443184,289.998,1.539,f91bc502-1be7-4d61-877e-682d8f7da402,27mar2026,65,1001648,109,SOKOTO,SHAGARI,KAMBAMA,KAURARE,2049. SOKOTO,24032. SHAGARI,8235. KAMBAMA,1001648. KAURARE
25mar2026,25mar2026,collect:UZA9LA9TIHShS3z7,1001649,25mar2026,GARKAR MAGAJI,85,35,ACCESS TO HEALTH FACILITY ,ACCESS TO FUNCTIONAL SCHOOLS,ACCESSIBILITY ,SECURITY OUTPOST ,WORK AN SHOCKS,3,1,1,1,0,0,0,0,0,120,12.6172223,5.2051288,260.061,2.365,ef97e050-7cac-4c97-90f1-0c83dbb27e7e,25mar2026,56,1001649,114,SOKOTO,SHAGARI,KAMBAMA,MAZOJIN MAGAJI,2049. SOKOTO,24032. SHAGARI,8235. KAMBAMA,1001649. MAZOJIN MAGAJI
27mar2026,27mar2026,collect:UZA9LA9TIHShS3z7,1001652,27mar2026,SHIYAR TAJAYE,29,37,ACCESSIBILITY ,ACCESS TO FUNCTIONAL SCHOOLS ,ACCESS TO HEALTH FACILITY ,FREQUENCY OF NATURAL DISASTER ,SECURITY OUTPOST ,3,1,1,1,0,0,0,0,0,66,12.5863937,5.2402451,296.446,1.981,a1fb8201-3b05-4677-864a-d7193f02930e,27mar2026,66,1001652,111,SOKOTO,SHAGARI,KAMBAMA,TAJAYE,2049. SOKOTO,24032. SHAGARI,8235. KAMBAMA,1001652. TAJAYE
24mar2026,24mar2026,collect:P9RGAR4n6msRartL,1001653,24mar2026,MASALLACI AYI TAKOKI ,109,55,Accessibility ,Access to functional schools ,Access to health facility ,Source of water ,Out school children ,3,1,1,1,1,0,0,0,0,164,12.6120794,5.2171942,238.731,0.906,04c6485d-2e98-45d4-bde4-6aae6f39f4ec,24mar2026,32,1001653,112,SOKOTO,SHAGARI,KAMBAMA,TAKOKI,2049. SOKOTO,24032. SHAGARI,8235. KAMBAMA,1001653. TAKOKI
25mar2026,25mar2026,collect:P9RGAR4n6msRartL,1001654,24mar2026,TUDUN SAMBERU ,44,56,ACCESSIBILITY ,ACCESS TO HEALTH FACILITY ,ACCESS TO FUNCTIONAL SCHOOLS ,SOURCE OF WATER ,OUT OF SCHOOL CHILDREN ,3,1,1,1,1,0,0,0,0,100,12.5869624,5.2455304,292.488,1.045,7cfc5e72-b47c-4bd8-89fc-dd6bb0e92fad,25mar2026,47,1001654,107,SOKOTO,SHAGARI,KAMBAMA,ULLUBAI,2049. SOKOTO,24032. SHAGARI,8235. KAMBAMA,1001654. ULLUBAI
17mar2026,17mar2026,collect:Ylk9XDqSQzkpxYKV,1001658,,,155,5,Access to Health facilities,Access to Roads,Access to Qualify of life,Living Standards,Work and Shock,3,1,1,1,1,1,0,0,0,160,12.6231613,5.0034577,0,2700,55e00a90-ac88-4700-aab5-fd625e8acd5c,23mar2026,27,1001658,122,SOKOTO,SHAGARI,LAMBARA,DUNDEJI,2049. SOKOTO,24032. SHAGARI,8234. LAMBARA,1001658. DUNDEJI
16mar2026,16mar2026,collect:Ylk9XDqSQzkpxYKV,1001663,,,143,17,Health and Nutrition,Education and Child Development,Living Standards,Access to health,Access to Roads facilities,4,1,1,1,1,1,1,0,1,160,12.6433598,5.2004187,266.4,4.775,0c201a1e-6fd1-46fb-8b7c-d0baf4ea5b42,16mar2026,4,1001663,120,SOKOTO,SHAGARI,LAMBARA,GOLORU,2049. SOKOTO,24032. SHAGARI,8234. LAMBARA,1001663. GOLORU
25mar2026,25mar2026,collect:zzJShFb0fmFf0Mm0,1001666,,,460,40,Health and Nutrition,Living standard,Work and shuck,Health and Nutrition,Living standard,1,1,1,1,0,0,1,0,0,500,13.0257246,5.0048113,266.851,3.857,e3db67ea-581f-44fc-8ed3-d396d5c3b053,25mar2026,53,1001666,142,SOKOTO,SILAME,KUBODU NORTH,FAKARAR DAN DIKKO,2049. SOKOTO,24033. SILAME,8244. KUBODU NORTH,1001666. FAKARAR DAN DIKKO
24mar2026,24mar2026,collect:zzJShFb0fmFf0Mm0,1001668,,,250,10,Health and Nutrition ,Living standard ,Work and shuck ,Health and Nutrition ,Living standard ,1,1,1,1,1,0,0,0,0,260,13.0391986,4.84347,266.905,1.381,8d7282a7-336d-4b51-9799-620fad61d66b,24mar2026,29,1001668,137,SOKOTO,SILAME,KUBODU NORTH,HIYAR KALGO,2049. SOKOTO,24033. SILAME,8244. KUBODU NORTH,1001668. HIYAR KALGO
16mar2026,16mar2026,collect:zzJShFb0fmFf0Mm0,1001670,,,100,5,Health and Nutrition ,Living standard ,Work and shuck ,Health and Nutrition ,Living standard ,3,1,1,0,1,0,0,0,1,2000,13.0429382,4.9816221,290.999,1.831,dc19fb09-3ad2-44cb-a5fb-a7cbe05f7753,16mar2026,2,1001670,139,SOKOTO,SILAME,KUBODU NORTH,SHIYAR RUMJI,2049. SOKOTO,24033. SILAME,8244. KUBODU NORTH,1001670. SHIYAR RUMJI
23mar2026,23mar2026,collect:zzJShFb0fmFf0Mm0,1001671,,,5,1,Health and Nutrition ,Work and shuck ,Living standard ,Health and Nutrition ,Living standard ,1,1,1,0,1,0,0,0,1,234,13.0384428,4.8409838,292.538,3.104,d1f055d0-d0d1-49b3-9d48-443b4ea151d8,23mar2026,26,1001671,140,SOKOTO,SILAME,KUBODU NORTH,SHIYAR SABONGARI,2049. SOKOTO,24033. SILAME,8244. KUBODU NORTH,1001671. SHIYAR SABONGARI
09mar2026,09mar2026,collect:zzJShFb0fmFf0Mm0,1001671,,,200,27,Health and Nutrition,Living standard,Work and shuck,Work and shuck,Health and Nutrition,4,1,1,1,1,0,0,0,0,236,13.0439273,4.982858,332.946,1.02,3a783273-46e2-48f0-b3e8-f4fb83ed6352,09mar2026,1,1001671,140,SOKOTO,SILAME,KUBODU NORTH,SHIYAR SABONGARI,2049. SOKOTO,24033. SILAME,8244. KUBODU NORTH,1001671. SHIYAR SABONGARI
24mar2026,24mar2026,collect:l5PUVGg4lLugQYMV,1001673,,,42,1,Lack of food,No suitable source of income,In ability to send childrens to school,I need road in this area,Dependences of others,7,1,1,1,1,1,1,1,1,175,13.0216992,4.9745886,252.3,4.826,5df1c200-9fbf-4305-92ef-86f047a2775d,24mar2026,36,1001673,127,SOKOTO,SILAME,KUBODU SOUTH,GABBUWA,2049. SOKOTO,24033. SILAME,8245. KUBODU SOUTH,1001673. GABBUWA
09mar2026,17mar2026,collect:ny9b21UTWITW74ch,1001674,,,311,8,Lack of Food,No suitable source of income,Poor Housing Condition,No farmland or livestock,Inability to send children to school,4,1,0,1,1,1,0,0,0,118,12.987775,4.9716233,315.7,3.7,1d276f95-c02d-48c9-b7a7-b817b0752eb7,17mar2026,19,1001674,130,SOKOTO,SILAME,KUBODU SOUTH,GABBUWA TUDU,2049. SOKOTO,24033. SILAME,8245. KUBODU SOUTH,1001674. GABBUWA TUDU
17mar2026,17mar2026,collect:l5PUVGg4lLugQYMV,1001676,,,50,20,Lack of food,No suitable source of income,In ability to send children to school,Dependence on others,I need new hospital in this area,8,1,1,1,1,1,1,1,1,500,13.0209083,4.9563917,255.3,2.675,aed77b44-b50c-4522-8ac8-09f2662e03c1,17mar2026,22,1001676,132,SOKOTO,SILAME,KUBODU SOUTH,JEKANADU RAFI,2049. SOKOTO,24033. SILAME,8245. KUBODU SOUTH,1001676. JEKANADU RAFI
25mar2026,25mar2026,collect:ny9b21UTWITW74ch,1001679,25mar2026,COMMUNITY FIELD,512,21,No regular income ,No farmland or livestock ,Lives in temporary or unsafe shelter ,Female headed household with no other adult ,Household has a member with chronic illness or disability affecting work,5,1,1,1,1,1,0,0,0,260,13.01524,4.9159917,252.7,4.98,15a3f1e4-4edc-45b1-bfa3-b7741d44b3cc,25mar2026,58,1001679,134,SOKOTO,SILAME,KUBODU SOUTH,TOZO SHIYAR MAKADA,2049. SOKOTO,24033. SILAME,8245. KUBODU SOUTH,1001679. TOZO SHIYAR MAKADA
25mar2026,25mar2026,collect:cDQt6zh0h0t4Hwx4,1001686,25mar2026,MAGAJI PLACE ,39,0,Health and Nutrition ,Work and shock ,Education and child Development ,Living standard ,Mowack and Nutrition ,3,0,1,1,1,0,0,0,0,100,12.9421033,4.8393383,279,4.566,79085b99-c205-4f46-8aa3-e681b84bb5bb,25mar2026,45,1001686,145,SOKOTO,SILAME,LABANI,KWAGGYAL SHIYAR MAGAJI,2049. SOKOTO,24033. SILAME,8241. LABANI,1001686. KWAGGYAL SHIYAR MAGAJI
24mar2026,24mar2026,collect:cDQt6zh0h0t4Hwx4,1001687,24mar2026,MAGAJI PLACE,25,0,Health and Nutrition ,Work and shock ,Education and child Development ,Living standard ,Lack of mowuk,240,1,1,1,0,0,0,0,0,240,12.9414377,4.8377537,255.6,4.78,2bcda718-5995-482a-89ca-579d09ff4adf,24mar2026,33,1001687,146,SOKOTO,SILAME,LABANI,KWAGGYAL TOWN,2049. SOKOTO,24033. SILAME,8241. LABANI,1001687. KWAGGYAL TOWN
09mar2026,09mar2026,collect:cDQt6zh0h0t4Hwx4,1001690,,,30,20,Health and Nutrition,Work and shock,Living standard,Education and,Digesters and,3,1,1,1,1,0,0,0,0,250,12.9270467,4.8103717,260.1,4.983,c48c849a-1ea9-4dda-8a85-005dd3f88e27,18mar2026,24,1001690,149,SOKOTO,SILAME,LABANI,RUMBUKIN GALOJI,2049. SOKOTO,24033. SILAME,8241. LABANI,1001690. RUMBUKIN GALOJI
08apr2026,15apr2026,collect:9BrXd8WJ3C0hCaaQ,1001692,08apr2026,SHIYAR MAIGARI,70,50,Access to health facilities,Access to functional,ACCESSIBILITY,Security out post,Frequency of security,3,1,1,1,1,0,0,0,0,120,12.5949044,5.5421955,257.057,3.212,d3785f4e-8c1c-4a1c-94b2-5ee8356d109d,15apr2026,77,1001692,162,SOKOTO,TURETA,BARAYAR GIWA,DANGULBI KETARE,2049. SOKOTO,24038. TURETA,8294. BARAYAR GIWA,1001692. DANGULBI KETARE
07apr2026,07apr2026,collect:9BrXd8WJ3C0hCaaQ,1001693,07apr2026,DANGULBI SHIYAR BAREBARI,90,50,Source of water,Access to electricity,Frequency of insecurity out post,Access to health facilities,Access to Functional school,3,1,1,0,1,0,0,0,0,140,12.5766452,5.3703094,278.689,1.587,228132b0-aed0-4cb0-99b4-e5dfcd492650,07apr2026,70,1001693,154,SOKOTO,TURETA,BARAYAR GIWA,DANGULBI SHIYAR BAREBARI,2049. SOKOTO,24038. TURETA,8294. BARAYAR GIWA,1001693. DANGULBI SHIYAR BAREBARI
07apr2026,07apr2026,collect:9BrXd8WJ3C0hCaaQ,1001694,07apr2026,DANGULBI SHIYAR HAKIMI,100,70,Access to electricity,Source of water,Access to health facilities,Frequency of insecurity,Access to fucunornal school,3,1,1,0,1,0,0,0,0,170,12.5759075,5.370117,274.83,2.689,fcab0eb5-44c4-4b49-bd1a-b8144e5519df,07apr2026,71,1001694,167,SOKOTO,TURETA,BARAYAR GIWA,DANGULBI SHIYAR HAKIMI,2049. SOKOTO,24038. TURETA,8294. BARAYAR GIWA,1001694. DANGULBI SHIYAR HAKIMI
07apr2026,07apr2026,collect:9BrXd8WJ3C0hCaaQ,1001695,07apr2026,SHIYAR HAKIMI,100,70,Access to electricity,Source of water resources,Frequency of insecurity,Access to health facilities,Access to fucunornal school,3,1,0,1,1,0,0,0,0,100,12.5756948,5.3693822,280.808,1.461,0f3bb38f-aba1-41f3-9056-f8b5ebf149b6,07apr2026,73,1001695,155,SOKOTO,TURETA,BARAYAR GIWA,DANSANBERU,2049. SOKOTO,24038. TURETA,8294. BARAYAR GIWA,1001695. DANSANBERU
07apr2026,07apr2026,collect:9BrXd8WJ3C0hCaaQ,1001695,07apr2026,DANSANBERU BARAYAR GIWA,70,40,Access to electricity,Source of water resources,Access to health facilities,Access to functional school,Access to insecurity,3,1,1,0,1,0,0,0,0,110,12.5951128,5.5421189,304.484,1.578,602a50cb-68fa-4b1e-a1c8-0fd570e7cf31,07apr2026,75,1001695,155,SOKOTO,TURETA,BARAYAR GIWA,DANSANBERU,2049. SOKOTO,24038. TURETA,8294. BARAYAR GIWA,1001695. DANSANBERU
07apr2026,07apr2026,collect:9BrXd8WJ3C0hCaaQ,1001696,07apr2026,BARAYAR GIWA JANDUTSI,100,150,Access to electricity,Source of water,Frequency of insecurity,Access to health facilities,Access to fucunornal school,3,1,0,1,1,0,0,0,0,250,12.5756432,5.3701834,283.33,3.041,98dfee78-6193-4772-b97d-b9cf277a6e84,07apr2026,72,1001696,161,SOKOTO,TURETA,BARAYAR GIWA,JANDUTSI,2049. SOKOTO,24038. TURETA,8294. BARAYAR GIWA,1001696. JANDUTSI
07apr2026,07apr2026,collect:9BrXd8WJ3C0hCaaQ,1001697,07apr2026,KALAMUWAL DANGULBI,80,75,Access to electricity,Source of water resources,Frequency of insecurity out post ,Access to health facilities,Access to functional school,4,1,0,1,1,0,0,0,1,155,12.5763759,5.3686504,277.989,1.413,f19a65e9-abb9-4b0e-b1b2-b7640dddfad3,07apr2026,74,1001697,153,SOKOTO,TURETA,BARAYAR GIWA,KALAMUWAL,2049. SOKOTO,24038. TURETA,8294. BARAYAR GIWA,1001697. KALAMUWAL
16mar2026,16mar2026,collect:GhcTayOvLicejKVB,1001698,,,300,50,Access to health facilities ,Access to functional shock,Accessibility ,Security out post ,Frequency of natural deseaster ,3,1,1,1,1,0,0,0,0,350,12.466687,5.659413,305.787,3.235,c0ffb2e6-b44d-4c17-a1e4-5a3062f0eacb,16mar2026,12,1001698,158,SOKOTO,TURETA,KURUWA,DANGA,2049. SOKOTO,24038. TURETA,8298. KURUWA,1001698. DANGA
28mar2026,28mar2026,collect:YJgXD9bPXlYtyR5c,1001699,,,150,150,Access to fictional,Accessibility,Security outpost,Preqency of natural,Access to functional school,300,1,1,1,1,1,1,1,1,300,12.4233177,5.711472,327.076,1.725,836f8444-7aef-436e-9f76-97ad7f5f926d,08apr2026,76,1001699,166,SOKOTO,TURETA,KURUWA,GALADUMMAI,2049. SOKOTO,24038. TURETA,8298. KURUWA,1001699. GALADUMMAI
16mar2026,16mar2026,collect:GhcTayOvLicejKVB,1001700,,,200,40,Access to health nutrition,Education and child development ,Accessibility ,Security out post ,Frequency of natural deseaster ,3,1,1,1,0,0,0,0,0,240,12.483303,5.6439689,316.968,3.818,48289a07-fcd1-436c-a441-0528963fee1b,16mar2026,14,1001700,156,SOKOTO,TURETA,KURUWA,GIDAN ARDON TUDU,2049. SOKOTO,24038. TURETA,8298. KURUWA,1001700. GIDAN ARDON TUDU
06apr2026,06apr2026,collect:YJgXD9bPXlYtyR5c,1001701,,,100,60,Accessibility,Access to health facilities ,Access functional school ,Security outpost ,Frequency of natural disasters ,3,1,1,1,1,0,0,0,0,160,12.5904742,5.5498019,317.738,1.665,5c3d2a73-ebef-4a41-ad10-2b22f018870c,06apr2026,69,1001701,160,SOKOTO,TURETA,KURUWA,GIDAN MAIGORA,2049. SOKOTO,24038. TURETA,8298. KURUWA,1001701. GIDAN MAIGORA
16mar2026,16mar2026,collect:GhcTayOvLicejKVB,1001702,,,280,45,Access to health and nutrition ,Education and child development ,Accessibility ,Security out post ,Frequency of natural deseaster ,3,1,1,1,0,0,0,0,0,325,12.4657154,5.6563248,326.984,1.835,873f2f01-83fc-4e30-a47f-38e968de18e1,16mar2026,13,1001702,157,SOKOTO,TURETA,KURUWA,TUDUN FULANI,2049. SOKOTO,24038. TURETA,8298. KURUWA,1001702. TUDUN FULANI
24mar2026,24mar2026,collect:Ij6OGM4IMxi9MDBU,1001703,24mar2026,SHIYAR HAKIMI GIDAN ABUJE,130,50,ACCESS TO HEALTH FACILITIES,ACCESS TO FUNCTIONAL SCHOOL,ACCESS TO ELECTRICITY AND RELIABILITY TELE AND POST,SECURITY OUTPOS,COMMUNICATION SERVICE COVERAGE,4,1,1,1,1,0,0,0,0,180,12.3493946,5.7270795,353.8082275390625,3.752,bf070931-6279-4306-a9bc-ec1ec69ba6f4,24mar2026,39,1001703,159,SOKOTO,TURETA,KWARARE,GIDAN ABUJE,2049. SOKOTO,24038. TURETA,8299. KWARARE,1001703. GIDAN ABUJE
24mar2026,24mar2026,collect:Ij6OGM4IMxi9MDBU,1001704,24mar2026,KWARARE SHIYAR HAKIMI MAHADISI,140,60,ACCESS TO HEALTH FACILITIES,ACCESS TO FUNCTIONAL SCHOOL,ACCESS AND RELIABILITY TELE AND POST,SECURITY OUTPOST,COMMUNICATION SERVICE COVERAGE,4,1,1,1,1,0,0,0,0,200,12.3498895,5.7285017,355.5145263671875,3.216,280186d5-10a4-4cc6-bf8a-77be9577a09c,24mar2026,38,1001704,165,SOKOTO,TURETA,KWARARE,GIDAN MAI HADISI,2049. SOKOTO,24038. TURETA,8299. KWARARE,1001704. GIDAN MAI HADISI
24mar2026,25mar2026,collect:Ij6OGM4IMxi9MDBU,1001705,25mar2026,KAURA SHIYAR ADUWA,100,70,ACCESS TO HEALTH FACILITIES,ACCESS TO FUNCTIONAL SCHOOL,ACCESS TO ELECTRICITY AND RELIABILITY TELE AND POST,SECURITY OUTPOST,COMMUNICATION SERVICE COVERAGE,4,1,1,1,1,0,0,0,0,170,12.3862515,5.7110961,339.3221435546875,3.752,594d094d-7dc6-46eb-aa19-38cbca20ccea,25mar2026,44,1001705,163,SOKOTO,TURETA,KWARARE,KAURA ADUWA,2049. SOKOTO,24038. TURETA,8299. KWARARE,1001705. KAURA ADUWA
24mar2026,24mar2026,collect:Ij6OGM4IMxi9MDBU,1001706,24mar2026,KWARARE SHIYAR FULANI GIDAN HAKIMI UMMAH,150,60,ACCESS TO HEALTH FACILITIES,ACCESS TO FUNCTIONAL SCHOOL,ACCESS TO ELECTRICITY AND RELIABILITY TELE AND POST,SECURITY OUTPOST,COMMUNICATION SERVICE COVERAGE,4,1,1,1,1,0,0,0,0,210,12.3328481,5.7524305,354.2151489257812,4.645,629ea52e-7053-41a7-aa1f-022533db5047,24mar2026,37,1001706,164,SOKOTO,TURETA,KWARARE,KWARAREN FULANI,2049. SOKOTO,24038. TURETA,8299. KWARARE,1001706. KWARAREN FULANI
16mar2026,16mar2026,collect:cdcJWf6bHHOeLA3W,1001712,,,86,20,CRITERIA ONE ROAD,CRITERIA TOW EDUCATED ,CRITERIA THREE HEALTH ,CRITERIA FOUR WATER,CRITERIA FIVE NUTRITION ,3,1,1,1,1,0,0,0,0,106,12.8574805,5.0721403,292.3,4.65,3a8a2546-629a-4034-aae4-704004c7a095,16mar2026,8,1001712,176,SOKOTO,YABO,B RUWA,RINAYEN MALI,2049. SOKOTO,24041. YABO,8322. BIRNIRUWA,1001712. RINAYEN MALI
25mar2026,25mar2026,collect:QV3FPlZ3Vepv3df5,1001715,,,119,11,FOOD SECURITY AND HEALTH,ECONOMIC SITUATION AND ASSETS,DEMOGRAPHICS AND HOUSEHOLDS COMPOSITION,LIVING CONDITIONS AND ENVIRONMENT,SOCIAL AND SECURITY STATUS,3,0,1,0,1,1,0,0,0,130,12.817704,4.9184477,361.808,2.142,285bae6f-6ddb-485d-9525-71652b8a3ac7,25mar2026,50,1001715,169,SOKOTO,YABO,BAKALE,DANCHOBOLI,2049. SOKOTO,24041. YABO,8323. BAKALE,1001715. DANCHOBOLI
16mar2026,16mar2026,collect:QV3FPlZ3Vepv3df5,1001718,,,63,17,FOOD SECURITY AND HEALTH ,ECONOMIC SITUATION AND ASSETS ,LIVING CONDITIONS AND ENVIRONMENT ,SOCIAL AND SECURITY STATUS ,DEMOGRAPHICS AND HOUSEHOLDS COMPOSITION,3,0,0,1,1,0,0,0,1,80,12.8479872,4.9870471,333.594,2.165,de8179fa-f81e-4a51-a150-9695f232a1fc,16mar2026,16,1001718,171,SOKOTO,YABO,BAKALE,RUGGAR YAUTA,2049. SOKOTO,24041. YABO,8323. BAKALE,1001718. RUGGAR YAUTA
24mar2026,24mar2026,collect:pVP7MvKwAKW0XV0u,1001719,,,91,19,ABUBAKAR MAGAJI ,LIMAN SABO , UMMARU SAKKE ,MALAM BELLO,SANDA DRIVER,4,1,1,1,0,1,0,0,0,110,12.845125,4.9630883,321.9,7.575,ec837901-3c57-45b5-a350-5dc34ff69a97,24mar2026,40,1001719,173,SOKOTO,YABO,BAKALE,TUDUN JIDDA,2049. SOKOTO,24041. YABO,8323. BAKALE,1001719. TUDUN JIDDA
21mar2026,06apr2026,collect:uhO8IsbNeFcw8txu,1001732,21mar2026,ITUNTA COMMUNITY HALL,64,51,NO GOOD HOUSE,HARD TO FEED,NO CONSTANT JOB TO DO,OUT OF SCHOOL,NO GOOD HEALTH EQUIPMENT,4,1,0,0,1,1,1,0,0,115,5.4494777,7.6380337,64.7331543,4.073,da5f2708-3913-4410-88f8-074426421042,07apr2026,72,1001732,3,ABIA,IKWUANO,IBERE II,ITUNTA,2016. ABIA,23319. IKWUANO,56. IBERE II,1001732. ITUNTA
11apr2026,12apr2026,collect:uhO8IsbNeFcw8txu,1001733,11apr2026,NKALUNTA VILLAGE SQUARE,40,28,NO ACCESS GOOD ROAD TO THE VILLAGE,POOR HEALTH CARE FACILITIES AND NO NURSES TO WORK,POOR EDUCATION FACILITIES AND OUT OF SCHOOL CHILDREN,POOR DRINKING WATER AND NO GOOD TOILET,NO GOOD HOUSE FOR LEAVING FOR VULNERABLE PEOPLE,5,1,0,1,1,0,1,0,1,68,5.4867376,7.6222277,68.18334961,3.216,a0ef42ab-710e-42b7-a0aa-a8da49602d07,12apr2026,77,1001733,4,ABIA,IKWUANO,IBERE II,NKALUNTA,2016. ABIA,23319. IKWUANO,56. IBERE II,1001733. NKALUNTA
24mar2026,29mar2026,collect:uhO8IsbNeFcw8txu,1001734,24mar2026,OBUOHIA VILLAGE SQUARE,137,187,LACK OF GOOD ROAD AND NO GOOD SHELTER FOR POOR PEOPLE,NO GOOD DRINKING WATER AND NO GOOD TOILET,OUT OF SCHOOL CHILDREN AND NO EDUCATION FACSTRUCTURE,HARD TO FEED AND MALNOURISHED FAMILIES OR HUNGER,NO GOOD HEALTH EQUIPMENT AND NO ACCESS TO GOOD TREATMENT,6,1,1,0,1,1,1,0,1,324,5.4173816,7.598048,147.4243164,4.073,a9b5849c-e224-49fd-8d63-0fc3a4ea93c3,29mar2026,53,1001734,5,ABIA,IKWUANO,IBERE II,OBUOHIA,2016. ABIA,23319. IKWUANO,56. IBERE II,1001734. OBUOHIA
31mar2026,06apr2026,collect:uhO8IsbNeFcw8txu,1001735,17mar2026,UGWU-OBA VILLAGE SQUARE,36,28,NO GOOD HOUSE FOR VULNERABLE PEOPLE,NO EASY ACCESS TO GOOD HEALTH CARE,BAD ROAD AND TOILET,NO ACCESS TO GOOD DRINKING WATER,HARD TO FEED OR MALNOURISHED PEOPLE,5,1,0,1,1,1,1,0,0,64,5.4371011,7.5857036,144.5476074,4.288,ea991dd8-1fcf-41f0-9bb7-3da79090fb17,07apr2026,73,1001735,6,ABIA,IKWUANO,IBERE II,UGWU-OBA,2016. ABIA,23319. IKWUANO,56. IBERE II,1001735. UGWU-OBA
14mar2026,19mar2026,collect:kyBr6JX0JK3HxfeV,1001826,,,20,50,Unemployment,Lack of Electricity,Empowerment,Widow without support,Poor maintenance of House,3,0,1,1,1,0,0,0,0,59,7.8186502,3.9609818,336.8255615234375,4.824,6a8f6d63-5fe2-4805-9602-f53b05cce4e2,20mar2026,17,1001826,91,OYO,AFIJIO,AWE I,ABOYADE,2046. OYO,23946. AFIJIO,7218. AWE I,1001826. ABOYADE
25mar2026,25mar2026,collect:kyBr6JX0JK3HxfeV,1001831,,,23,122,PHYSICALLY CHALLENGED,UNEMPLOYMENT,HEALTH CHALLENGES AND POOR WATER FACILITIES,WIDOW AND WIDOWER,AGED WITHOUT SUPPORT,4,0,1,1,1,0,0,0,0,147,7.8182749,3.9718192,344.4743652,3.484,f7f180c5-7ff1-4ae5-9107-f7ad5804c26c,25mar2026,63,1001831,96,OYO,AFIJIO,AWE I,OKE BODE NEW,2046. OYO,23946. AFIJIO,7218. AWE I,1001831. OKE BODE NEW
26mar2026,31mar2026,collect:6p9lNM2GpyTpUDIz,1001903,26mar2026,Moinmoin village,20,27,Lack of access drinking water,Lack of good road,Lack of electricity,Lack of school,Hunger and unemployment,4,1,1,1,0,0,0,0,0,38,8.1290675,4.4813291,449.6577758789062,4.502,4de25d8e-05f1-45ea-8652-4301768b56d1,31mar2026,114,1001903,168,OYO,SURULERE,IRESAAPA,MOINMOIN,2046. OYO,23978. SURULERE,7240. IRESAAPA,1001903. MOINMOIN
18mar2026,28mar2026,collect:laEOYKqfT77q7sDI,1001905,18mar2026,Babanifa palace,64,70,Substandard housing unit,Limited access to clean drinking water,Limited access to healthcare services,Unemployment,Poor access to transportation,3,0,1,1,1,0,0,0,0,120,8.182318499999999,4.4404841,414.6803588867188,4.824,85231841-b068-4cfe-8c22-3edc668e7a8d,28mar2026,97,1001905,170,OYO,SURULERE,IRESAAPA,BABANIFAA,2046. OYO,23978. SURULERE,7240. IRESAAPA,1001905. BABANIFAA
02apr2026,02apr2026,collect:QDCGQ7WosiL1Nacr,1002080,02apr2026,Eleyele Compound Beside Alagbede Mosque Sepeteri,24,69,Selection by widows,Selection by inability feed family,Selection by no access to good water,Selection by health challenges and sickness,Selection by no access to quality Education,4,0,1,1,1,1,0,0,0,93,8.6294167,3.6438239,381.3803100585938,4.931,ab0fbcdd-fc06-4ffa-a10d-b3d0e53fe31c,21apr2026,178,1002080,345,OYO,SAKI EAST,SEPETERI II,ABA AGBEDE 2,2046. OYO,23976. SAKI EAST,7248. SEPETERI II,1002080. ABA AGBEDE 2
27mar2026,27mar2026,collect:OPqKDZLm3cUu1MoI,1002236,27mar2026,Under the tree beside the Baale house,48,27,Poor road Network,Poor habitation,No Electricity,No Water Supply,Health Facilities,3,0,1,1,1,0,0,0,0,64,8.343045500000001,4.1785973,439.5689697265625,4.716,b2c04b89-1cc0-4a32-83ff-773edc50b233,27mar2026,91,1002236,501,OYO,ORI-IRE,ORI IRE II,OLOORU,2046. OYO,23973. ORI-IRE,7261. ORI IRE II,1002236. OLOORU
30mar2026,02apr2026,collect:7a2Mk56obMNzr50S,1002269,02apr2026,COMMUNITY SQUARE,65,70,Food Insecurity and Malnutrition,Work and Shocks- Rate of Unemployment,Living Standards- Accessibility to market and financial services,Education and Child development,Access to health facilities,3,0,1,1,1,0,0,0,0,74,7.9128914,4.1551613,373.4030762,4.502,67c43929-e600-48e6-bbf2-025b598f5449,02apr2026,152,1002269,534,OYO,OGO-OLUWA,LAGBEDU,LAGBEDU ISALE,2046. OYO,23968. OGO-OLUWA,7311. LAGBEDU,1002269. LAGBEDU ISALE
30mar2026,31mar2026,collect:7a2Mk56obMNzr50S,1002270,30mar2026,Community Square,35,40,Food Insecurity and Malnutrition,Poor Shelter and widow with Children,Children Out of School,High indebtedness,Unemployment,3,0,1,1,1,0,0,0,0,80,7.9111193,4.1543855,383.6607666015625,4.824,f26a4bb2-cd50-4a11-9737-72a8d6d05ab3,31mar2026,111,1002270,535,OYO,OGO-OLUWA,LAGBEDU,LAGBEDU OKE,2046. OYO,23968. OGO-OLUWA,7311. LAGBEDU,1002270. LAGBEDU OKE
30mar2026,01apr2026,collect:jRkhdgPiFg5gCf1p,1002271,30mar2026,Community Square,50,75,Food insecurity and poor facial appearance,Education and Child development,Poor shelter and High indebtedness,Widows with children,Inaccessibility to Market,4,0,1,1,1,1,0,0,0,94,7.9122388,4.1534788,375.5519409179688,4.02,6fb2e07b-9c02-4512-8c71-49bfc1c0fc29,01apr2026,135,1002271,536,OYO,OGO-OLUWA,LAGBEDU,LAGBEDU AARIN,2046. OYO,23968. OGO-OLUWA,7311. LAGBEDU,1002271. LAGBEDU AARIN
27mar2026,27mar2026,collect:m73lkXkdgnffyQ4x,1002391,27mar2026,ANIFA COMMUNITY IN FRONT OF PRIMARY SCHOOL.,6,7,Quality Education,Electricity,Public Hospital,No motorable road,No Public Market,2,1,1,1,0,0,0,0,0,19,7.5381429,4.0018458,281.9121704101562,3.216,a41b8242-68f9-4647-be84-45be3989a976,27mar2026,87,1002391,656,OYO,LAGELU,SAGBE/PABIEKUN,ANIFA,2046. OYO,23965. LAGELU,7323. SAGBE/PABIEKUN,1002391. ANIFA
24mar2026,24mar2026,collect:m73lkXkdgnffyQ4x,1002402,24mar2026,AFUNWONMOGBO COMMUNITY,3,11,Lack of Good Roads,Lack of Quality Educational facilities,Lack of Health facilities,Lack of Power Supply,No access to Market,2,1,1,1,0,0,0,0,0,13,7.5295185,4.0286527,263.1287841796875,4.824,e3fb8456-75e6-4a59-80f8-4ef3e538cf4b,24mar2026,31,1002402,667,OYO,LAGELU,APATERE/KUFFI/OGUNBODE/OGO,AFUNMOGBO,2046. OYO,23965. LAGELU,7324. APATERE/KUFFI/OGUNBODE/OGO,1002402. AFUNMOGBO
23mar2026,23mar2026,collect:YsAYkdUu6EWZgIhf,1002404,23mar2026,Lord isale junction,60,73,Unemployment,Health challenges,Lack of education,Manutrition,Husband death,3,0,1,1,1,0,0,0,0,0,7.5325447,4.0879152,227.3131103515625,4.645,a4c23281-99e4-42bf-a1f0-a1aa5b8495b7,23mar2026,22,1002404,669,OYO,LAGELU,APATERE/KUFFI/OGUNBODE/OGO,OORE,2046. OYO,23965. LAGELU,7324. APATERE/KUFFI/OGUNBODE/OGO,1002404. OORE
25mar2026,25mar2026,collect:YsAYkdUu6EWZgIhf,1002405,25mar2026,Inside the Catholic church,15,27,Lack of money,Manutrition,Lack of hospital,Lack of good school,Disability physical challenge,72,0,1,1,1,0,0,0,0,70,7.5418079,4.0296269,278.036377,4.716,9b5daa79-95a4-405a-81f9-42813f66bf42,25mar2026,56,1002405,670,OYO,LAGELU,APATERE/KUFFI/OGUNBODE/OGO,BANKOLE,2046. OYO,23965. LAGELU,7324. APATERE/KUFFI/OGUNBODE/OGO,1002405. BANKOLE
23mar2026,24mar2026,collect:oJR4NY79CyKeXL6b,1002675,23mar2026,AROWO ELEGUN COMPOUND,167,394,Aged people,Poor Habitation,Malnutrition,Out of School,People with Disability,4,0,1,1,1,1,0,0,0,561,7.6794397,3.1831978,218.5592041015625,4.931,9e385810-95c2-405b-9266-47bea387b1fe,24mar2026,30,1002675,940,OYO,IBARAPA NORTH,IGANGAN IV,AROWO ELEGUN ,2046. OYO,23958. IBARAPA NORTH,7414. IGANGAN IV,1002675. AROWO ELEGUN
