start,end,deviceid,com_select,mobilization_datetime,mobilization_venue,Engagement_datetime,engagement_venue,latitude,longitude,altitude,precision,_uuid,_submission_time,_index,communityid,SNO,state,lga,ward,community_name,state_shp,lga_shp,ward_shp,community
12mar2026,13mar2026,collect:8848Ns9xqXjSc1wu,1000063,13mar2026,EZE EBIRI OKORO PALACE,16mar2026,Community hall,5.6852705,7.651219,132.3996582,4.931,60c2a01f-24d0-4f00-aa4f-a41d5838930f,14mar2026,49,1000063,75,ABIA,BENDE,IGBERE A,OHUMOLA,2016. ABIA,23318. BENDE,45. IGBERE 'A',1000063. OHUMOLA
12mar2026,13mar2026,collect:8848Ns9xqXjSc1wu,1000072,13mar2026,EZEOGO HOUSE,23mar2026,Community hall,5.6816217,7.6455018,103.5928955078125,4.716,ebcb0bb9-1119-4249-99bc-a41642acb3a6,14mar2026,48,1000072,101,ABIA,BENDE,IGBERE B,ISIENYI,2016. ABIA,23318. BENDE,44. IGBERE 'B',1000072. ISIENYI
12mar2026,13mar2026,collect:8848Ns9xqXjSc1wu,1000080,13mar2026,NDI AMURI CHAIRMAN HOUSE,18mar2026,Community hall,5.6827117,7.6455817,100.5560913085938,4.716,d08889de-4a77-4119-a548-714360ba6fe3,14mar2026,47,1000080,103,ABIA,BENDE,IGBERE B,NDI-AMURI,2016. ABIA,23318. BENDE,44. IGBERE 'B',1000080. NDI-AMURI
10mar2026,10mar2026,collect:YYSM5RQv6NZpq3Ee,1000087,10mar2026,AGBALA NDI AGBO EZI,20mar2026,AGBALA NDI AGBO EZI,5.7315796,7.4808872,214.7288208007812,4.288,395b307b-4ad3-421e-9325-ebdf381f64d6,10mar2026,5,1000087,96,ABIA,BENDE,IGBERE B,OLOWO-OMAI-EGBE-AGBOEZI,2016. ABIA,23318. BENDE,44. IGBERE 'B',1000087. OLOWO-OMAI-EGBE-AGBOEZI
11mar2026,13mar2026,collect:8848Ns9xqXjSc1wu,1000092,11mar2026,CHAIRMAN House,19mar2026,UMUORJI HALL,5.6831378,7.6460263,57.38964844,4.716,702bdac4-6b64-492c-9879-143ab7aafe9e,14mar2026,46,1000092,102,ABIA,BENDE,IGBERE B,UHUORJI,2016. ABIA,23318. BENDE,44. IGBERE 'B',1000092. UHUORJI
12mar2026,13mar2026,collect:8848Ns9xqXjSc1wu,1000093,12mar2026,Community hall,20mar2026,Community hall,5.7022109,7.6682407,180.2479248046875,4.716,4a788acc-178a-4ad7-9fe3-47051f3ae3db,14mar2026,50,1000093,105,ABIA,BENDE,IGBERE B,UMUORJI,2016. ABIA,23318. BENDE,44. IGBERE 'B',1000093. UMUORJI
09mar2026,11mar2026,collect:YYSM5RQv6NZpq3Ee,1000108,10mar2026,AGBALA NDI AGBOEZI,20mar2026,AGBOEZI HALL,5.7315281,7.4808514,205.7027587890625,4.824,1ac18b0e-cc29-4a30-a550-6a9d421db666,11mar2026,8,1000108,115,ABIA,BENDE,ITEM  WARD  A,ETITI-AMABA,2016. ABIA,23318. BENDE,47. ITEM A,1000108. ETITI-AMABA
11mar2026,11mar2026,collect:eCurZ1qcZhk1dJSp,1000197,11mar2026,COMMUNITY HALL,11mar2026,COMMUNITY HALL,5.7994248,7.6689857,96.77502441,4.99,70a0d13f-b8b7-4644-8a2e-33765ace8b7b,11mar2026,11,1000197,234,ABIA,BENDE,ITEM  WARD  C,AMADI OCHA UMUAKPA,2016. ABIA,23318. BENDE,46. ITEM C,1000197. AMADI OCHA UMUAKPA
11mar2026,11mar2026,collect:eCurZ1qcZhk1dJSp,1000199,11mar2026,COMMUNITY HALL,11mar2026,Community hall,5.7913508,7.6811527,95.63690185546875,4.192,4c76e3df-754c-4553-9806-b1a547dc0511,11mar2026,10,1000199,208,ABIA,BENDE,ITEM  WARD  C,AMAORJI-ELUNTA- EZIANO-UMUENZO,2016. ABIA,23318. BENDE,46. ITEM C,1000199. AMAORJI-ELUNTA- EZIANO-UMUENZO
12mar2026,12mar2026,collect:eCurZ1qcZhk1dJSp,1000203,12mar2026,COMMUNITY HALL,12mar2026,COMMUNITY HALL,5.7941241,7.6828204,102.1071777,4.565,e9a17d38-75e8-4084-806a-963abedddeeb,12mar2026,16,1000203,235,ABIA,BENDE,ITEM  WARD  C,EZI-ELUNTA,2016. ABIA,23318. BENDE,46. ITEM C,1000203. EZI-ELUNTA
09mar2026,09mar2026,collect:eCurZ1qcZhk1dJSp,1000211,09mar2026,Community hall,09mar2026,Community hall,5.8158509,7.6743561,93.0826416,4.727,8a49be89-77ab-4eb7-b31d-18f83f30c222,09mar2026,1,1000211,236,ABIA,BENDE,ITEM  WARD  C,OKAI,2016. ABIA,23318. BENDE,46. ITEM C,1000211. OKAI
12mar2026,12mar2026,collect:eCurZ1qcZhk1dJSp,1000217,12mar2026,Community hall,12mar2026,Community hall,5.7974406,7.6748092,70.75354004,4.556,3114ce47-4a03-41b7-9dc4-375afaf8c31f,12mar2026,15,1000217,232,ABIA,BENDE,ITEM  WARD  C,UMUAKPA NDI-OGO,2016. ABIA,23318. BENDE,46. ITEM C,1000217. UMUAKPA NDI-OGO
13mar2026,13mar2026,collect:NeKkkM33hKrBD2Of,1000262,13mar2026,IHEMEGBULAM NWOKOCHA RESIDENCE,25mar2026,AMACHI VILLAGE SQUARE,5.8381209,7.4460436,125.6635131835938,4.716,e705ab30-b778-4024-b10a-9aecd9ba6222,13mar2026,42,1000262,273,ABIA,BENDE,OZUITEM,EZI-GBOGBO-EZI OTAGBA-NDIAMAYI NDIAMBE-EZIAMABA-EZIULELU EZIAMACHI,2016. ABIA,23318. BENDE,40. OZUITEM,1000262. EZI-GBOGBO-EZI OTAGBA-NDIAMAYI NDIAMBE-EZIAMABA-EZIULELU EZIAMACHI
14mar2026,14mar2026,collect:GVJ1ckNc0x6DEiu2,1000277,14mar2026,Eze's palace,28mar2026,Community Hall,5.7874323,7.6056933,98.81048583984375,3.216,e2fe783a-1a07-40df-a11f-32171ea61652,14mar2026,53,1000277,334,ABIA,BENDE,UGWUEKE/EZEUKWU,AGBOIYI,2016. ABIA,23318. BENDE,43. UGWUEKE/EZEUKWU,1000277. AGBOIYI
14mar2026,14mar2026,collect:GVJ1ckNc0x6DEiu2,1000280,14mar2026,Amaba community Hall,30mar2026,Amaba community Hall,5.8222438,7.6254622,95.20660400390625,4.502,e040bdfc-445a-400d-a098-fab009b0e565,14mar2026,52,1000280,328,ABIA,BENDE,UGWUEKE/EZEUKWU,AMABA,2016. ABIA,23318. BENDE,43. UGWUEKE/EZEUKWU,1000280. AMABA
11mar2026,12mar2026,collect:GVJ1ckNc0x6DEiu2,1000286,11mar2026,Community Hall,27mar2026,Amaukwu Hall,5.8055559,7.5614417,108.6821899414062,4.931,aeee38ef-229f-4602-abf1-d0e354255d1c,12mar2026,17,1000286,331,ABIA,BENDE,UGWUEKE/EZEUKWU,AMAKWU,2016. ABIA,23318. BENDE,43. UGWUEKE/EZEUKWU,1000286. AMAKWU
12mar2026,12mar2026,collect:GVJ1ckNc0x6DEiu2,1000291,12mar2026,Amanta community Hall,17mar2026,Amanta community Hall,5.8223004,7.6259911,109.6746215820312,4.824,9150c6b5-e194-4267-a9ac-d3c04c589776,12mar2026,18,1000291,329,ABIA,BENDE,UGWUEKE/EZEUKWU,AMANTA,2016. ABIA,23318. BENDE,43. UGWUEKE/EZEUKWU,1000291. AMANTA
12mar2026,12mar2026,collect:GVJ1ckNc0x6DEiu2,1000303,12mar2026,Ndagbo community Hall,25mar2026,Ndagbo,5.8362961,7.6255832,66.48852539,4.824,359cc387-948b-48ec-85bb-22b10b10f50c,12mar2026,19,1000303,330,ABIA,BENDE,UGWUEKE/EZEUKWU,NDI-AGBO,2016. ABIA,23318. BENDE,43. UGWUEKE/EZEUKWU,1000303. NDI-AGBO
13mar2026,13mar2026,collect:Nh2HWxq6IuYDbDFj,1000417,13mar2026,LATE EZE IFEANYI ORIUWA'COMPOUND,21mar2026,ELEMAGA VILLAGE SQUARE,5.4401249,7.6130551,129.4008178710938,4.466,31a3b728-05e8-4a87-a75e-95aaf6e1c8bf,13mar2026,38,1000417,428,ABIA,IKWUANO,IBERE I,AGBAMA-MGBOKO-AGBOMIRI,2016. ABIA,23319. IKWUANO,55. IBERE I,1000417. AGBAMA-MGBOKO-AGBOMIRI
14mar2026,14mar2026,collect:Nh2HWxq6IuYDbDFj,1000418,14mar2026,PRESIDENT GENERAL HOUSE,30mar2026,INYILA TOWN HALL,5.4329722,7.6085413,138.8179321289062,3.752,a2427025-5892-4fe2-abfe-f332f3fc02c6,14mar2026,51,1000418,429,ABIA,IKWUANO,IBERE I,AMAUKALA,2016. ABIA,23319. IKWUANO,55. IBERE I,1000418. AMAUKALA
15mar2026,16mar2026,collect:Nh2HWxq6IuYDbDFj,1000419,14mar2026,PRESIDENT GENERAL COMPOUND,30mar2026,INYILA TOWN HALL,5.4365213,7.6078878,119.9356689453125,3.573,a33c00fb-841c-4d9d-bc9d-7c04e6e5224d,16mar2026,66,1000419,430,ABIA,IKWUANO,IBERE I,EBO NA NKWOCHA,2016. ABIA,23319. IKWUANO,55. IBERE I,1000419. EBO NA NKWOCHA
11mar2026,11mar2026,collect:Nh2HWxq6IuYDbDFj,1000420,11mar2026,ISIALA IBERE TOWN HALL,16mar2026,ISIALA IBERE TOWN HALL,5.4306041,7.61623,122.7266845703125,4.645,dafbb1bc-0486-45d3-924b-372b5e823383,11mar2026,14,1000420,431,ABIA,IKWUANO,IBERE I,ISIALA,2016. ABIA,23319. IKWUANO,55. IBERE I,1000420. ISIALA
12mar2026,12mar2026,collect:Nh2HWxq6IuYDbDFj,1000421,12mar2026,PRESIDENT GERARAL COMPONENT,23mar2026,AMURU TOWN HALL,5.4672692,7.5862498,152.8497314453125,4.288,e006e972-ba0b-4c99-83a0-e178fa3db922,12mar2026,20,1000421,432,ABIA,IKWUANO,IBERE I,NGODO,2016. ABIA,23319. IKWUANO,55. IBERE I,1000421. NGODO
13mar2026,13mar2026,collect:Nh2HWxq6IuYDbDFj,1000422,13mar2026,ENYINNAYA ARIOND'S COMPOUND,31mar2026,ENYINNAYA ANARIONDU COMPOUND IN OBUORO IBERE,5.4647668,7.628513,65.54608154296875,4.288,30b29aed-15af-4907-b9eb-73898a825877,13mar2026,37,1000422,433,ABIA,IKWUANO,IBERE I,OBUORO-UMUISERENGAJI,2016. ABIA,23319. IKWUANO,55. IBERE I,1000422. OBUORO-UMUISERENGAJI
11mar2026,15mar2026,collect:06ATUj2rIIeGMFx1,1000427,11mar2026,AT THE COMMUNITY  CHAIRMAN'S HOUSES ,11mar2026,AT COMMUNITY CHAIRMAN'S HOUSES ,5.4680872,7.574057,182.1734008789062,4.073,4011ed51-1a6a-44ed-8480-66d28c056851,15mar2026,58,1000427,436,ABIA,IKWUANO,IBERE I,UMUORIE,2016. ABIA,23319. IKWUANO,55. IBERE I,1000427. UMUORIE
14mar2026,15mar2026,collect:06ATUj2rIIeGMFx1,1000429,14mar2026,BEHIND THE COMMUNITY TOWN HALL ,19mar2026,COMMUNITY TOWN HALL ,5.4361986,7.5852899,134.4788818359375,4.109,2b7ad095-9d8a-4487-a91d-175846b2f1f4,15mar2026,60,1000429,444,ABIA,IKWUANO,IBERE II,AGBOMIRI,2016. ABIA,23319. IKWUANO,56. IBERE II,1000429. AGBOMIRI
14mar2026,15mar2026,collect:06ATUj2rIIeGMFx1,1000433,14mar2026,PRIME MINISTER'S HOUSE IYALU IBERE ,21mar2026,IYALU PRIMARY SCHOOL ,5.4488972,7.5961458,137.309082,4.502,8623eda9-c30f-41f7-884e-bd2bd53d32fd,15mar2026,61,1000433,448,ABIA,IKWUANO,IBERE II,EZIAMA-EZECHI-UMUADIBIA-NMUAKAN,2016. ABIA,23319. IKWUANO,56. IBERE II,1000433. EZIAMA-EZECHI-UMUADIBIA-NMUAKAN
14mar2026,15mar2026,collect:06ATUj2rIIeGMFx1,1000440,14mar2026,AT THE HOUSE OF VILLAGE HEAD CHAIRMAN ,18mar2026,MARKET SQUARE ,5.4429591,7.5833589,161.3861694335938,4.716,8d4ead65-bed8-493a-a21f-6ede61820f42,15mar2026,59,1000440,454,ABIA,IKWUANO,IBERE II,UMUAYIM,2016. ABIA,23319. IKWUANO,56. IBERE II,1000440. UMUAYIM
09mar2026,09mar2026,collect:uhO8IsbNeFcw8txu,1000441,09mar2026,UMUEMENIKE VILLAGE HALL,17mar2026,UMUEMENIKE VILLAGE HALL,5.4171264,7.6084639,136.7645263671875,3.216,01e251f8-4ff2-4e48-9e8a-b19e09080bab,09mar2026,4,1000441,455,ABIA,IKWUANO,IBERE II,UMUEMENIKE,2016. ABIA,23319. IKWUANO,56. IBERE II,1000441. UMUEMENIKE
09mar2026,15mar2026,collect:06ATUj2rIIeGMFx1,1000442,09mar2026,MARKET SQUARE,09mar2026,MARKET SQUARE ,5.4474275,7.6088059,132.7876586914062,4.824,a19242f8-c859-4711-8e56-89ef2801722b,15mar2026,57,1000442,456,ABIA,IKWUANO,IBERE II,UMUGO,2016. ABIA,23319. IKWUANO,56. IBERE II,1000442. UMUGO
09mar2026,09mar2026,collect:NFlsWj9U7w24mD12,1000536,09mar2026,UMUSO WEIFARE UNIONS HALL,20mar2026,UMUSO WEIFARE UNIONS HALL,5.737605,7.462702,239.7911376953125,4.109,01b73d9b-bb34-484c-9eeb-530c2833a535,09mar2026,3,1000536,538,ABIA,IKWUANO,OBORO III,UMUSOM I,2016. ABIA,23319. IKWUANO,52. OBORO III,1000536. UMUSOM I
19mar2026,20mar2026,collect:NeKkkM33hKrBD2Of,1000708,13mar2026,IHEMEGBULAM NWOKOCHA RESIDENCE,25mar2026,AMAKAHIA VILLAGE SQUARE,5.838138,7.4458487,123.0656738,4.288,1fc35043-12f8-480d-bec3-dadbed23ac41,20mar2026,72,1000708,731,ABIA,ISUIKWUATO,IKEAGHA I,AMACHI,2016. ABIA,23322. ISUIKWUATO,86. IKEAGHA I,1000708. AMACHI
13mar2026,13mar2026,collect:NeKkkM33hKrBD2Of,1000713,13mar2026,AMAOSE VILLAGE SQUARE,18mar2026,AMAOSE VILLAGE HALL,5.8383107,7.4436823,125.2775879,4.288,be0a8182-e4f6-4279-9d5d-7e0f05a12949,13mar2026,41,1000713,733,ABIA,ISUIKWUATO,IKEAGHA I,AMAOSE,2016. ABIA,23322. ISUIKWUATO,86. IKEAGHA I,1000713. AMAOSE
13mar2026,14mar2026,collect:NeKkkM33hKrBD2Of,1000718,13mar2026,OWERETTE HALL,31mar2026,OWERETTE VILLAGE HALL,5.8338754,7.4422144,129.6799316,4.288,eb602504-88d3-4198-b348-95d49010124d,14mar2026,55,1000718,732,ABIA,ISUIKWUATO,IKEAGHA I,OWERETE,2016. ABIA,23322. ISUIKWUATO,86. IKEAGHA I,1000718. OWERETE
13mar2026,13mar2026,collect:YYSM5RQv6NZpq3Ee,1000719,13mar2026,UCHECHUKWU UKWU' RESIDENCE,18mar2026,VILLAGE SQUARE,5.8334643,7.4418966,130.3564453,3.752,f44d52c7-54a3-46cf-a96d-83ded5a3ab31,13mar2026,39,1000719,734,ABIA,ISUIKWUATO,IKEAGHA I,OWERETE AKPUKPA,2016. ABIA,23322. ISUIKWUATO,86. IKEAGHA I,1000719. OWERETE AKPUKPA
13mar2026,14mar2026,collect:NeKkkM33hKrBD2Of,1000720,13mar2026,"RESIDENCE OF HON, GOODLUCK OKEZIE",19mar2026, VILLAGE SQUARE,5.8360355,7.4403326,134.1968994140625,4.645,d9bf5121-22a5-4170-9d66-83a71a0a9399,14mar2026,54,1000720,730,ABIA,ISUIKWUATO,IKEAGHA I,UMUCHIOKE,2016. ABIA,23322. ISUIKWUATO,86. IKEAGHA I,1000720. UMUCHIOKE
13mar2026,13mar2026,collect:YYSM5RQv6NZpq3Ee,1000721,13mar2026,MR MICHEAL IGWE RESIDENCE,26mar2026,VILLAGE HALL,5.8483027,7.4916246,113.4625244140625,4.073,28a5a542-0ea1-4aaa-86fd-4d79afe376a2,13mar2026,40,1000721,728,ABIA,ISUIKWUATO,IKEAGHA I,UMUOKWE,2016. ABIA,23322. ISUIKWUATO,86. IKEAGHA I,1000721. UMUOKWE
13mar2026,13mar2026,collect:NeKkkM33hKrBD2Of,1000722,13mar2026,PRIME MINISTER HOUSE,01apr2026,UMUOROTO VILLAGE SQUARE,5.8314997,7.4438518,141.2702637,4.073,e0d2123e-2247-4a67-80ef-6845d6a2d0a9,13mar2026,43,1000722,729,ABIA,ISUIKWUATO,IKEAGHA I,UMUOROTO,2016. ABIA,23322. ISUIKWUATO,86. IKEAGHA I,1000722. UMUOROTO
20mar2026,20mar2026,collect:YYSM5RQv6NZpq3Ee,1000760,10mar2026,AGBO EZI HALL,20mar2026,AGBO EZI HALL,5.7315425,7.4809117,212.3117676,4.645,2c97a24e-bf46-411e-8ef0-b123604cf64d,20mar2026,73,1000760,788,ABIA,ISUIKWUATO,ISUAMAWU,AGBO EZI,2016. ABIA,23322. ISUIKWUATO,82. ISU AMAWU,1000760. AGBO EZI
19mar2026,19mar2026,collect:YYSM5RQv6NZpq3Ee,1000760,13mar2026,AGBO EZI HALL,13mar2026,AGBO EZI HALL,5.7316284,7.4808612,214.7915649414062,4.716,466fcad0-6ebf-4efb-be7c-d8c468f84645,19mar2026,71,1000760,788,ABIA,ISUIKWUATO,ISUAMAWU,AGBO EZI,2016. ABIA,23322. ISUIKWUATO,82. ISU AMAWU,1000760. AGBO EZI
11mar2026,11mar2026,collect:NFlsWj9U7w24mD12,1000761,11mar2026,UMUAMA HALL,25mar2026,UMUAMA HALL,5.7466794,7.4637673,243.3001708984375,4.931,f60296d5-38b1-4a91-a4cc-f24ace971c34,11mar2026,13,1000761,776,ABIA,ISUIKWUATO,ISUAMAWU,EKEBE NA UMUAMA,2016. ABIA,23322. ISUIKWUATO,82. ISU AMAWU,1000761. EKEBE NA UMUAMA
11mar2026,11mar2026,collect:NFlsWj9U7w24mD12,1000763,11mar2026,VILLAGE SQUARE,23mar2026,VILLAGE SQUARE,5.7497425,7.430198,229.7197266,4.931,1a5837bf-01e9-4a3b-b0db-e0cc54a1ba76,11mar2026,12,1000763,785,ABIA,ISUIKWUATO,ISUAMAWU,NDI OGU/IGIDIYIM,2016. ABIA,23322. ISUIKWUATO,82. ISU AMAWU,1000763. NDI OGU/IGIDIYIM
10mar2026,10mar2026,collect:NFlsWj9U7w24mD12,1000766,10mar2026,OBODO HALL,17mar2026,OBODO HALL,5.7388458,7.4673243,256.0723876953125,4.931,ef49588d-2c2a-477e-902d-1404d7c4c5cc,10mar2026,6,1000766,784,ABIA,ISUIKWUATO,ISUAMAWU,OBODO,2016. ABIA,23322. ISUIKWUATO,82. ISU AMAWU,1000766. OBODO
11mar2026,11mar2026,collect:YYSM5RQv6NZpq3Ee,1000768,11mar2026,OZARA NA EZIAJA HALL,23mar2026,OZARA NA EZIAJA HALL,5.7352189,7.4843643,215.2766113,4.716,6cd9d183-bc32-4a33-96c5-8365a42e13ec,11mar2026,7,1000768,789,ABIA,ISUIKWUATO,ISUAMAWU,OZARA NA EZI AJA,2016. ABIA,23322. ISUIKWUATO,82. ISU AMAWU,1000768. OZARA NA EZI AJA
09mar2026,09mar2026,collect:NFlsWj9U7w24mD12,1000773,09mar2026,EZUMEZU EMOKO HALL,18mar2026,EZUMEZU EMOKO HALL,5.7188808,7.4689868,214.4379883,4.931,8d57d1bc-b281-4dba-b108-adf1edc5610d,09mar2026,2,1000773,781,ABIA,ISUIKWUATO,ISUAMAWU,UMUEMOKO,2016. ABIA,23322. ISUIKWUATO,82. ISU AMAWU,1000773. UMUEMOKO
10mar2026,11mar2026,collect:YYSM5RQv6NZpq3Ee,1000776,11mar2026,UMUNTEJE HALL,19mar2026,UMUNTEJE HALL,5.7319629,7.4807557,230.4633789,4.288,e20d0c9f-3919-4bc6-865a-edc3ee7a6800,11mar2026,9,1000776,787,ABIA,ISUIKWUATO,ISUAMAWU,UMUNTEJE,2016. ABIA,23322. ISUIKWUATO,82. ISU AMAWU,1000776. UMUNTEJE
17mar2026,19mar2026,collect:NFlsWj9U7w24mD12,1000779,10mar2026,UMUSOO WEIFARE UNIONS HALL,20mar2026,UMUSOO WEIFARE UNIONS HALL,5.7376275,7.4628778,253.1000061035156,4.824,becf6159-cf44-4edc-b665-dded460848d5,23mar2026,74,1000779,783,ABIA,ISUIKWUATO,ISUAMAWU,UMUSOO,2016. ABIA,23322. ISUIKWUATO,82. ISU AMAWU,1000779. UMUSOO
16mar2026,16mar2026,collect:wZDFaLuAdqhUC4il,1000879,16mar2026,"NWAOGU NWANKWO""S compound",20mar2026,NWAOGU NWANKWO's compound,4.8875992,7.4433165,41.08331298828125,4.824,bc638707-e353-4c9d-ba4b-7e3698c47f1f,16mar2026,63,1000879,897,ABIA,UKWA EAST,IKWUEKE EAST,OHAISU,2016. ABIA,23327. UKWA EAST,132. IKWUEKE EAST,1000879. OHAISU
13mar2026,13mar2026,collect:wZDFaLuAdqhUC4il,1000886,04mar2026,UHUNNA TOWN Hall,04mar2026,UHUNNA TOWN Hall,4.8670849,7.486046,40.48358154296875,4.931,f8cf6ecb-5173-43e5-b730-01d7cfd92fe3,13mar2026,35,1000886,899,ABIA,UKWA EAST,IKWUEKE EAST,UHUNNA,2016. ABIA,23327. UKWA EAST,132. IKWUEKE EAST,1000886. UHUNNA
16mar2026,16mar2026,collect:wZDFaLuAdqhUC4il,1000887,16mar2026,Umuano compound,23mar2026,Umuano compound,4.8852196,7.4419799,22.84680176,4.502,e96fb00e-e450-40cc-94c8-01a044aae352,16mar2026,62,1000887,896,ABIA,UKWA EAST,IKWUEKE EAST,UMUANO,2016. ABIA,23327. UKWA EAST,132. IKWUEKE EAST,1000887. UMUANO
13mar2026,13mar2026,collect:wZDFaLuAdqhUC4il,1000891,10mar2026,"Chief. Akarahu  Mathias Chidi""s compound",18mar2026,"Akarahu Mathias Chidi""s compound",4.8824019,7.4419337,31.02697754,4.556,b12c9af7-81d7-4ebc-a158-d8f2cdf141a6,13mar2026,36,1000891,898,ABIA,UKWA EAST,IKWUEKE EAST,UMUNWACHI,2016. ABIA,23327. UKWA EAST,132. IKWUEKE EAST,1000891. UMUNWACHI
18mar2026,19mar2026,collect:uLc4Bk37Q1tN1iX9,1000926,12mar2026,ONUOBU AKWARAKWARA,24mar2026,ONUOBU AKWARAKARA VILLAGE,4.9551574,7.4818978,69.09999847412109,2,829ed45e-5b10-4d52-bce2-955626e6ac3b,19mar2026,69,1000926,943,ABIA,UKWA EAST,IKWUORIEATOR EAST,AKWARAKWARA VILLAGE,2016. ABIA,23327. UKWA EAST,138. IKWURIATOR EAST,1000926. AKWARAKWARA VILLAGE
18mar2026,19mar2026,collect:uLc4Bk37Q1tN1iX9,1000929,09mar2026,PRIMINISTER PLACE,17mar2026,MKPUOKE VILLAGE,4.9528898,7.4823509,69.09999847412109,2.933,cde6af95-5631-41cf-bca7-66c4a93ad788,19mar2026,68,1000929,942,ABIA,UKWA EAST,IKWUORIEATOR EAST,MKPUOKO DEDE VILLAGE,2016. ABIA,23327. UKWA EAST,138. IKWURIATOR EAST,1000929. MKPUOKO DEDE VILLAGE
18mar2026,19mar2026,collect:uLc4Bk37Q1tN1iX9,1000930,12mar2026,OBUOKE VILLAGE SQUARE,20mar2026,OBUOKE VILLAGE SQUARE,4.9525003,7.4849362,69.09999847412109,3.6,c7ffb129-6abe-4a62-90cd-f660cedf53d8,19mar2026,67,1000930,941,ABIA,UKWA EAST,IKWUORIEATOR EAST,OBUOKU VILLAGE,2016. ABIA,23327. UKWA EAST,138. IKWURIATOR EAST,1000930. OBUOKU VILLAGE
18mar2026,26mar2026,collect:uLc4Bk37Q1tN1iX9,1000931,14mar2026,EMMANUEL WISDOM COMP.,26mar2026,AMAOBU OGBUAGU VILLAGE HALL,4.8844313,7.4856201,49.3,3.5,51dbc341-c63c-42f5-ad3a-28ab0f91d3eb,26mar2026,75,1000931,939,ABIA,UKWA EAST,IKWUORIEATOR EAST,OGBUAGU VILLAGE,2016. ABIA,23327. UKWA EAST,138. IKWURIATOR EAST,1000931. OGBUAGU VILLAGE
19mar2026,19mar2026,collect:uLc4Bk37Q1tN1iX9,1000932,14mar2026,UHUMA VILLAGE HALL,19mar2026,UHUMA VILLAGE HALL,4.9630436,7.4785238,69.09999847412109,3.6,a2dc3521-1c53-46e9-9860-a649b08d9c85,19mar2026,70,1000932,944,ABIA,UKWA EAST,IKWUORIEATOR EAST,UHUMA,2016. ABIA,23327. UKWA EAST,138. IKWURIATOR EAST,1000932. UHUMA
13mar2026,13mar2026,collect:wZDFaLuAdqhUC4il,1000942,19mar2026,Umunwulu town hall,19mar2026,Umunwulu town hall,4.9854045,7.4319277,73.15496826171875,4.645,fa506e72-582a-4025-ba93-6c4ff90b80cb,13mar2026,34,1000942,953,ABIA,UKWA EAST,IKWUORIEATOR WEST,UMUNWULU-ABAKI,2016. ABIA,23327. UKWA EAST,139. IKWURIATOR WEST,1000942. UMUNWULU-ABAKI
10mar2026,10mar2026,collect:WRWiBLV7fi3mXME0,1001012,10mar2026,MKPUKWE CIVIC HALL,18mar2026,MKPUKWE CIVIC HALL,5.0697859,7.2932138,82.68908691,4.824,b24d5a04-13ac-41de-9ff9-6902886d133d,13mar2026,27,1001012,1025,ABIA,UKWA WEST,ASA NORTH,MKPUKWE,2016. ABIA,23328. UKWA WEST,141. ASA NORTH,1001012. MKPUKWE
09mar2026,09mar2026,collect:WRWiBLV7fi3mXME0,1001013,09mar2026,OBINGWU CIVIC HALL,17mar2026,OBINGWU CIVIC HALL,5.0732744,7.3012785,82.30218505859375,4.824,fb2e47d8-d01e-446f-9702-9a1051092ad9,13mar2026,26,1001013,1027,ABIA,UKWA WEST,ASA NORTH,OBINGWU,2016. ABIA,23328. UKWA WEST,141. ASA NORTH,1001013. OBINGWU
11mar2026,11mar2026,collect:WRWiBLV7fi3mXME0,1001014,11mar2026,OMUMAUZOR CIVIC HALL,19mar2026,OMUMAUZOR CIVIC HALL,5.0835263,7.2926751,78.57885742,4.931,a35fb71c-6be1-48f5-960e-cfdc0545ca36,13mar2026,28,1001014,1023,ABIA,UKWA WEST,ASA NORTH,OMUMAUZOR,2016. ABIA,23328. UKWA WEST,141. ASA NORTH,1001014. OMUMAUZOR
09mar2026,09mar2026,collect:WRWiBLV7fi3mXME0,1001015,09mar2026,UMUEKECHI CIVIC HALL,16mar2026,UMUEKECHI CIVIC HALL,5.0682573,7.2865331,78.47137451171875,4.931,f78b7fac-2174-4df4-acc7-82161fbae309,13mar2026,25,1001015,1024,ABIA,UKWA WEST,ASA NORTH,UMUEKECHI,2016. ABIA,23328. UKWA WEST,141. ASA NORTH,1001015. UMUEKECHI
12mar2026,12mar2026,collect:WRWiBLV7fi3mXME0,1001016,12mar2026,UMUEZEKE CIVIC HALL,20mar2026,VENUE. UMUEZEKE CIVIC HALL,5.0706926,7.2982881,83.87792969,4.502,ad2fc2ae-0be7-4285-9bff-04bda86b4758,13mar2026,29,1001016,1026,ABIA,UKWA WEST,ASA NORTH,UMUEZEKE,2016. ABIA,23328. UKWA WEST,141. ASA NORTH,1001016. UMUEZEKE
12mar2026,12mar2026,collect:fapOpudI7xYzcgX8,1001063,12mar2026,CHAIRMAN'S COMPOUND AMAUKWU,19mar2026,AMAUKWU COMMUNITY HALL,5.0637119,7.271943,62.36535645,3.9,d061721e-5b6d-408a-ab9c-9451e9c356c5,13mar2026,33,1001063,1079,ABIA,UKWA WEST,OBOKWE,AMAUKWU,2016. ABIA,23328. UKWA WEST,143. OBOKWE,1001063. AMAUKWU
12mar2026,12mar2026,collect:tXybH440FHdviuG1,1001064,11mar2026,VILLAGE CHAIRMAN RESIDENCE,18mar2026,IKENYI COUNCIL HALL OBOKWE,5.059215,7.2720061,60.65936279296875,3.216,3f273e19-a264-4354-bfeb-6cac8ec06700,12mar2026,24,1001064,1082,ABIA,UKWA WEST,OBOKWE,IKENYI,2016. ABIA,23328. UKWA WEST,143. OBOKWE,1001064. IKENYI
09mar2026,09mar2026,collect:fapOpudI7xYzcgX8,1001065,09mar2026,UMUAKWA COUNCIL HALL OBOKWE,18mar2026,UMUAKWA COUNCIL HALL,5.0609113,7.2580893,85.04791259765625,4.824,cc525680-d3c1-46ba-ade1-6b36454be3d2,13mar2026,30,1001065,1075,ABIA,UKWA WEST,OBOKWE,UMUAKWA,2016. ABIA,23328. UKWA WEST,143. OBOKWE,1001065. UMUAKWA
12mar2026,10mar2026,collect:fapOpudI7xYzcgX8,1001066,10mar2026,CHAIRMAN'S COMPOUND,20mar2026,CHAIRMAN'S COMPOUND,5.0624529,7.2673011,80.49499512,4.759,b6429738-81f6-4895-97d0-933e0da2cfc5,13mar2026,32,1001066,1081,ABIA,UKWA WEST,OBOKWE,UMUGURU,2016. ABIA,23328. UKWA WEST,143. OBOKWE,1001066. UMUGURU
12mar2026,12mar2026,collect:tXybH440FHdviuG1,1001067,11mar2026,VILLAGE HEAD RESIDENCE,21mar2026,UMUIKAA VILLAGE COUNCIL HALL,5.0620831,7.2657683,60.65936279296875,4.502,1edadf72-16c0-4017-b4ee-f40995ea3d27,12mar2026,23,1001067,1080,ABIA,UKWA WEST,OBOKWE,UMUIKAA,2016. ABIA,23328. UKWA WEST,143. OBOKWE,1001067. UMUIKAA
09mar2026,09mar2026,collect:fapOpudI7xYzcgX8,1001068,09mar2026,UMUINWERE VILLAGE COUNCIL HALL,16mar2026,UMUINWERE COMMUNITY HALL,5.0575719,7.2678404,75.81219482421875,4.406,332a87a4-a557-4012-b310-1b8040646d0b,13mar2026,31,1001068,1077,ABIA,UKWA WEST,OBOKWE,UMUINWERE,2016. ABIA,23328. UKWA WEST,143. OBOKWE,1001068. UMUINWERE
11mar2026,12mar2026,collect:tXybH440FHdviuG1,1001069,11mar2026,THE VILLAGE HEAD RESIDENCE,16mar2026,UMUNDUGU VILLAGE COUNCIL HALL,5.0465194,7.2718693,80.88500977,4.931,ad209249-71fb-4c41-87c7-a20f2541777b,12mar2026,22,1001069,1074,ABIA,UKWA WEST,OBOKWE,UMUNDUGU,2016. ABIA,23328. UKWA WEST,143. OBOKWE,1001069. UMUNDUGU
11mar2026,12mar2026,collect:tXybH440FHdviuG1,1001070,11mar2026,VILLAGE HEAD HOUSE,12mar2026,UMUOKA VILLAGE COUNCIL HALL,5.0622357,7.2599351,78.11560059,4.288,4f814ac5-0aec-4ff2-96a2-393b47fd4c2d,12mar2026,21,1001070,1076,ABIA,UKWA WEST,OBOKWE,UMUOKA,2016. ABIA,23328. UKWA WEST,143. OBOKWE,1001070. UMUOKA
12mar2026,13mar2026,collect:tXybH440FHdviuG1,1001071,12mar2026,UMUOPERE VILLAGE COUNCIL HALL OBOKWE,18mar2026,UMUOPERE VILLAGE COUNCIL HALL,5.0635153,7.2694895,83.68371582,4.716,0aad7c8f-6b75-43d7-95b3-1c271e5df885,13mar2026,44,1001071,1078,ABIA,UKWA WEST,OBOKWE,UMUOPERE,2016. ABIA,23328. UKWA WEST,143. OBOKWE,1001071. UMUOPERE
18mar2026,18mar2026,collect:ejXaesPctSN2Dwoo,1001104,18mar2026,Iortaver Aba compound,26mar2026,RCM Chafu,7.7626206,9.3188288,361.808,3.269,60de4c4e-3be2-49b6-871d-2085c4e94b02,18mar2026,65,1001104,13,BENUE,AGATU,OGWULE-OGBAULU,EGWUMA,2022. BENUE,23434. AGATU,1461. OGWULE OGBAULU,1001104. EGWUMA
17mar2026,18mar2026,collect:3S3l8owGDdyC5VVC,1001104,17mar2026,METHODIST PRIMARY SCHOOL EGWUMA,26mar2026,METHODIST PRIMARY SCHOOL EGWUMA,7.9035417,7.7329567,136.5,3.966,c0eaf9cc-d67a-4101-945c-93782dc995ec,18mar2026,70,1001104,13,BENUE,AGATU,OGWULE-OGBAULU,EGWUMA,2022. BENUE,23434. AGATU,1461. OGWULE OGBAULU,1001104. EGWUMA
17mar2026,18mar2026,collect:3S3l8owGDdyC5VVC,1001106,17mar2026,CHIEF PALACE,26mar2026,OGWULE ANKPA MARKET SQUARE,7.8637367,7.7672667,149,4.533,3e468f02-3fd0-4058-8a5e-000894b0a9bd,18mar2026,69,1001106,12,BENUE,AGATU,OGWULE-OGBAULU,OGWULE-ANKPA,2022. BENUE,23434. AGATU,1461. OGWULE OGBAULU,1001106. OGWULE-ANKPA
17mar2026,17mar2026,collect:uLk77Bu7C0TqWoyL,1001107,17mar2026,"ISLAMIYA PRIMARY SCHOOL, OGWULE OGBAULU AGATU",24mar2026,"ISLAMIYA PRIMARY SCHOOL, OGWULE OGBAULU AGATU",7.8831609,7.7803433,122.6,4.516,a5a6f929-82bb-4126-b897-0e23ba614c0b,17mar2026,33,1001107,15,BENUE,AGATU,OGWULE-OGBAULU,OGWULE-OGBAUKLU,2022. BENUE,23434. AGATU,1461. OGWULE OGBAULU,1001107. OGWULE-OGBAUKLU
17mar2026,18mar2026,collect:3S3l8owGDdyC5VVC,1001108,17mar2026,CHIEF PALACE,27mar2026,OKPAGABI MARKET SQUARE,7.793685,7.7649917,169.9,4.55,0d35dad7-f3eb-493b-9059-b8091ccc8d70,18mar2026,71,1001108,14,BENUE,AGATU,OGWULE-OGBAULU,OKPAGABI,2022. BENUE,23434. AGATU,1461. OGWULE OGBAULU,1001108. OKPAGABI
16mar2026,18mar2026,collect:wsHZyz9GRknZbr8h,1001109,16mar2026,LGEA  PRIMARY SCHOOL OLEGOMAKWU,24mar2026,LGEA PRIMARY SCHOOL,7.8970324,8.110713499999999,96.3,4.5,a2c786c1-96cc-4aec-bab4-56e62d1cada5,18mar2026,73,1001109,1,BENUE,AGATU,OKOKOLO,AKPEKO1,2022. BENUE,23434. AGATU,1455. OKOKOLO,1001109. AKPEKO1
16mar2026,18mar2026,collect:wsHZyz9GRknZbr8h,1001109,16mar2026,AKPEKO1,23mar2026,AKPEKO MARKET SQUARE,7.8968403,8.110528800000001,93.2,3.64,6d0a5a50-ccdd-4d70-855f-74655dbedb6e,18mar2026,76,1001109,1,BENUE,AGATU,OKOKOLO,AKPEKO1,2022. BENUE,23434. AGATU,1455. OKOKOLO,1001109. AKPEKO1
16mar2026,16mar2026,collect:3S3l8owGDdyC5VVC,1001110,16mar2026,LGEA PRIMARY SCHOOL AKPEKO2,24mar2026,LGEA PRIMARY SCHOOL AKPEKO2,7.898285,8.1120783,81.8,4.68,67ac1b5c-90c2-4c48-9ed5-34607d3c9ccd,16mar2026,15,1001110,2,BENUE,AGATU,OKOKOLO,AKPEKO2,2022. BENUE,23434. AGATU,1455. OKOKOLO,1001110. AKPEKO2
16mar2026,16mar2026,collect:kePTR3OJnPcO4vr5,1001111,16mar2026,Akwu market square,23mar2026,Akwu market square,7.8694693,8.0611611,99.40000000000001,4.783,92ed628e-f880-4a71-973c-fa826e9d4414,16mar2026,11,1001111,4,BENUE,AGATU,OKOKOLO,AKWU,2022. BENUE,23434. AGATU,1455. OKOKOLO,1001111. AKWU
16mar2026,16mar2026,collect:3S3l8owGDdyC5VVC,1001112,16mar2026,OKOKOLO MARKET SQUARE,23mar2026,OKOKOLO MARKET SQUARE,7.8655483,8.094946699999999,98.2,4.733,d7dda02d-aaf2-4133-b524-f3e80dca9654,16mar2026,12,1001112,5,BENUE,AGATU,OKOKOLO,OKOKOLO,2022. BENUE,23434. AGATU,1455. OKOKOLO,1001112. OKOKOLO
17mar2026,18mar2026,collect:wsHZyz9GRknZbr8h,1001114,17mar2026,METHODIST CHORCH OBANOWA,30mar2026,METHODIST CHURCH,7.922798,7.8478142,80.5,4.5,6283f642-384c-43ff-b138-d58449a03616,18mar2026,75,1001114,6,BENUE,AGATU,USHA,OBANOWA,2022. BENUE,23434. AGATU,1452. USHA,1001114. OBANOWA
17mar2026,18mar2026,collect:wsHZyz9GRknZbr8h,1001114,17mar2026,USHA mARKET SQUARE,01apr2026,USHA METHODIST PRIMARY SCHOOL,7.9346265,7.8274517,92.09999999999999,4.933,690c25f6-b5fe-4f01-a9d9-4e5054caea56,18mar2026,74,1001114,6,BENUE,AGATU,USHA,OBANOWA,2022. BENUE,23434. AGATU,1452. USHA,1001114. OBANOWA
17mar2026,17mar2026,collect:uLk77Bu7C0TqWoyL,1001115,17mar2026,CHIEF PLACES OGAM AGATU,30mar2026,OGAM MARKET SQUARE,7.909605,7.82905,111.3,5,baf1ab76-0e21-4759-89dd-4ee2d19ef733,17mar2026,34,1001115,8,BENUE,AGATU,USHA,OGAM,2022. BENUE,23434. AGATU,1452. USHA,1001115. OGAM
17mar2026,17mar2026,collect:uLk77Bu7C0TqWoyL,1001116,17mar2026,OGWUFA MARKET SQUARE AGATU,03apr2026,OGWUFA MARKET SQUARE AGATU,7.9365127,7.8214954,93.7,4.75,022baf89-c2a3-413e-808f-f4505948aeee,17mar2026,32,1001116,7,BENUE,AGATU,USHA,OGWUFA,2022. BENUE,23434. AGATU,1452. USHA,1001116. OGWUFA
17mar2026,22mar2026,collect:wsHZyz9GRknZbr8h,1001117,17mar2026,OWETO CHEIF PALACE,25mar2026,MARKET SQUARE,7.9656238,7.8245581,65.7,4.966,68a86258-e9e1-4d75-af88-76fa2170b9a2,22mar2026,107,1001117,10,BENUE,AGATU,USHA,OWETO,2022. BENUE,23434. AGATU,1452. USHA,1001117. OWETO
16mar2026,16mar2026,collect:Dkf749QKwCYgVV66,1001119,17mar2026,Village Square ,26mar2026,Village Square ,7.6754267,7.7784517,304.2,4.74,5548952b-ac4f-4c4b-b15f-9d4dbe03208d,17mar2026,42,1001119,20,BENUE,APA,IGORO,EFU-OKPAKACHI,2022. BENUE,23435. APA,1463. IGORO,1001119. EFU-OKPAKACHI
16mar2026,16mar2026,collect:Dkf749QKwCYgVV66,1001120,17mar2026,Market square ,27mar2026,Market square ,7.6760867,7.7768667,281.4,4,a4cf14a2-e725-426a-b5ea-41c015418c05,17mar2026,43,1001120,17,BENUE,APA,IGORO,FIRST-LOKOJA,2022. BENUE,23435. APA,1463. IGORO,1001120. FIRST-LOKOJA
17mar2026,18mar2026,collect:sGwNaW4b9hMfbVfG,1001121,18mar2026,VILLAGE SQUARE,28mar2026,VILLAGE SQUARE,7.6873152,7.7531263,261.2999877929688,4.7,158e6dd0-a3ca-4e99-b47b-16a7e4c3b67a,18mar2026,72,1001121,19,BENUE,APA,IGORO,FIRST-OLOJEPA,2022. BENUE,23435. APA,1463. IGORO,1001121. FIRST-OLOJEPA
16mar2026,16mar2026,collect:Dkf749QKwCYgVV66,1001122,16mar2026,Chief Daniel Compound,24mar2026,Chief Daniel Compound,7.6708454,7.7869327,272.2,4.35,ff7afde8-c8fc-4bbd-8352-e370bd70e1c0,16mar2026,13,1001122,16,BENUE,APA,IGORO,OPE-OKPAKACHI,2022. BENUE,23435. APA,1463. IGORO,1001122. OPE-OKPAKACHI
16mar2026,16mar2026,collect:Dkf749QKwCYgVV66,1001123,16mar2026,Village Square ,25mar2026,Village Square ,7.6720933,7.7851289,275.3,4.95,4b25ab96-6d80-4831-a11a-29e0f985a65e,16mar2026,14,1001123,18,BENUE,APA,IGORO,SECOND-ZARIA,2022. BENUE,23435. APA,1463. IGORO,1001123. SECOND-ZARIA
18mar2026,18mar2026,collect:lNFyTCoC9CLmxSRN,1001124,17mar2026,EKLA  PUBLIC SQUARE,27mar2026,EKLA PUBLIC SQUARE,7.6548122,7.8798762,191,4.8,9655c8e2-55ad-4ec6-ab87-a7998ba80ea3,18mar2026,82,1001124,24,BENUE,APA,OBA,ICHO-EKLA,2022. BENUE,23435. APA,1470. OBA,1001124. ICHO-EKLA
17mar2026,18mar2026,collect:lNFyTCoC9CLmxSRN,1001124,28mar2026,EKLA PUBLIC SQUARE,28mar2026,EKLA PUBLIC SQUARE,7.5287363,7.8182357,301.5,5,2425acc0-21bb-465e-9adf-694c702e80a3,28mar2026,109,1001124,24,BENUE,APA,OBA,ICHO-EKLA,2022. BENUE,23435. APA,1470. OBA,1001124. ICHO-EKLA
16mar2026,16mar2026,collect:sGwNaW4b9hMfbVfG,1001125,16mar2026,ABU ATTAH COMPOUND,25mar2026,ABU ATTAH (ANTHONY ABU),7.5643468,7.8034426,254.5,4.9,41be0071-ca01-4730-9d96-104783bae88c,16mar2026,17,1001125,22,BENUE,APA,OBA,ICHO-JERICO,2022. BENUE,23435. APA,1470. OBA,1001125. ICHO-JERICO
16mar2026,16mar2026,collect:sGwNaW4b9hMfbVfG,1001126,16mar2026,OLAKOJI COMPOUND,24mar2026,AKOJI COMPOUND,7.5818608,7.8154566,225.8000030517578,4.916,9fd1362f-b6a2-4636-b713-22d3115d1bab,16mar2026,16,1001126,23,BENUE,APA,OBA,ITE-OKPODA,2022. BENUE,23435. APA,1470. OBA,1001126. ITE-OKPODA
17mar2026,18mar2026,collect:lNFyTCoC9CLmxSRN,1001127,17mar2026,AJIBE PLAY GROUND,27mar2026,ELDER OCHOLI'S COMPOUND AJIBE,7.5388681,7.8332391,252.1999969482422,5,b3aeda70-4076-4f62-9cde-01515f6a9e2a,28mar2026,108,1001127,21,BENUE,APA,OBA,OJIJI-AJIBE,2022. BENUE,23435. APA,1470. OBA,1001127. OJIJI-AJIBE
18mar2026,18mar2026,collect:lNFyTCoC9CLmxSRN,1001128,18mar2026,MARKET SQUARE A LIFETI,28mar2026,MARKE TSQUARE A LIFETI,7.6546962,7.8798929,180.3000030517578,4.7,02a0f25a-163d-4ac2-9423-a40318a4b719,18mar2026,81,1001128,25,BENUE,APA,OBA,OKWULUKWU-ALIFETI,2022. BENUE,23435. APA,1470. OBA,1001128. OKWULUKWU-ALIFETI
16mar2026,17mar2026,collect:sGwNaW4b9hMfbVfG,1001128,17mar2026,ALIFETI MARKET SQUARE,26mar2026,ALIFETI MARKET SQUARE,7.5450755,7.7483447,308.5,4.9,40b94e26-7c1a-4940-a567-2b8c2ed75358,17mar2026,35,1001128,25,BENUE,APA,OBA,OKWULUKWU-ALIFETI,2022. BENUE,23435. APA,1470. OBA,1001128. OKWULUKWU-ALIFETI
16mar2026,16mar2026,collect:0jullQWK4IuXZbZB,1001129,16mar2026,EMIE OCHOWECHI ELISHA COMPOUND,24mar2026,EFU AHOLUNDO OPEN PLACE,7.7332317,7.88585,206.4,4.7,5f088c33-50ea-46f4-ac53-7e9717a3d60d,16mar2026,6,1001129,29,BENUE,APA,OJANTELLE-AKPETE,EFU-AHOLUNDO,2022. BENUE,23435. APA,1462. AKPETE/OJANTELLE,1001129. EFU-AHOLUNDO
17mar2026,17mar2026,collect:0jullQWK4IuXZbZB,1001130,17mar2026,ADA SUNDAY COMPOUND,26mar2026,EIGECHE ODETO SQUARE,7.7412967,7.8801767,171.7,4.366,86259339-ec3c-456f-89e1-f7d5016a36ce,17mar2026,29,1001130,27,BENUE,APA,OJANTELLE-AKPETE,EIGECHE-ODETO,2022. BENUE,23435. APA,1462. AKPETE/OJANTELLE,1001130. EIGECHE-ODETO
17mar2026,17mar2026,collect:0jullQWK4IuXZbZB,1001131,17mar2026,PAUL OGLI OKO COMPOUND,27mar2026,OCHI OKWULUKWU OPEN PLACE,7.7391183,7.8800983,184.6,4.8,b773da6d-7601-44f2-85f1-e85188353b79,17mar2026,28,1001131,30,BENUE,APA,OJANTELLE-AKPETE,OCHI-OKWULUKWU,2022. BENUE,23435. APA,1462. AKPETE/OJANTELLE,1001131. OCHI-OKWULUKWU
16mar2026,16mar2026,collect:0jullQWK4IuXZbZB,1001132,16mar2026,IBRAHIM ADEJO COMPOUND,25mar2026,OJABU MARKET SQUARE,7.735135,7.884305,182,3.18,39f8f473-7bee-4105-a55c-6a053ff1c8b9,16mar2026,7,1001132,28,BENUE,APA,OJANTELLE-AKPETE,OJABU-OJANTELLE,2022. BENUE,23435. APA,1462. AKPETE/OJANTELLE,1001132. OJABU-OJANTELLE
17mar2026,18mar2026,collect:0jullQWK4IuXZbZB,1001133,17mar2026,AWODI YUSUF compound,28mar2026,OKONOKPA ODETO OPEN PLACE,7.742075,7.8803767,162.8,4.1,b0f7a4c6-e311-44d7-892c-b33c82b41c10,18mar2026,51,1001133,26,BENUE,APA,OJANTELLE-AKPETE,OKONOKPA-ODETO,2022. BENUE,23435. APA,1462. AKPETE/OJANTELLE,1001133. OKONOKPA-ODETO
18mar2026,18mar2026,collect:vkbixTcIVgAXWW24,1001139,18mar2026,Chief Nege's Compound ,23mar2026,Chief Nege's Compound ,7.2047116,8.369581200000001,137.925,1.221,882563bf-b594-4365-8d46-2484b3934225,18mar2026,50,1001139,50,BENUE,GWER-EAST,IKYOGBAJIR,AYABUBA1,2022. BENUE,23439. GWER EAST,1516. IKYOGBAJIR,1001139. AYABUBA1
18mar2026,18mar2026,collect:vkbixTcIVgAXWW24,1001140,18mar2026,Chief Iorakahaga Gbenge's Residence ,18mar2026,Zaki Iorakahaga Gbenge's Compound ,7.2049019,8.369683,152.699,1.341,7ddb4956-e0de-41b6-9c13-eb31b43b809e,18mar2026,52,1001140,47,BENUE,GWER-EAST,IKYOGBAJIR,MBAATSONGU,2022. BENUE,23439. GWER EAST,1516. IKYOGBAJIR,1001140. MBAATSONGU
18mar2026,18mar2026,collect:vkbixTcIVgAXWW24,1001141,17mar2026,Ayershima's Residence ,26mar2026,Ayershima's Residence ,7.2319496,8.334336199999999,135.461,0.849,3ad23a36-5eac-4ccb-896f-0eb90985caee,18mar2026,49,1001141,46,BENUE,GWER-EAST,IKYOGBAJIR,MBADYUM,2022. BENUE,23439. GWER EAST,1516. IKYOGBAJIR,1001141. MBADYUM
18mar2026,18mar2026,collect:vkbixTcIVgAXWW24,1001142,17mar2026,Tom-atar ,24mar2026,Tom-atar ,7.2315679,8.333819,177.935,2.804,05567fe9-f3bd-4d0a-b6cc-d430a16ba0f9,18mar2026,47,1001142,48,BENUE,GWER-EAST,IKYOGBAJIR,UGEDE1,2022. BENUE,23439. GWER EAST,1516. IKYOGBAJIR,1001142. UGEDE1
18mar2026,18mar2026,collect:vkbixTcIVgAXWW24,1001143,17mar2026,TILA Zugu's Compound ,25mar2026,Zaki Tila's Compound ,7.2310015,8.3339962,126.785,1.156,2e14ec80-f1a6-40ea-9ecb-0856efbfaff9,18mar2026,48,1001143,49,BENUE,GWER-EAST,IKYOGBAJIR,UGEDE2,2022. BENUE,23439. GWER EAST,1516. IKYOGBAJIR,1001143. UGEDE2
19mar2026,20mar2026,collect:vIF40K1bnKQOHNco,1001144,19mar2026,ATONDE JOHN'S RESIDENCE,30mar2026,AJIR VIHA RESIDENCE,7.2389183,8.3827567,126.6,3,30556dda-1d98-49cb-a9d3-70d2c28a2c22,20mar2026,93,1001144,41,BENUE,GWER-EAST,MBAYOM,NYAM-IGBA,2022. BENUE,23439. GWER EAST,1517. MBAYOM,1001144. NYAM-IGBA
18mar2026,18mar2026,collect:vkbixTcIVgAXWW24,1001147,18mar2026,Chief Ashezua Emmanuel's Residence ,30mar2026,Chief Zaki Ashezua's Compound ,7.2315458,8.383501499999999,147.448,3.317,602e9145-0f95-4b97-9831-84f01f9d8600,18mar2026,54,1001147,44,BENUE,GWER-EAST,MBAYOM,TSE-JUAMA,2022. BENUE,23439. GWER EAST,1517. MBAYOM,1001147. TSE-JUAMA
19mar2026,20mar2026,collect:vIF40K1bnKQOHNco,1001148,19mar2026,TYUNGU VINCENT'S RESIDENCE,24mar2026,VINCENT TYUNGU'S RESIDENCE,7.2417846,8.389852400000001,131.2,3.2,7f60d264-44ec-4158-94bf-aa3a77d1eb3c,20mar2026,94,1001148,42,BENUE,GWER-EAST,MBAYOM,TSE-NATU-TSE-VANGER,2022. BENUE,23439. GWER EAST,1517. MBAYOM,1001148. TSE-NATU-TSE-VANGER
17mar2026,17mar2026,collect:WHBkwQMJxvDl3bhE,1001149,17mar2026,Che ABUR COMPOUND,25mar2026,Che Abur compound ,7.51577,8.620637200000001,213.174,1.41,829312c3-14b2-44ca-a47b-938cf845b5c5,17mar2026,45,1001149,36,BENUE,GWER-EAST,SHOUGH,CHE-ABUR-ONMBAAGUNE1,2022. BENUE,23439. GWER EAST,1525. SHOUGH,1001149. CHE-ABUR-ONMBAAGUNE1
17mar2026,17mar2026,collect:WHBkwQMJxvDl3bhE,1001150,17mar2026,Chichichan market square,24mar2026,CHIHICHAN MARKET SQUARE,7.5256444,8.6401059,192.8,1.106,6b03681a-e0b4-4d91-aae2-ae79b27dd26b,17mar2026,46,1001150,37,BENUE,GWER-EAST,SHOUGH,CHIHICHAN-MBAAGUNE,2022. BENUE,23439. GWER EAST,1525. SHOUGH,1001150. CHIHICHAN-MBAAGUNE
17mar2026,17mar2026,collect:WHBkwQMJxvDl3bhE,1001151,17mar2026,Kwaghbee Tyohuna compound ,26mar2026,Kwaghbee Tyohuna compound,7.5197064,8.607075,212.482,2.22,ddeb341b-def4-4385-922a-37acff852632,17mar2026,44,1001151,38,BENUE,GWER-EAST,SHOUGH,MBAAVANDE1-NOR-IYANGE,2022. BENUE,23439. GWER EAST,1525. SHOUGH,1001151. MBAAVANDE1-NOR-IYANGE
17mar2026,18mar2026,collect:vIF40K1bnKQOHNco,1001152,18mar2026,KACHA JIMESHIOR RESIDENT,27mar2026,KACHA JIMESHIOR'S RESIDENT,7.518545,8.6599483,160.6,2.8,945956a7-26dc-49d3-95ff-95136f20d641,18mar2026,79,1001152,39,BENUE,GWER-EAST,SHOUGH,MBAAVANDE2-JORDOON,2022. BENUE,23439. GWER EAST,1525. SHOUGH,1001152. MBAAVANDE2-JORDOON
18mar2026,18mar2026,collect:vIF40K1bnKQOHNco,1001153,18mar2026,TSEBO MARKET SQUARE,28mar2026,TSEBO MARKET SQUARE,7.5571167,8.6784567,153.9,4.64,3d643324-15cc-448f-844a-23850de24456,18mar2026,80,1001153,40,BENUE,GWER-EAST,SHOUGH,TSEBO,2022. BENUE,23439. GWER EAST,1525. SHOUGH,1001153. TSEBO
19mar2026,20mar2026,collect:nAJaxEbL0pxKJJt3,1001154,19mar2026,Zaki Mgba Ajayi compound,28mar2026,Zaki Mgba Ajayi compound,7.4832309,9.402856699999999,295.164,0.959,4b73cfc0-97bb-411e-a2d7-65542a598748,20mar2026,98,1001154,53,BENUE,LOGO,MBADYUL,MBAABAJI,2022. BENUE,23444. LOGO,1572. MBADYUL,1001154. MBAABAJI
16mar2026,16mar2026,collect:nAJaxEbL0pxKJJt3,1001155,24mar2026,Zaki Tyomee Orwon residence,24mar2026,Zaki Tyomee Orwon residence,7.4918845,9.419763100000001,208.307,0.93,b19bad1a-9554-4309-8859-b236c43408ea,16mar2026,2,1001155,55,BENUE,LOGO,MBADYUL,MBAADAGI,2022. BENUE,23444. LOGO,1572. MBADYUL,1001155. MBAADAGI
17mar2026,17mar2026,collect:nAJaxEbL0pxKJJt3,1001156,17mar2026,Zaki Mlanga Iortee  residence,27mar2026,Zaki Mlanga Iortee residence,7.4985066,9.3973771,215.102,1.039,6821f764-1650-492e-9d00-c7760dd84527,17mar2026,25,1001156,54,BENUE,LOGO,MBADYUL,MBAAKAHA,2022. BENUE,23444. LOGO,1572. MBADYUL,1001156. MBAAKAHA
17mar2026,17mar2026,collect:nAJaxEbL0pxKJJt3,1001156,17mar2026,Tse Adejir,26mar2026,Zaki Abo Adejir residence,7.4990483,9.4066171,217.666,1.395,66003f2f-f2e5-4984-837b-98bda7ce09f2,17mar2026,24,1001156,54,BENUE,LOGO,MBADYUL,MBAAKAHA,2022. BENUE,23444. LOGO,1572. MBADYUL,1001156. MBAAKAHA
18mar2026,18mar2026,collect:ejXaesPctSN2Dwoo,1001156,18mar2026,Tse Ngutswen,18mar2026,Tse Ngutswen,7.7672268,9.3335604,222.658,2.191,01aaa0a0-869b-4e1a-8ea4-e7a9bff180af,18mar2026,64,1001156,54,BENUE,LOGO,MBADYUL,MBAAKAHA,2022. BENUE,23444. LOGO,1572. MBADYUL,1001156. MBAAKAHA
16mar2026,16mar2026,collect:nAJaxEbL0pxKJJt3,1001158,23mar2026,Zaki  Mbatamenhee Nenger residence,23mar2026,Zaki Mbatamenhee Nenger residence,7.4865378,9.4070798,208.307,2.726,8b4b6b0f-37e8-4694-bae9-fb7f916ad3cd,16mar2026,1,1001158,51,BENUE,LOGO,MBADYUL,UDAM-MBANYIAN,2022. BENUE,23444. LOGO,1572. MBADYUL,1001158. UDAM-MBANYIAN
19mar2026,19mar2026,collect:ejXaesPctSN2Dwoo,1001160,19mar2026,Tse Adikpo,27mar2026,"NKST church, Kwe",7.7972377,9.328355,248.639,3.445,d2db61a7-b51e-4153-be3f-0f2e15a20ab6,19mar2026,85,1001160,56,BENUE,LOGO,TSWAREV-UKEMBERAGYA,MBAAJI,2022. BENUE,23444. LOGO,1567. UKEMBERGYA/ISWAREV,1001160. MBAAJI
17mar2026,17mar2026,collect:ejXaesPctSN2Dwoo,1001162,17mar2026,Tse Adam Alijam ,17mar2026,Tse Adaa Alijam,7.8372938,9.3285108,221.089,1.715,567f50ce-8cba-4b25-81c1-83a23791e376,17mar2026,22,1001162,58,BENUE,LOGO,TSWAREV-UKEMBERAGYA,MBASHOR,2022. BENUE,23444. LOGO,1567. UKEMBERGYA/ISWAREV,1001162. MBASHOR
17mar2026,17mar2026,collect:ejXaesPctSN2Dwoo,1001163,17mar2026,Tse Tsengu,24mar2026,Imaton,7.8362044,9.2993019,198.257,2.291,a7d5a605-5d27-4b28-87e2-2d6d86f7fd89,17mar2026,23,1001163,57,BENUE,LOGO,TSWAREV-UKEMBERAGYA,MBAYAR,2022. BENUE,23444. LOGO,1567. UKEMBERGYA/ISWAREV,1001163. MBAYAR
20mar2026,20mar2026,collect:FOzm3ZA9mMc7asmX,1001164,20mar2026,Zaki Terhemba igoh,27mar2026,N.K.S.T Church Mbabaji - Mbamar,7.6294497,9.416400100000001,144.589,1.62,a6d94082-a470-4f57-8a79-0ac9bb6235b8,20mar2026,100,1001164,64,BENUE,LOGO,YONOV,MBAABAJI,2022. BENUE,23444. LOGO,1574. YONOV,1001164. MBAABAJI
14mar2026,17mar2026,collect:FOzm3ZA9mMc7asmX,1001165,17mar2026,Zaki Aondokaa Compound,23mar2026,Zaki Aondokaa Compound ,7.6431402,9.312920800000001,77.742,4.939,f589c69f-f3a9-4b76-9742-02588518c782,17mar2026,18,1001165,62,BENUE,LOGO,YONOV,MBAADE,2022. BENUE,23444. LOGO,1574. YONOV,1001165. MBAADE
20mar2026,20mar2026,collect:FOzm3ZA9mMc7asmX,1001166,20mar2026,Moses kumaga kange,28mar2026,Zaki Kumaga kange Compound,7.6517571,9.365487099999999,179.008,4.981,03596e25-48d3-421d-9e23-091d7658fb15,20mar2026,101,1001166,63,BENUE,LOGO,YONOV,MBADISHA,2022. BENUE,23444. LOGO,1574. YONOV,1001166. MBADISHA
18mar2026,20mar2026,collect:FOzm3ZA9mMc7asmX,1001167,20mar2026,Zaki Kpile Tyongi Compound,26mar2026,Zaki Kpile Tyongi Compound,7.6097248,9.372466599999999,142.649,0.986,e44b9e4a-2170-42ab-8130-4e90dbe4a821,20mar2026,99,1001167,65,BENUE,LOGO,YONOV,MBATSUM,2022. BENUE,23444. LOGO,1574. YONOV,1001167. MBATSUM
17mar2026,17mar2026,collect:FOzm3ZA9mMc7asmX,1001168,17mar2026,"Baba Usue Compound, Tse Ikyegh.",24mar2026,Baba Usue Compound,7.6424723,9.302012899999999,184.562,1.538,f06f5346-5a9d-4bf1-94d4-9450d871fc26,17mar2026,19,1001168,61,BENUE,LOGO,YONOV,NENZEV,2022. BENUE,23444. LOGO,1574. YONOV,1001168. NENZEV
18mar2026,19mar2026,collect:WcUyOH717xnnOSVu,1001169,19mar2026,PLAY GROUND,26mar2026,PLAY GROUND,7.0440244,8.2648232,199.096,3.695,cbe96554-c001-44e0-8387-bd0fdbd2fb0c,19mar2026,89,1001169,66,BENUE,OBI,IRABI,ADEGA-CENTRAL,2022. BENUE,23446. OBI,1592. IRABI,1001169. ADEGA-CENTRAL
18mar2026,18mar2026,collect:p0ORoiPIXqdA75rb,1001170,18mar2026,CHEIF PALACE,23mar2026,CHEIF PALACE,7.0495937,8.2762888,106.708,4.921,dd3127b4-d76a-446b-ad85-eb6228547228,18mar2026,67,1001170,67,BENUE,OBI,IRABI,ANYATUMA-IPINU,2022. BENUE,23446. OBI,1592. IRABI,1001170. ANYATUMA-IPINU
18mar2026,18mar2026,collect:p0ORoiPIXqdA75rb,1001171,18mar2026,PLAYGROUND,24mar2026,PLAYGROUND,7.0503811,8.2802414,112.822,4.841,1475a7c6-8094-4e3c-bbf6-d546369b83ed,18mar2026,68,1001171,68,BENUE,OBI,IRABI,ANYATUMA-UHIE-ONYAGEDE,2022. BENUE,23446. OBI,1592. IRABI,1001171. ANYATUMA-UHIE-ONYAGEDE
18mar2026,18mar2026,collect:p0ORoiPIXqdA75rb,1001173,18mar2026,PLAYGROUND,25mar2026,PLAYGROUND,7.0517566,8.281028299999999,120.942,4.976,befd0113-2e28-411a-b427-dc209977ed4b,18mar2026,66,1001173,70,BENUE,OBI,IRABI,ANYOKO-OBIJAGO,2022. BENUE,23446. OBI,1592. IRABI,1001173. ANYOKO-OBIJAGO
18mar2026,18mar2026,collect:qJZCHCm21aXZSb9J,1001174,18mar2026,EVELIN NURSERY AND PRIMARY SCHOOL ABODE EJII,26mar2026,EVELYN NURSERY AND PRIMARY SCHOOL ABODE EJII OBEKO,6.9633502,8.3681438,165.077,1.811,cd956292-9a4c-4f13-9f56-dbcff5a4628e,18mar2026,63,1001174,71,BENUE,OBI,OBEKO,ABODE-EJI,2022. BENUE,23446. OBI,1587. OBEKO,1001174. ABODE-EJI
16mar2026,16mar2026,collect:qJZCHCm21aXZSb9J,1001175,16mar2026,ABODE TOWN HALL OBEKO,25mar2026,ABODE IHIO TOWN HALL,6.9640261,8.3665653,201.515,1.357,ba430560-641b-4f9c-a3db-98c6158e9495,16mar2026,3,1001175,72,BENUE,OBI,OBEKO,ABODE-IHIO,2022. BENUE,23446. OBI,1587. OBEKO,1001175. ABODE-IHIO
16mar2026,16mar2026,collect:qJZCHCm21aXZSb9J,1001176,16mar2026,ASSEMBLY'S OF GOD CHURCH ABODE OBEKO,24mar2026,ASSEMBLY OF GOD CHURCH ABODE LAYOUT OBEKE,6.9648722,8.367564399999999,545.572,1.743,548c8e94-4b0a-4ad4-b07f-42c542dbb8f1,16mar2026,4,1001176,73,BENUE,OBI,OBEKO,ABODE-LAYOUT,2022. BENUE,23446. OBI,1587. OBEKO,1001176. ABODE-LAYOUT
16mar2026,16mar2026,collect:qJZCHCm21aXZSb9J,1001177,16mar2026,C H C ADUM EAST OBEKO,23mar2026,C. H C ABODE UHIE OBEKO,6.968159,8.3697517,171.911,1.584,ae06f7f8-7f99-4225-8a09-e842a59b6014,16mar2026,5,1001177,74,BENUE,OBI,OBEKO,ABODE-OUHIE,2022. BENUE,23446. OBI,1587. OBEKO,1001177. ABODE-OUHIE
18mar2026,18mar2026,collect:qJZCHCm21aXZSb9J,1001178,18mar2026,CHIEF ISAAC IKPA OMINYI PLACE ADONA EJI OBEKO,28mar2026,CHIEF ISAAC OMINYI PALCE ADONA EJI OBEKO,6.9546966,8.37452,157.294,2.249,c872ab7e-1095-473a-a5ac-b2ab2d65816a,18mar2026,62,1001178,75,BENUE,OBI,OBEKO,ADONA-EJI,2022. BENUE,23446. OBI,1587. OBEKO,1001178. ADONA-EJI
18mar2026,18mar2026,collect:STd4OaeYb4mBKj91,1001179,18mar2026,Abilega playground,26mar2026,Abilega playground,6.9769855,8.203930700000001,208.102,1.305,8865dcfd-b365-4590-8bf3-0bf1e00602fa,18mar2026,77,1001179,81,BENUE,OBI,OKPOKWU,ABILEGA,2022. BENUE,23446. OBI,1595. OKPOKWU,1001179. ABILEGA
16mar2026,16mar2026,collect:STd4OaeYb4mBKj91,1001180,16mar2026,Chief palace,25mar2026,Chief palace,6.9770518,8.202389,132.198,2.498,e7a4d712-91e4-4657-8a46-d758cf39adb4,16mar2026,9,1001180,82,BENUE,OBI,OKPOKWU,ABONU,2022. BENUE,23446. OBI,1595. OKPOKWU,1001180. ABONU
18mar2026,18mar2026,collect:STd4OaeYb4mBKj91,1001181,18mar2026,Oluwa compound,27mar2026,Oluwa compound,7.0528674,8.206363400000001,118.934,1.661,31220d8e-fba1-468c-a873-4ce4c70fcbc3,18mar2026,78,1001181,83,BENUE,OBI,OKPOKWU,ADAGWU2-OLUWA,2022. BENUE,23446. OBI,1595. OKPOKWU,1001181. ADAGWU2-OLUWA
16mar2026,16mar2026,collect:STd4OaeYb4mBKj91,1001182,16mar2026,Ihigile market square,23mar2026,Ihigile market square,6.9694994,8.2028172,118.742,6.571,b5d96d24-57de-462d-910a-628069877559,16mar2026,8,1001182,84,BENUE,OBI,OKPOKWU,ADIGABU-ECHORI1,2022. BENUE,23446. OBI,1595. OKPOKWU,1001182. ADIGABU-ECHORI1
16mar2026,16mar2026,collect:STd4OaeYb4mBKj91,1001183,16mar2026,Chiefs palace,16mar2026,Adigabu Echori II,6.9742974,8.203332700000001,141.229,2.612,7ee30cc0-3607-4b46-87cc-5ea821eb8ca8,16mar2026,10,1001183,85,BENUE,OBI,OKPOKWU,ADIGABU-ECHORI2,2022. BENUE,23446. OBI,1595. OKPOKWU,1001183. ADIGABU-ECHORI2
18mar2026,18mar2026,collect:qJZCHCm21aXZSb9J,1001184,18mar2026,ADOGODU OHUMA ORIHI HEALTH CLINIC,30mar2026,ADUGODU OHUMA ORIHI HEALTH CARE CLINICS,6.9272623,8.327002800000001,146.05,1.728,254116cc-1494-44dd-ada3-db2664ff62d8,18mar2026,61,1001184,76,BENUE,OBI,ORIHI,ADIDOGWU,2022. BENUE,23446. OBI,1597. ORIHI,1001184. ADIDOGWU
19mar2026,19mar2026,collect:WcUyOH717xnnOSVu,1001185,19mar2026,PLAY GROUND,27mar2026,PLAY GROUND,6.9266361,8.3314264,65.69799999999999,2.368,bfc9f997-a8ba-4e02-92e3-9a72aa380ba7,19mar2026,90,1001185,77,BENUE,OBI,ORIHI,ADOGA,2022. BENUE,23446. OBI,1597. ORIHI,1001185. ADOGA
19mar2026,20mar2026,collect:STd4OaeYb4mBKj91,1001187,19mar2026,Chief Palace,31mar2026,Chief palace,6.8681196,8.2376559,93.498,3.325,a4b62779-0f1e-47d5-9768-7ebe340a0f72,20mar2026,97,1001187,79,BENUE,OBI,ORIHI,ANYODO-AKPEGEDE,2022. BENUE,23446. OBI,1597. ORIHI,1001187. ANYODO-AKPEGEDE
19mar2026,19mar2026,collect:WcUyOH717xnnOSVu,1001187,19mar2026,PALACE,28mar2026,PALACE,6.9203989,8.319542200000001,46.238,2.616,14ab47ed-2161-47f5-87ed-bbce5cbae22e,19mar2026,88,1001187,79,BENUE,OBI,ORIHI,ANYODO-AKPEGEDE,2022. BENUE,23446. OBI,1597. ORIHI,1001187. ANYODO-AKPEGEDE
19mar2026,20mar2026,collect:STd4OaeYb4mBKj91,1001188,19mar2026,Chief palace,30mar2026,Chief palace,6.868759,8.236503300000001,101.411,4.782,69d1f65b-5430-4fcb-9767-ab3ad257f1aa,20mar2026,96,1001188,80,BENUE,OBI,ORIHI,ANYODU-IKOM,2022. BENUE,23446. OBI,1597. ORIHI,1001188. ANYODU-IKOM
19mar2026,19mar2026,collect:eoms5vqkhWzpFAIX,1001189,19mar2026,MICHAEL IDUMA COMPOUND,19mar2026,MICHAEL IDUMA COMPOUND,7.232719,8.0233171,143.5,4.975,8dd0f41a-28de-4ecc-8843-001ed6dccd58,20mar2026,103,1001189,86,BENUE,OHIMINI,OGLEWU-ICHO,ALAGLANU-IPOLE,2022. BENUE,23448. OHIMINI,1624. OGLEWU ICHO,1001189. ALAGLANU-IPOLE
20mar2026,20mar2026,collect:eoms5vqkhWzpFAIX,1001190,18mar2026,CHIEFS COMPOUND,18mar2026,CHIEF'S COMPOUND,7.2900333,8.0561033,202,4.666,0cc8c0f4-91ea-4536-a8be-447f15fa4b28,20mar2026,106,1001190,90,BENUE,OHIMINI,OGLEWU-ICHO,ANKPECHI,2022. BENUE,23448. OHIMINI,1624. OGLEWU ICHO,1001190. ANKPECHI
19mar2026,20mar2026,collect:eoms5vqkhWzpFAIX,1001191,17mar2026,COMMUNITY SQUARE ,17mar2026,CHIEF'S COMPOUND ,7.2668817,8.058954999999999,257.7,4.933,75ea78d0-b383-401f-a105-7a12fb13b2c8,20mar2026,105,1001191,88,BENUE,OHIMINI,OGLEWU-ICHO,EGWANOKWU,2022. BENUE,23448. OHIMINI,1624. OGLEWU ICHO,1001191. EGWANOKWU
19mar2026,19mar2026,collect:eoms5vqkhWzpFAIX,1001192,19mar2026,CHIEFS COMPOUND,24mar2026,CHIEFS COMPOUND,7.3043073,8.039552799999999,218.9,3.506,6f07ed8c-a32b-4b45-8f7c-0614afd799da,20mar2026,102,1001192,89,BENUE,OHIMINI,OGLEWU-ICHO,OMUTELE,2022. BENUE,23448. OHIMINI,1624. OGLEWU ICHO,1001192. OMUTELE
11mar2026,20mar2026,collect:eoms5vqkhWzpFAIX,1001193,17mar2026,THE COMMUNITY SQUARE ,17mar2026,COMMUNITY SQUARE ,7.2235783,8.1025083,117.5,4.35,1f7fd0eb-154c-4d90-8510-8c3fbc39f9f1,20mar2026,104,1001193,87,BENUE,OHIMINI,OGLEWU-ICHO,ONYEPA,2022. BENUE,23448. OHIMINI,1624. OGLEWU ICHO,1001193. ONYEPA
19mar2026,19mar2026,collect:AGmWfxdEHnFKJtpp,1001194,19mar2026,OPEN PLACE ,20mar2026,AKATEJENYI OPEN PLACE ,7.3435273,7.8137581,236.389,1.397,d0405988-29ef-4b2a-a5a0-2120b28dbc51,19mar2026,91,1001194,92,BENUE,OHIMINI,ONYAGEDE-EHAJE,AKATAJENYI,2022. BENUE,23448. OHIMINI,1630. ONYAGEDE-EHAJE  (ALLE,1001194. AKATAJENYI
19mar2026,20mar2026,collect:AGmWfxdEHnFKJtpp,1001195,19mar2026,OPEN PLACE,19mar2026,IKPOE,7.346797,7.8105781,258.633,1.431,d078e58f-39f3-4c68-b12b-a07775e5b232,20mar2026,95,1001195,94,BENUE,OHIMINI,ONYAGEDE-EHAJE,IKPOKE,2022. BENUE,23448. OHIMINI,1630. ONYAGEDE-EHAJE  (ALLE,1001195. IKPOKE
18mar2026,18mar2026,collect:rbVF9Wit7jtagWo2,1001196,18mar2026,Open place,17mar2026,OPEN PLACE,7.338956,7.8080744,0,2900,97973bdd-309d-42b3-8a86-cab8e5d7b47d,18mar2026,58,1001196,91,BENUE,OHIMINI,ONYAGEDE-EHAJE,OGANDE,2022. BENUE,23448. OHIMINI,1630. ONYAGEDE-EHAJE  (ALLE,1001196. OGANDE
19mar2026,19mar2026,collect:AGmWfxdEHnFKJtpp,1001197,19mar2026,OGODU OPEN PLACE ,23mar2026,OGODU OPEN PLACE ,7.3128418,7.8038262,254.519,2.708,a894cf43-9d9a-4853-8192-dd5cba4de85b,19mar2026,92,1001197,93,BENUE,OHIMINI,ONYAGEDE-EHAJE,OGUDU,2022. BENUE,23448. OHIMINI,1630. ONYAGEDE-EHAJE  (ALLE,1001197. OGUDU
18mar2026,18mar2026,collect:rbVF9Wit7jtagWo2,1001198,18mar2026,Open place,,,,,,,,,,,,,,,,,,,
,25mar2026,OPEN SPACE,7.3503179,7.8094337,0,400,76ad5f85-c6fc-4a5d-b911-8826d59f0212,18mar2026,57,1001198,95,BENUE,OHIMINI,ONYAGEDE-EHAJE,OLAHAMA,2022. BENUE,23448. OHIMINI,1630. ONYAGEDE-EHAJE  (ALLE,1001198. OLAHAMA,,,,,
16mar2026,17mar2026,collect:9oizFPlmVnhe9Axz,1001199,01apr2026,YOUTH-GROUND ABAKPA,01apr2026,YOUTH-GROUND ABAKPA MOSQUE PREMISES,7.3499766,7.8069436,269.5,4.76,e72922b5-3b97-406d-840d-38417afdd188,17mar2026,36,1001199,97,BENUE,OHIMINI,ONYAGEDE-ICHO,ABAKPA,2022. BENUE,23448. OHIMINI,1631. ONYAGEDE ICHO (OGOLI),1001199. ABAKPA
16mar2026,16mar2026,collect:9oizFPlmVnhe9Axz,1001199,16mar2026,YOUTH GROUND ABAKPA,01apr2026,YOUTH-GROUND ABAKPA,7.3499657,7.8070169,252.6,4.72,940dac38-ad72-45d6-b91d-6b545491625a,17mar2026,37,1001199,97,BENUE,OHIMINI,ONYAGEDE-ICHO,ABAKPA,2022. BENUE,23448. OHIMINI,1631. ONYAGEDE ICHO (OGOLI),1001199. ABAKPA
17mar2026,17mar2026,collect:9oizFPlmVnhe9Axz,1001200,17mar2026,OPEN SPACE ADANKALI ONYAGEDE-ICHO,08apr2026,OPEN SPACE ADANKALI ONYAGEDE-ICHO WARD,7.3171333,7.8483317,185.7,4.9,326ad48a-e6ce-4765-a5c8-518c05e90452,17mar2026,39,1001200,98,BENUE,OHIMINI,ONYAGEDE-ICHO,ADANKALI,2022. BENUE,23448. OHIMINI,1631. ONYAGEDE ICHO (OGOLI),1001200. ADANKALI
17mar2026,17mar2026,collect:9oizFPlmVnhe9Axz,1001201,17mar2026,ELDER AGWO OPEN SPACE ICHOLELA,30mar2026,ELDER AGWO OPEN SPACE ICHOLELA,7.3517269,7.8212175,283.7,4.4,94631a17-3990-4a16-adb3-6e79a8e04c38,17mar2026,41,1001201,96,BENUE,OHIMINI,ONYAGEDE-ICHO,ICHOLELA,2022. BENUE,23448. OHIMINI,1631. ONYAGEDE ICHO (OGOLI),1001201. ICHOLELA
17mar2026,17mar2026,collect:9oizFPlmVnhe9Axz,1001202,17mar2026,CHIEF MOSES ADONDUWA HALL,31mar2026,ADONDUWA COMPOUND OPEN SPACE OGOLI,7.3559478,7.8051346,246.9,4.86,4dcee00b-d2b0-4baa-a1d4-e2d1972c15b9,17mar2026,40,1001202,99,BENUE,OHIMINI,ONYAGEDE-ICHO,OGOLI,2022. BENUE,23448. OHIMINI,1631. ONYAGEDE ICHO (OGOLI),1001202. OGOLI
16mar2026,17mar2026,collect:9oizFPlmVnhe9Axz,1001203,16mar2026,ELDER OGBE MEETING HALL UGOFU,02apr2026,OPEN SPACE WITHIN ELDER OGBE PREMISES,7.345772,7.8062692,254.4,4.98,6eca99be-a627-431c-ac21-908038b9655c,17mar2026,38,1001203,100,BENUE,OHIMINI,ONYAGEDE-ICHO,OGUFU,2022. BENUE,23448. OHIMINI,1631. ONYAGEDE ICHO (OGOLI),1001203. OGUFU
17mar2026,17mar2026,collect:RByfnnn81KNXXXI8,1001204,17mar2026,TSE AZAAWE NEAR TSE TIAH,24mar2026,TSE AZAAWE NEAR TSE TIAH,7.63937,8.9497117,143.9,3.76,7bfeaa3c-fac1-4cf0-8c3a-7a7683a5a612,17mar2026,26,1001204,101,BENUE,TARKA,MBAANYANGBER,ADZUA,2022. BENUE,23452. TARKA,1666. MBANYAGBER,1001204. ADZUA
18mar2026,18mar2026,collect:WZ4kjj1xcg8wP1sI,1001205,18mar2026,Tsua Nor Compound,27mar2026,Tsua Nor Compound,7.6559283,8.9533033,126.4,4.25,2e55ede3-34cd-40b1-8ba9-5c99c32f50b2,18mar2026,56,1001205,102,BENUE,TARKA,MBAANYANGBER,AGBATAR,2022. BENUE,23452. TARKA,1666. MBANYAGBER,1001205. AGBATAR
17mar2026,17mar2026,collect:RByfnnn81KNXXXI8,1001206,17mar2026,LIVING FAITH CHURCH DZOR,25mar2026,LIVING FAITH CHURCH DZOR,7.5863208,8.9510668,143.8,3.433,fe7d2897-a4f3-4dfd-bf32-110911921bd2,17mar2026,27,1001206,103,BENUE,TARKA,MBAANYANGBER,AGUR,2022. BENUE,23452. TARKA,1666. MBANYAGBER,1001206. AGUR
18mar2026,18mar2026,collect:WZ4kjj1xcg8wP1sI,1001207,18mar2026,Tse Ahomgba,28mar2026,Tse Ahomgba,7.6759133,8.9571367,131.5,4.5,29bdb740-2a1a-4a97-9744-5f393a2bf39e,18mar2026,55,1001207,104,BENUE,TARKA,MBAANYANGBER,AKESA,2022. BENUE,23452. TARKA,1666. MBANYAGBER,1001207. AKESA
19mar2026,19mar2026,collect:WZ4kjj1xcg8wP1sI,1001208,19mar2026,RCM Zor,01apr2026,RCM Church Zor,7.5853458,8.945740900000001,147.9,4.58,0b676665-b635-4d86-bd5b-631e5307e49b,19mar2026,86,1001208,105,BENUE,TARKA,MBAANYANGBER,AKIIKA,2022. BENUE,23452. TARKA,1666. MBANYAGBER,1001208. AKIIKA
19mar2026,19mar2026,collect:jSwBVDxyi4v81BCs,1001209,19mar2026,LGEA PRIMARY SCHOOL TINEKYURA,26mar2026,LGEA PRIMARY SCHOOL TINEKYURA ,7.6207781,8.93229,152.069,4.667,5e984e93-5e15-4e56-93c5-8cbf636e0604,19mar2026,83,1001209,106,BENUE,TARKA,MBAAYO,ADANYI,2022. BENUE,23452. TARKA,1665. MBAAYO,1001209. ADANYI
18mar2026,18mar2026,collect:jSwBVDxyi4v81BCs,1001210,18mar2026,"Tse -Tijime ,Tumbu kugba Compound",27mar2026,Tse -Tijime Tumbu kugba Compound ,7.6647434,8.946827799999999,208.3000030517578,1.452,16057aa5-121a-4590-8c95-e83682418851,18mar2026,53,1001210,107,BENUE,TARKA,MBAAYO,ANKWASE,2022. BENUE,23452. TARKA,1665. MBAAYO,1001210. ANKWASE
17mar2026,17mar2026,collect:jSwBVDxyi4v81BCs,1001211,17mar2026,"Y JUNCTION SETTLEMENT,MBAAYO COUNCIL WARD TARKA LOCAL GOVERNMENT",24mar2026,"Y JUNCTION MBAGBATYO COMMUNITY,MBAAYO COUNCIL WARD",7.5431585,8.9211513,216.233,0.53,813f6676-0af5-4ae9-aaa7-169138b8a36b,17mar2026,21,1001211,108,BENUE,TARKA,MBAAYO,GBATYO,2022. BENUE,23452. TARKA,1665. MBAAYO,1001211. GBATYO
17mar2026,17mar2026,collect:jSwBVDxyi4v81BCs,1001212,17mar2026,"Tse-Kpev Afer, MBAAYO Council Ward Tarka Local Government",23mar2026,Tse-Kpev Afer MBAAYO Council Ward Tarka Local Government ,7.5500195,8.9292997,185.237,2.411,475d342e-9283-47de-b4c5-5b25cdafba89,17mar2026,20,1001212,109,BENUE,TARKA,MBAAYO,MBAAFER,2022. BENUE,23452. TARKA,1665. MBAAYO,1001212. MBAAFER
19mar2026,19mar2026,collect:jSwBVDxyi4v81BCs,1001213,19mar2026,"Tse -Akende Mbaakuta, Mbaayo Council Ward",25mar2026,"TSE -AKENDE, MBAAKUTA, MBAAYO COUNCIL WARD ",7.6722566,8.9405112,122.092,1.759,519b2385-2e5a-476c-b14e-f6077615a4af,19mar2026,84,1001213,110,BENUE,TARKA,MBAAYO,MBAAKUTA,2022. BENUE,23452. TARKA,1665. MBAAYO,1001213. MBAAKUTA
17mar2026,17mar2026,collect:KoWvic4q3vCmmHnG,1001214,17mar2026,DEKAAN NENGER COMPOUND,24mar2026,DEKAAN NENGER COMPOUND,7.65223,8.923556700000001,128.5,4.966,d336d7d2-2b80-4a16-a10f-ec8e95c11dac,17mar2026,30,1001214,111,BENUE,TARKA,MBAKWAKEM,JIMEGBUR,2022. BENUE,23452. TARKA,1664. MBAKWAKEM,1001214. JIMEGBUR
17mar2026,19mar2026,collect:KoWvic4q3vCmmHnG,1001215,19mar2026,KWAGHHANGE KIGHIR COMPOUND,27mar2026,"ZAKI, KWAGHHANGE KIGHIR COMPOUND",7.5789933,8.9224633,149.8,4.42,23e88352-4c37-49f5-8d86-2af821bf207e,19mar2026,87,1001215,112,BENUE,TARKA,MBAKWAKEM,MBAABATA,2022. BENUE,23452. TARKA,1664. MBAKWAKEM,1001215. MBAABATA
18mar2026,18mar2026,collect:KoWvic4q3vCmmHnG,1001216,18mar2026,AWENEBO MARKET SQUARE,25mar2026,AWENABO,7.6792683,8.9336217,142.8,4.72,89f8b195-b876-4afc-b4fb-f6538e8e915d,18mar2026,59,1001216,113,BENUE,TARKA,MBAKWAKEM,MBAADI,2022. BENUE,23452. TARKA,1664. MBAKWAKEM,1001216. MBAADI
18mar2026,18mar2026,collect:KoWvic4q3vCmmHnG,1001217,18mar2026,KAAMEM MARKET SQUARE,23mar2026,KAAMEM MARKET SQUARE,7.5270483,8.9301517,217.5,4.02,c6c3a619-21df-40bd-ae40-11a58204735d,18mar2026,60,1001217,115,BENUE,TARKA,MBAKWAKEM,MBAAGU,2022. BENUE,23452. TARKA,1664. MBAKWAKEM,1001217. MBAAGU
17mar2026,17mar2026,collect:KoWvic4q3vCmmHnG,1001218,17mar2026,BIIN GESA COMPOUND,24mar2026,BIIN GESA COMPOUND,7.6104367,8.913371700000001,180.6,5,72c40850-24a0-4593-8215-5235f0e4cfea,17mar2026,31,1001218,114,BENUE,TARKA,MBAKWAKEM,MBAGESA,2022. BENUE,23452. TARKA,1664. MBAKWAKEM,1001218. MBAGESA
09mar2026,10mar2026,collect:kyBr6JX0JK3HxfeV,1001219,09mar2026,"Chief Emmanuel Aboyale House, Aboyade Junction, Awe.",14mar2026,"Chief Emmanuel Ojeleke Aboyade House, Aboyade Junction, Awe.",7.81874,3.9610155,349.8796387,4.073,2c1633c7-1343-4785-9bb9-5224bb7d0b3b,10mar2026,30,1001219,15,OYO,AFIJIO,AWE-I,ABOYADE,2046. OYO,23946. AFIJIO,7218. AWE I,1001219. ABOYADE
09mar2026,09mar2026,collect:SNmlQBDWrvJ2CpFg,1001220,09mar2026,Papa Alaran beside Dasab filling station,28mar2026,"Mighty college grammar school premises,Alaran,Awe",7.8218186,3.9553053,371.1421508789062,4.288,cc7e47e5-6f6a-4983-9e04-8a7fb1ed6140,09mar2026,3,1001220,14,OYO,AFIJIO,AWE-I,ALARAN/ALAPA,2046. OYO,23946. AFIJIO,7218. AWE I,1001220. ALARAN/ALAPA
09mar2026,09mar2026,collect:SNmlQBDWrvJ2CpFg,1001221,09mar2026,"Asali compound open space,Asa!u,Awe",25mar2026,Asali compound comm Hall,7.8217979,3.9648942,358.5332641601562,3.216,bb0c5913-16f9-4056-b497-fdcf2f9fabf0,09mar2026,2,1001221,12,OYO,AFIJIO,AWE-I,ASALU/APERE,2046. OYO,23946. AFIJIO,7218. AWE I,1001221. ASALU/APERE
09mar2026,10mar2026,collect:kyBr6JX0JK3HxfeV,1001222,09mar2026,"Welder sheld Gaa, Awe",18mar2026,"Welder sheld Gaa, Awe",7.8165745,3.9594671,328.6018066,4.645,30a74e90-6a55-413e-ba06-6f352e070626,10mar2026,27,1001222,16,OYO,AFIJIO,AWE-I,GAA,2046. OYO,23946. AFIJIO,7218. AWE I,1001222. GAA
09mar2026,10mar2026,collect:kyBr6JX0JK3HxfeV,1001223,09mar2026,"Asaba Compound,Gbodo Oya, Awe",24mar2026,"Asaba Compound Gbodo Oya,Awe",7.8222555,3.9601269,345.2810668945312,4.931,c3c51cb1-8402-4e2f-8d3b-b7684a00b885,10mar2026,31,1001223,17,OYO,AFIJIO,AWE-I,GBODO-OYA,2046. OYO,23946. AFIJIO,7218. AWE I,1001223. GBODO-OYA
09mar2026,10mar2026,collect:kyBr6JX0JK3HxfeV,1001224,09mar2026,"Infront of Alhaji Muritala House, Isale Odo, Awe",26mar2026,"In front of Alhaji Muritala House, Isale Odo,Awe",7.8214591,3.9626627,348.6907958984375,4.931,760ce5b2-ef8d-46b3-ad6f-78ee50379e30,10mar2026,28,1001224,19,OYO,AFIJIO,AWE-I,ISALE-ODO,2046. OYO,23946. AFIJIO,7218. AWE I,1001224. ISALE-ODO
09mar2026,10mar2026,collect:kyBr6JX0JK3HxfeV,1001225,09mar2026,"Ile Afungbonbo Oke Bora, Opposite Olafat Filling Station,Awe",25mar2026,"Ile Afungbonbo Oke Bora, Opposite Olafat Filling Station,Awe",7.8182368,3.9718013,360.1827392578125,4.931,2a34ba71-7e4c-476b-b2da-de6d119932da,10mar2026,29,1001225,18,OYO,AFIJIO,AWE-I,OKE-BODA,2046. OYO,23946. AFIJIO,7218. AWE I,1001225. OKE-BODA
09mar2026,09mar2026,collect:SNmlQBDWrvJ2CpFg,1001226,09mar2026,"Infront of Sogidi lake,Sogidi comm,Awe",26mar2026,Infront of Sogidi Lake,7.8204769,3.9655437,331.0617065429688,4.873,76b96fd4-ed70-4055-8723-5a77d864f0b5,09mar2026,1,1001226,13,OYO,AFIJIO,AWE-I,SOGIDI,2046. OYO,23946. AFIJIO,7218. AWE I,1001226. SOGIDI
11mar2026,11mar2026,collect:SNmlQBDWrvJ2CpFg,1001227,11mar2026,INFRONT OF TIAMIYU HOUSE ILU AJE,17mar2026,INFRONT OF OLUODE HOUSE OPEN FIELD,7.7499436,3.8849982,304.4471435546875,4.645,6d21a67d-e5bf-479c-bc9f-d1693361e13c,11mar2026,48,1001227,9,OYO,AFIJIO,IMINI,ILU-AJE,2046. OYO,23946. AFIJIO,7215. IMINI,1001227. ILU-AJE
11mar2026,11mar2026,collect:SNmlQBDWrvJ2CpFg,1001227,11mar2026,Imini town hall,15apr2026,Imini Town Hall,7.6869779,3.7953837,304.4471435546875,3.216,5c745281-d921-4af1-8e0f-055903d411cb,11mar2026,51,1001227,9,OYO,AFIJIO,IMINI,ILU-AJE,2046. OYO,23946. AFIJIO,7215. IMINI,1001227. ILU-AJE
11mar2026,11mar2026,collect:kyBr6JX0JK3HxfeV,1001230,11mar2026,Obanako Village,17mar2026,"Infront of Chief Ajagungbade Baale of Obanako House, Obanako",7.8267245,3.8438323,252.0090332,4.502,4bef0239-e144-4587-9c1e-af36a28d1ae0,11mar2026,54,1001230,10,OYO,AFIJIO,IMINI,OLUWATEDO,2046. OYO,23946. AFIJIO,7215. IMINI,1001230. OLUWATEDO
10mar2026,10mar2026,collect:SNmlQBDWrvJ2CpFg,1001231,10mar2026,Ajegunle ifekunle,23mar2026,Ifekunle compound open space,7.6807864,3.9623671,328.0556641,3.216,14bfc599-8f07-4754-9548-134b4d00c238,10mar2026,20,1001231,5,OYO,AFIJIO,IWARE,AJEGUNLE,2046. OYO,23946. AFIJIO,7219. IWARE,1001231. AJEGUNLE
10mar2026,10mar2026,collect:kyBr6JX0JK3HxfeV,1001233,10mar2026,"Oke Araromi Ayedaade, Oke Banyan, Iware",30mar2026,"Gospel Baptist Church,Oke Araromi,Iware.",7.6840407,3.959103,339.8913574,4.716,4fedf6bd-6adf-4139-a753-5a4149a89cb8,10mar2026,33,1001233,4,OYO,AFIJIO,IWARE,AYE-DAADE/OKE GAYAN,2046. OYO,23946. AFIJIO,7219. IWARE,1001233. AYE-DAADE/OKE GAYAN
10mar2026,19mar2026,collect:SNmlQBDWrvJ2CpFg,1001234,10mar2026,Kajola/odi oko/oke ola,10mar2026,Ile adedigba oke ola iware,7.6822217,3.9628573,350.4094238,4.288,60985343-303d-4263-8cd3-394a99f03eaf,19mar2026,151,1001234,2,OYO,AFIJIO,IWARE,KAJOLA-ODO-OKO/OKE-OLA,2046. OYO,23946. AFIJIO,7219. IWARE,1001234. KAJOLA-ODO-OKO/OKE-OLA
10mar2026,10mar2026,collect:SNmlQBDWrvJ2CpFg,1001235,10mar2026,Community development meeting center oke Papa iware,13mar2026,Community development meeting center oke Papa iware,7.6766639,3.9605756,322.5460205078125,4.288,ef1c32b6-51d0-419b-ab89-0636cc7e132c,10mar2026,34,1001235,1,OYO,AFIJIO,IWARE,OKE-PAPA,2046. OYO,23946. AFIJIO,7219. IWARE,1001235. OKE-PAPA
10mar2026,10mar2026,collect:SNmlQBDWrvJ2CpFg,1001236,10mar2026,Isalevuiser shed isale kaun / oniware iware,18mar2026,Viclcaniser shed isale osun/oniware iware,7.6797949,3.9602883,328.0556641,3.216,665c0196-da84-4dbf-ad22-dadd5fb35cb8,10mar2026,26,1001236,3,OYO,AFIJIO,IWARE,ONIWAARE/ISALE OSUN/STATION,2046. OYO,23946. AFIJIO,7219. IWARE,1001236. ONIWAARE/ISALE OSUN/STATION
10mar2026,10mar2026,collect:kyBr6JX0JK3HxfeV,1001237,10mar2026,"Itesiwaju Odo Social Club,Saabo Ajegunle, Iware",16mar2026,"Itesiwaju Odo Social Club Saabo Ajegunle, Iware.",7.6743317,3.9591282,343.4851074,4.931,0bae0f99-7643-41fb-bd14-a2fe320d3d08,10mar2026,32,1001237,6,OYO,AFIJIO,IWARE,SAABO/AJEGUNLE,2046. OYO,23946. AFIJIO,7219. IWARE,1001237. SAABO/AJEGUNLE
11mar2026,11mar2026,collect:Wh1xKbK2CiDbbQZ6,1001250,11mar2026,School Premises,27mar2026,School Premises ,8.433527399999999,3.4027257,437.911,4.907,23fe90a1-b7d7-4bde-8fba-3b2d782d3e3b,12mar2026,76,1001250,53,OYO,ATISBO,OWO/AGUNREGE/SABE,ABA AABO,2046. OYO,23949. ATISBO,7489. OWO/AGUNREGE/SAB,1001250. ABA AABO
10mar2026,10mar2026,collect:0A9aT6O0odsGmVU2,1001251,10mar2026,BALOGUN COMPOUND,25mar2026,BALOGUN'S COMPOND,8.4079259,3.3597384,337.3841552734375,4.716,0319a109-b273-4060-ad2f-44243be22c84,12mar2026,78,1001251,47,OYO,ATISBO,OWO/AGUNREGE/SABE,ABA BASORUN,2046. OYO,23949. ATISBO,7489. OWO/AGUNREGE/SAB,1001251. ABA BASORUN
10mar2026,10mar2026,collect:Wh1xKbK2CiDbbQZ6,1001253,15mar2026,Infront of community Leader ,15mar2026,Infront of community Leader ,8.562356899999999,3.4574461,461.922,2.214,e4ba33da-a033-4f8f-9b5d-e8a12b7c8cad,12mar2026,70,1001253,60,OYO,ATISBO,OWO/AGUNREGE/SABE,ABA IMALE FALAFIA,2046. OYO,23949. ATISBO,7489. OWO/AGUNREGE/SAB,1001253. ABA IMALE FALAFIA
10mar2026,10mar2026,collect:Wh1xKbK2CiDbbQZ6,1001254,10mar2026,Infront of community Leader house under the tree ,18mar2026,Infront of community Leader house ,8.5623805,3.4573642,444.465,1.884,ad4dac0f-b4d2-4bc5-9019-fe2522d3ea54,12mar2026,74,1001254,39,OYO,ATISBO,OWO/AGUNREGE/SABE,ABA ISALE ITAN,2046. OYO,23949. ATISBO,7489. OWO/AGUNREGE/SAB,1001254. ABA ISALE ITAN
10mar2026,10mar2026,collect:Wh1xKbK2CiDbbQZ6,1001255,10mar2026,Infront of community Leader ,17mar2026,Infront of community Leader house ,8.562431399999999,3.4573737,426.017,2.72,5565edcd-5d4e-4498-9b18-d23929acb8e7,12mar2026,72,1001255,40,OYO,ATISBO,OWO/AGUNREGE/SABE,ABA MOLETE,2046. OYO,23949. ATISBO,7489. OWO/AGUNREGE/SAB,1001255. ABA MOLETE
10mar2026,10mar2026,collect:0A9aT6O0odsGmVU2,1001258,10mar2026,AGUNREGE PALACE,31mar2026,TOWN HALL,8.3964421,3.3935662,369.0326538085938,4.931,8b97d411-1df2-44e2-87a9-3c71a83e5f63,12mar2026,79,1001258,52,OYO,ATISBO,OWO/AGUNREGE/SABE,AGUNREGE,2046. OYO,23949. ATISBO,7489. OWO/AGUNREGE/SAB,1001258. AGUNREGE
10mar2026,10mar2026,collect:Wh1xKbK2CiDbbQZ6,1001258,10mar2026,Palace ,31mar2026,Gaa Gbari ,8.403892799999999,3.3698031,467.67,3.207,1591ff25-6036-477e-b260-2ed8dd6331c9,12mar2026,69,1001258,52,OYO,ATISBO,OWO/AGUNREGE/SABE,AGUNREGE,2046. OYO,23949. ATISBO,7489. OWO/AGUNREGE/SAB,1001258. AGUNREGE
10mar2026,10mar2026,collect:Wh1xKbK2CiDbbQZ6,1001259,10mar2026,Infront of community Leader house ,15mar2026,Infront of community Leader ,8.408036900000001,3.3593167,335.192,2.48,0017b0ac-e259-44a2-b009-89958aafa907,12mar2026,68,1001259,63,OYO,ATISBO,OWO/AGUNREGE/SABE,AJEBANDELE,2046. OYO,23949. ATISBO,7489. OWO/AGUNREGE/SAB,1001259. AJEBANDELE
10mar2026,10mar2026,collect:Wh1xKbK2CiDbbQZ6,1001261,10mar2026,Infront of community Leader house ,30mar2026,Infront of community Leader house at Ayante Area,8.5623831,3.4573497,443.349,2.382,b6127c83-2d81-407b-a69a-058951e7935d,12mar2026,73,1001261,54,OYO,ATISBO,OWO/AGUNREGE/SABE,AYANTE AREA,2046. OYO,23949. ATISBO,7489. OWO/AGUNREGE/SAB,1001261. AYANTE AREA
11mar2026,11mar2026,collect:0A9aT6O0odsGmVU2,1001262,11mar2026,PALACE OF ONISABE,27mar2026,PALACE,8.430868500000001,3.4009423,354.2617188,3.216,5aa2883e-0774-4261-a256-e48a6af4bc8f,12mar2026,80,1001262,46,OYO,ATISBO,OWO/AGUNREGE/SABE,AYETE,2046. OYO,23949. ATISBO,7489. OWO/AGUNREGE/SAB,1001262. AYETE
11mar2026,11mar2026,collect:SOCE5Jfsx0t5g07V,1001264,11mar2026,UNDER THE SHADE,31mar2026,COMMUNITY LEADER'S HOUSE,7.9750035,3.2428055,243.1525879,4.824,4bc17d49-6f0a-47e6-8c0b-af283d79b7af,11mar2026,58,1001264,44,OYO,ATISBO,OWO/AGUNREGE/SABE,BADA AREA,2046. OYO,23949. ATISBO,7489. OWO/AGUNREGE/SAB,1001264. BADA AREA
10mar2026,10mar2026,collect:Wh1xKbK2CiDbbQZ6,1001264,10mar2026,Infront of community Leader ,26mar2026,Infront of community Leader house ,8.562293199999999,3.4574224,433.116,1.146,0516f7d3-cbee-47a9-a169-3b4caa6a7d70,12mar2026,75,1001264,44,OYO,ATISBO,OWO/AGUNREGE/SABE,BADA AREA,2046. OYO,23949. ATISBO,7489. OWO/AGUNREGE/SAB,1001264. BADA AREA
10mar2026,12mar2026,collect:0A9aT6O0odsGmVU2,1001265,10mar2026,CHIEF BALAODE'S COMPOUND,27mar2026,CHIEF BALODE'S COMPOUND,8.4061696,3.3633283,320.387207,4.716,8b607def-21bf-4cd5-822b-a52c3750cd00,12mar2026,83,1001265,57,OYO,ATISBO,OWO/AGUNREGE/SABE,BALODE,2046. OYO,23949. ATISBO,7489. OWO/AGUNREGE/SAB,1001265. BALODE
10mar2026,10mar2026,collect:Wh1xKbK2CiDbbQZ6,1001267,10mar2026,Town hall ,31mar2026,Oke Gbari,8.400114800000001,3.3907557,1103.946,3.888,ff1e83d3-1b69-47be-80a5-abe4e33c3625,12mar2026,67,1001267,41,OYO,ATISBO,OWO/AGUNREGE/SABE,GAA DOGO,2046. OYO,23949. ATISBO,7489. OWO/AGUNREGE/SAB,1001267. GAA DOGO
10mar2026,12mar2026,collect:0A9aT6O0odsGmVU2,1001269,10mar2026,OLA ANABI'S COMPOUND,28mar2026,OLA ANABI'S COMPOUND,8.408859,3.3579809,247.7527465820312,4.073,e45503bf-561d-47ae-aa4f-0146d6d181cc,12mar2026,85,1001269,51,OYO,ATISBO,OWO/AGUNREGE/SABE,KEWULERE,2046. OYO,23949. ATISBO,7489. OWO/AGUNREGE/SAB,1001269. KEWULERE
10mar2026,10mar2026,collect:Wh1xKbK2CiDbbQZ6,1001270,10mar2026,Infront of Palace ,16mar2026,Infront of Palace ,8.5623352,3.4574278,440.617,1.977,c9fa954f-9a1f-4cf7-90e2-d7757bae2ca3,12mar2026,71,1001270,58,OYO,ATISBO,OWO/AGUNREGE/SABE,OKE AAFIN,2046. OYO,23949. ATISBO,7489. OWO/AGUNREGE/SAB,1001270. OKE AAFIN
10mar2026,10mar2026,collect:SNmlQBDWrvJ2CpFg,1001273,14mar2026,Oke ola,14mar2026,Ile adedigba oke ola iware,7.6822084,3.9628035,338.7378540039062,4.824,71db173d-93ad-404e-a6a9-bdf0ff74d31a,10mar2026,19,1001273,49,OYO,ATISBO,OWO/AGUNREGE/SABE,OKE OLA,2046. OYO,23949. ATISBO,7489. OWO/AGUNREGE/SAB,1001273. OKE OLA
10mar2026,12mar2026,collect:0A9aT6O0odsGmVU2,1001274,10mar2026,OKE SUNA SQUARE,24mar2026,OKE SUNA SQUARE OPPOSITE OKE SUNA PRIMARY SCHOOL,8.4061734,3.3552487,325.8325195,3.752,f99f17bd-0b81-4941-b79a-69cef3d26733,12mar2026,84,1001274,62,OYO,ATISBO,OWO/AGUNREGE/SABE,OKE SUNA,2046. OYO,23949. ATISBO,7489. OWO/AGUNREGE/SAB,1001274. OKE SUNA
12mar2026,12mar2026,collect:Wh1xKbK2CiDbbQZ6,1001280,12mar2026,ABA SUNMOBA,30may2026,Infront of community Leader house,8.545069399999999,3.4534337,382.68,2.72,80557717-cc43-46c3-ae85-9d545f8c96e2,12mar2026,77,1001280,21,OYO,ATISBO,TEDE II,ABA-SUNMOBA,2046. OYO,23949. ATISBO,7487. TEDE II,1001280. ABA-SUNMOBA
12mar2026,13mar2026,collect:5PT9mTMUaZfPZtU0,1001283,12mar2026,ABDULLAHI HOUSE,24mar2026,BAALE HOUSE,7.7446905,3.0488061,183.577,1.723,63830a6f-7298-42ce-9831-b7e5abe7e516,13mar2026,94,1001283,70,OYO,IBARAPA NORTH,OFIKI II,ABESI,2046. OYO,23958. IBARAPA NORTH,7411. OFIKI II,1001283. ABESI
13mar2026,25mar2026,collect:5FAmgvpx2gDnQAyW,1001284,13mar2026,ALAJUBA COMMUNITY OFIKI II,26mar2026,ALAJUBA COMMUNITY,7.8098652,3.0493269,194.513,1.424,a6c828cb-762d-4d35-b638-8cc0f5f5fe18,09apr2026,194,1001284,66,OYO,IBARAPA NORTH,OFIKI II,ALAJUBA,2046. OYO,23958. IBARAPA NORTH,7411. OFIKI II,1001284. ALAJUBA
12mar2026,27mar2026,collect:zDDXmfy4btQyOkuM,1001285,12mar2026,ASSUNARA HALL,24mar2026,ASSUNARA COMMUNITY HALL,7.6543829,3.1135461,236.1,4.38,13415a50-80c2-40e9-9618-3d10366a523a,27mar2026,189,1001285,65,OYO,IBARAPA NORTH,OFIKI II,ASUNARA,2046. OYO,23958. IBARAPA NORTH,7411. OFIKI II,1001285. ASUNARA
12mar2026,13mar2026,collect:5FAmgvpx2gDnQAyW,1001287,11mar2026,ELEWURO ALADUA,23mar2026,ELEWURO ALADUA,7.804424,3.2142173,203.243,4.057,7bde877e-e425-4707-9ad5-e35df8b0e4a2,13mar2026,104,1001287,72,OYO,IBARAPA NORTH,OFIKI II,ELEWURO ALADURA,2046. OYO,23958. IBARAPA NORTH,7411. OFIKI II,1001287. ELEWURO ALADURA
11mar2026,11mar2026,collect:5FAmgvpx2gDnQAyW,1001287,11mar2026,ELEWURO ALADUA ,02apr2026,ELEWURO ALADUA,7.8045191,3.2141842,240.271,0.965,dca151e1-f32a-4563-b50d-d09128bdb1d9,11mar2026,52,1001287,72,OYO,IBARAPA NORTH,OFIKI II,ELEWURO ALADURA,2046. OYO,23958. IBARAPA NORTH,7411. OFIKI II,1001287. ELEWURO ALADURA
12mar2026,27mar2026,collect:zDDXmfy4btQyOkuM,1001288,12mar2026,IN FRONT OF BAALE IGBONLA HOUSE,24mar2026,INFRONT OF COMMUNITY HEAD HOUSE,7.6670733,3.0676022,232.8,3.633,d143808e-cd9f-4d63-93a5-1de6410d0364,27mar2026,190,1001288,68,OYO,IBARAPA NORTH,OFIKI II,IGBONLA,2046. OYO,23958. IBARAPA NORTH,7411. OFIKI II,1001288. IGBONLA
12mar2026,13mar2026,collect:5FAmgvpx2gDnQAyW,1001289,11mar2026,OLOKETE,23mar2026,OLOKETE COMMUNITY,7.7741488,3.2100859,213.262,4.802,bacc5cfa-deed-4bd7-8b2d-f931972febda,13mar2026,103,1001289,71,OYO,IBARAPA NORTH,OFIKI II,OLOKETE VILLAGE,2046. OYO,23958. IBARAPA NORTH,7411. OFIKI II,1001289. OLOKETE VILLAGE
11mar2026,11mar2026,collect:5PT9mTMUaZfPZtU0,1001289,11mar2026,OWODE OLOKETE,02apr2026,OLOKETE,7.7742753,3.2101851,215.586,1.473,63a6952a-3d53-4609-8057-73d17c05d678,11mar2026,53,1001289,71,OYO,IBARAPA NORTH,OFIKI II,OLOKETE VILLAGE,2046. OYO,23958. IBARAPA NORTH,7411. OFIKI II,1001289. OLOKETE VILLAGE
12mar2026,12mar2026,collect:1qfsH6Dur4s5d5sL,1001291,10mar2026,"Balogun Compound Ajisafe, Tapa",16mar2026,Balogun Compound Ajisafe Tapa,7.5632763,3.2317548,206.5545654296875,4.424,0b182c83-359f-40e0-9edb-769eb67ceae5,12mar2026,90,1001291,75,OYO,IBARAPA NORTH,TAPA I,AJISAFE,2046. OYO,23958. IBARAPA NORTH,7420. TAPA I,1001291. AJISAFE
10mar2026,11mar2026,collect:zDDXmfy4btQyOkuM,1001291,10mar2026,AJISAFE COMMUNITY HALL,10mar2026,AJISAFE COMMUNITY HALL,7.5634008,3.2314917,189.5,4.78,d54884b1-6bcc-4d3d-b70d-f87bbdeb124d,11mar2026,46,1001291,75,OYO,IBARAPA NORTH,TAPA I,AJISAFE,2046. OYO,23958. IBARAPA NORTH,7420. TAPA I,1001291. AJISAFE
10mar2026,10mar2026,collect:5PT9mTMUaZfPZtU0,1001292,10mar2026,ASIPA COMPOUND HALL ,10mar2026,ASIPA COMPOUND HALL ,7.5590996,3.2286827,187.764,2.203,15b620d7-5ba1-4b11-be91-0302f4ba29d4,10mar2026,15,1001292,77,OYO,IBARAPA NORTH,TAPA I,ASIPA,2046. OYO,23958. IBARAPA NORTH,7420. TAPA I,1001292. ASIPA
12mar2026,12mar2026,collect:1qfsH6Dur4s5d5sL,1001292,10mar2026,Asipa community hall,17mar2026,Asipa community hall,7.5591772,3.2285235,187.8111572265625,4.931,4a7bca99-e85f-45f5-9dcc-5e75e64552fb,12mar2026,93,1001292,77,OYO,IBARAPA NORTH,TAPA I,ASIPA,2046. OYO,23958. IBARAPA NORTH,7420. TAPA I,1001292. ASIPA
10mar2026,10mar2026,collect:5PT9mTMUaZfPZtU0,1001293,10mar2026,ELERIN COMPOUND,10mar2026,ELERIN COMPOUND,7.5614335,3.2303218,158.028,1.009,69893b40-0be8-485c-a8b4-63c37b1a1d88,10mar2026,16,1001293,76,OYO,IBARAPA NORTH,TAPA I,ELERIN,2046. OYO,23958. IBARAPA NORTH,7420. TAPA I,1001293. ELERIN
12mar2026,12mar2026,collect:1qfsH6Dur4s5d5sL,1001293,10mar2026,Obada market square elerin Tapa,16mar2026,Obada market square elerin,7.561975,3.2303743,187.0111083984375,4.63,c53dfb3b-5bb1-4fd2-b362-b9d7ae9ca0e1,12mar2026,89,1001293,76,OYO,IBARAPA NORTH,TAPA I,ELERIN,2046. OYO,23958. IBARAPA NORTH,7420. TAPA I,1001293. ELERIN
12mar2026,12mar2026,collect:1qfsH6Dur4s5d5sL,1001294,10mar2026,Adeoye Compound Tapa,16mar2026,Adeoye Compound,7.5640777,3.2369238,172.5909423828125,4.639,57b125e8-b4ea-4d1c-bb98-6f9bc02cd076,12mar2026,88,1001294,73,OYO,IBARAPA NORTH,TAPA I,IYA MORO AREA,2046. OYO,23958. IBARAPA NORTH,7420. TAPA I,1001294. IYA MORO AREA
10mar2026,11mar2026,collect:zDDXmfy4btQyOkuM,1001294,10mar2026,IYA MORO COMMUNITY HALL,10mar2026,IYA MORO COMMUNITY HALL,7.5638582,3.2367539,182.5,4.25,cc843612-ba71-41f5-bb6d-a59448196e3b,11mar2026,45,1001294,73,OYO,IBARAPA NORTH,TAPA I,IYA MORO AREA,2046. OYO,23958. IBARAPA NORTH,7420. TAPA I,1001294. IYA MORO AREA
10mar2026,27mar2026,collect:zDDXmfy4btQyOkuM,1001295,10mar2026,OBAPE COMPOUND HALL,10mar2026,OBAPE HALL,7.5352412,3.2183563,133.6,4.72,4a52a843-e2f3-4dfd-9e45-f5ff2e1e5277,27mar2026,188,1001295,78,OYO,IBARAPA NORTH,TAPA I,OBAPE,2046. OYO,23958. IBARAPA NORTH,7420. TAPA I,1001295. OBAPE
10mar2026,10mar2026,collect:5PT9mTMUaZfPZtU0,1001295,10mar2026,"Under Leam Tree, Obape Compound",10mar2026,Under the Leam Tree,7.5599223,3.2288801,303.44,3.313,7ad457d9-d120-4a3d-b2bd-b2565ecde358,10mar2026,17,1001295,78,OYO,IBARAPA NORTH,TAPA I,OBAPE,2046. OYO,23958. IBARAPA NORTH,7420. TAPA I,1001295. OBAPE
12mar2026,12mar2026,collect:1qfsH6Dur4s5d5sL,1001295,10mar2026,Abe igi Anu Obape Tapa,17mar2026,Abe igi Anu Obape,7.5599645,3.2283723,175.2722168,4.938,bf2d0e63-fc16-4b0b-bef7-2b2bdc3f8926,12mar2026,92,1001295,78,OYO,IBARAPA NORTH,TAPA I,OBAPE,2046. OYO,23958. IBARAPA NORTH,7420. TAPA I,1001295. OBAPE
10mar2026,10mar2026,collect:5PT9mTMUaZfPZtU0,1001296,10mar2026,Iyanu Oluwa avenue ,10mar2026,IYANU OLUWA AVENUE ,7.5737718,3.2250369,198.757,2.551,744f3268-8dc3-44c6-927d-c8629788188a,10mar2026,18,1001296,79,OYO,IBARAPA NORTH,TAPA I,OKE AYO/TAPA CHS,2046. OYO,23958. IBARAPA NORTH,7420. TAPA I,1001296. OKE AYO/TAPA CHS
12mar2026,12mar2026,collect:1qfsH6Dur4s5d5sL,1001296,10mar2026,Alabi Joseph Compound Tapa,17mar2026,Alabi Compound,7.5736743,3.2248605,165.4686279296875,4.931,001b9cab-2c82-4914-9bf8-939f2b983067,12mar2026,87,1001296,79,OYO,IBARAPA NORTH,TAPA I,OKE AYO/TAPA CHS,2046. OYO,23958. IBARAPA NORTH,7420. TAPA I,1001296. OKE AYO/TAPA CHS
10mar2026,11mar2026,collect:zDDXmfy4btQyOkuM,1001297,10mar2026,OKETADE HALL,10mar2026,OKETADE HALL,7.5649478,3.2324779,170.6,4.825,cddf8ce0-19bc-460a-97e9-14351e2c9ccd,11mar2026,44,1001297,74,OYO,IBARAPA NORTH,TAPA I,OKETADE,2046. OYO,23958. IBARAPA NORTH,7420. TAPA I,1001297. OKETADE
12mar2026,12mar2026,collect:1qfsH6Dur4s5d5sL,1001297,10mar2026,Adeleke Compound,16mar2026,Adeleke Compound Oketade Tapa,7.5651072,3.2322497,166.8425293,4.931,2b95dd8c-38f5-4448-a71a-18669f3041a7,12mar2026,91,1001297,74,OYO,IBARAPA NORTH,TAPA I,OKETADE,2046. OYO,23958. IBARAPA NORTH,7420. TAPA I,1001297. OKETADE
24apr2026,24apr2026,collect:NFlxQrjqe64CGckd,1001299,24apr2026,BABA ONILU BESIDE GENERAL PUBLIC BOREHOLE,01may2026,BABA ONILU COMPOUND BESIDE GENERAL PUBLIC BOREHOLE,8.217655000000001,3.4626353,325.6589355,4.931,01361b5e-d79c-4be6-bc12-5bbe42b5fcbd,24apr2026,199,1001299,110,OYO,ITESIWAJU,OKAKA 2,AGORO SEEKE/ONILU/BABA,2046. OYO,23962. ITESIWAJU,7388. OKAKA II,1001299. AGORO SEEKE/ONILU/BABA
24apr2026,24apr2026,collect:NFlxQrjqe64CGckd,1001300,24apr2026,"AJIBI/OLUKOTUN COMPOUND BEHIND MOKORE MARKET,OKAKA",02may2026,"AJIBI/ OLUKOTUN BEHIND MOKORE MARKET,OKAKA",8.216631400000001,3.4608202,339.2579345703125,4.645,7b6ab71e-0624-4308-bfbb-bc3aa1cd0365,24apr2026,198,1001300,109,OYO,ITESIWAJU,OKAKA 2,AJIBI/OLUKOTUN,2046. OYO,23962. ITESIWAJU,7388. OKAKA II,1001300. AJIBI/OLUKOTUN
24apr2026,24apr2026,collect:NFlxQrjqe64CGckd,1001304,24apr2026,"AYEYE COMPOUND UNDER ODAN TREE,OKAKA",02may2026,AYEYE COMPOUND UNDER ODAN TREE,8.213070999999999,3.4633441,345.9104614257812,3.43,abfbc50e-5c89-409f-9622-41901b39b6e8,24apr2026,197,1001304,111,OYO,ITESIWAJU,OKAKA 2,AYEYE,2046. OYO,23962. ITESIWAJU,7388. OKAKA II,1001304. AYEYE
10mar2026,24apr2026,collect:NFlxQrjqe64CGckd,1001307,24apr2026,BOOTUN UNDER ODAN TREE,01may2026,BOOTUN UNDER ODAN TREE,8.2164001,3.4648923,340.9149169921875,4.645,8729e882-fedf-41a2-a056-42b8a9378127,24apr2026,200,1001307,112,OYO,ITESIWAJU,OKAKA 2,BOOTU,2046. OYO,23962. ITESIWAJU,7388. OKAKA II,1001307. BOOTU
25apr2026,25apr2026,collect:NFlxQrjqe64CGckd,1001311,25apr2026,AGORO IBISE/OLORUNNIPEOSESE HOUSE UNDER CASHEW TREE,07may2026,AGORO IBISE OLORUNNIPEOSESE COMPOUND UNDER CASHEW TREE,8.204305099999999,3.3987653,311.3320313,4.931,453eca29-82b6-4953-a93d-c93842fb9f43,25apr2026,210,1001311,84,OYO,ITESIWAJU,OTU 2,AGORO IBISE/ OLORUNLOPEOSEESE,2046. OYO,23962. ITESIWAJU,7385. OTU II,1001311. AGORO IBISE/ OLORUNLOPEOSEESE
25apr2026,25apr2026,collect:NFlxQrjqe64CGckd,1001312,25apr2026,AKALA/JAGUN/LADUKU,04may2026,AKALA COMPOUND UNDER COCONUT TREE,8.2055563,3.4031653,300.6028442382812,4.288,0eb48e11-b6a0-4944-88a5-f098ef1fefc0,25apr2026,206,1001312,86,OYO,ITESIWAJU,OTU 2,AKAALA/JAGUN LADUKU,2046. OYO,23962. ITESIWAJU,7385. OTU II,1001312. AKAALA/JAGUN LADUKU
25apr2026,25apr2026,collect:NFlxQrjqe64CGckd,1001314,25apr2026,ILE TUNTUN/ ORIOLOWO /BOTUN COMPOUND UNDER ODAN TREE,06may2026,ILE TUNTUN/BOTUN/ORIOLOWO COMPOUND UNDER ODAN TREE OTU,8.205214399999999,3.402242,306.0860595703125,4.931,0c9be3ae-2e29-4849-9605-391c267bfc8b,25apr2026,208,1001314,80,OYO,ITESIWAJU,OTU 2,ILE TUNTUN /BOTUN/ ORIOLOWO,2046. OYO,23962. ITESIWAJU,7385. OTU II,1001314. ILE TUNTUN /BOTUN/ ORIOLOWO
25apr2026,25apr2026,collect:NFlxQrjqe64CGckd,1001317,25apr2026,ONIBISE AROMOKUN/AREOJE COMPOUND UNDER MANGO TREE,07may2026,"ONIBISE AROMOKUN/ AREOJE COMPOUND UNDER MANGO TREE, OTU",8.202856199999999,3.4002018,300.2282104492188,4.824,2a04bbd6-01b3-43c6-83ba-21978a86f5f0,25apr2026,211,1001317,83,OYO,ITESIWAJU,OTU 2,ONIBI AROMOKUN AREE OJE,2046. OYO,23962. ITESIWAJU,7385. OTU II,1001317. ONIBI AROMOKUN AREE OJE
25apr2026,25apr2026,collect:NFlxQrjqe64CGckd,1001318,25apr2026,"TEETU/OJELOWO/ALOGBON COMPOUND UNDER CASHEW TREE, OTU.",09may2026,"TEETU OJELOWO ALOGBON COMPOUND, UNDER CASHEW TREE",8.211409,3.3968644,307.2360229492188,4.288,6b5b0fee-d148-4246-9b9b-9dbf21a40f09,25apr2026,212,1001318,87,OYO,ITESIWAJU,OTU 2,TEETU/OJELOWO/ALOGBON,2046. OYO,23962. ITESIWAJU,7385. OTU II,1001318. TEETU/OJELOWO/ALOGBON
11mar2026,31mar2026,collect:6cyas2pa2CFrziWl,1001319,11mar2026,"AHORO OMO, UNDER ODAN TREE",11mar2026,"Under odan tree, Ahoro Omo community",8.125766499999999,3.5079604,366.1987305,4.288,753507a0-b992-4a3d-869e-0e02f9f45f8f,31mar2026,192,1001319,88,OYO,ITESIWAJU,OWODE IPAPO,AHORO OMO,2046. OYO,23962. ITESIWAJU,7383. OWODE/IPAPO,1001319. AHORO OMO
11mar2026,31mar2026,collect:6cyas2pa2CFrziWl,1001320,11mar2026,"AYEDUDU, UNDER ODAN TREE",11mar2026,"Under odan tree, Ayedudu",8.132303200000001,3.5119894,388.5526123046875,4.873,72490244-c7c3-4973-912d-56d9a696e819,31mar2026,191,1001320,99,OYO,ITESIWAJU,OWODE IPAPO,AYEDUDU,2046. OYO,23962. ITESIWAJU,7383. OWODE/IPAPO,1001320. AYEDUDU
10mar2026,18mar2026,collect:6cyas2pa2CFrziWl,1001323,10mar2026,Buck Erinoti under Mango tree,17mar2026,ERINOTI UNDER MANGO TREE,8.297017500000001,3.5562515,394.0866088867188,4.288,2a8bb7e1-bec0-4e73-9fe9-d6b91432daeb,18mar2026,134,1001323,89,OYO,ITESIWAJU,OWODE IPAPO,BUDO ERINOTI,2046. OYO,23962. ITESIWAJU,7383. OWODE/IPAPO,1001323. BUDO ERINOTI
10mar2026,18mar2026,collect:6cyas2pa2CFrziWl,1001325,10mar2026,"Budo Paanu, Under Iran tree",16mar2026,"BUDO PAANU, UNDER ODAN TREE",8.329449800000001,3.5651276,379.6328125,4.288,eb7d3b7f-cdf6-46fd-928c-d03a8004bacd,18mar2026,135,1001325,97,OYO,ITESIWAJU,OWODE IPAPO,BUDO PAANU,2046. OYO,23962. ITESIWAJU,7383. OWODE/IPAPO,1001325. BUDO PAANU
10mar2026,18mar2026,collect:6cyas2pa2CFrziWl,1001326,10mar2026,"ERISA, UNDER MANGO TREE",16mar2026,"ERISA, UNDER MANGO TREE",8.3192548,3.5945399,383.8099975585938,4.288,94ad473c-cdea-4c75-83e1-74a9c94054ee,18mar2026,136,1001326,93,OYO,ITESIWAJU,OWODE IPAPO,ERISA,2046. OYO,23962. ITESIWAJU,7383. OWODE/IPAPO,1001326. ERISA
10mar2026,18mar2026,collect:6cyas2pa2CFrziWl,1001327,10mar2026,"GAA AMBERE, UNDER ISIN TREE",15mar2026,"GAA AMBERE, UNDER ISIN TREE",8.259177299999999,3.5349023,365.3621826171875,3.9,f0beba97-7191-438a-aa2a-2857f641686d,18mar2026,138,1001327,96,OYO,ITESIWAJU,OWODE IPAPO,GAA AMBERE,2046. OYO,23962. ITESIWAJU,7383. OWODE/IPAPO,1001327. GAA AMBERE
10mar2026,18mar2026,collect:6cyas2pa2CFrziWl,1001328,10mar2026,"GAA GOREGARU, UNDER ODAN TREE",17mar2026,"GAA GOLEGARU, UNDER ODAN FREE",8.281479600000001,3.5668695,405.5544434,3.9,18a62682-6e8a-4570-ab06-a7c5e316490a,18mar2026,137,1001328,94,OYO,ITESIWAJU,OWODE IPAPO,GAA GOREGARU,2046. OYO,23962. ITESIWAJU,7383. OWODE/IPAPO,1001328. GAA GOREGARU
11mar2026,01apr2026,collect:6cyas2pa2CFrziWl,1001330,11mar2026,"OSEYAWO, UNDER ODAN TREE",11mar2026,"Under odan tree, Oseyawo",8.130701500000001,3.5090948,416.6815185546875,4.347,8348d41b-840d-411e-bf3f-fb71201f3778,02apr2026,193,1001330,92,OYO,ITESIWAJU,OWODE IPAPO,OSEYAWO,2046. OYO,23962. ITESIWAJU,7383. OWODE/IPAPO,1001330. OSEYAWO
09mar2026,09mar2026,collect:iXkDsofggruMhHzE,1001331,09mar2026,UNDER TREE,31mar2026,UNDER TREE,7.9356867,3.2817767,278.9,4.96,09366667-a305-41a4-b8c0-32af85c96ae5,09mar2026,8,1001331,116,OYO,IWAJOWA,SABI GANA II,AFUNLELE,2046. OYO,23963. IWAJOWA,7344. SABI GANA II,1001331. AFUNLELE
09mar2026,09mar2026,collect:S3Av50CaxAKwLY9i,1001332,09mar2026,Under the Tree,17mar2026,Under the Tree,7.8677828,3.2977936,262.6928711,4.931,b5cc37f8-38bb-4a49-b0de-5726440319be,09mar2026,11,1001332,115,OYO,IWAJOWA,SABI GANA II,ALADUA,2046. OYO,23963. IWAJOWA,7344. SABI GANA II,1001332. ALADUA
09mar2026,09mar2026,collect:iXkDsofggruMhHzE,1001333,09mar2026,UNDER TREE,17mar2026,UNDER TREE,7.887755,3.3122617,222.7,4.966,b8147a6d-48e2-4298-987e-02af5df120bb,09mar2026,6,1001333,113,OYO,IWAJOWA,SABI GANA II,ARIGBEYO,2046. OYO,23963. IWAJOWA,7344. SABI GANA II,1001333. ARIGBEYO
09mar2026,09mar2026,collect:iXkDsofggruMhHzE,1001334,10mar2026,UNDER TREE,16mar2026,UNDER TREE,7.87133,3.3062183,261.5,4.3,8af53f38-e7f6-48c6-b454-256e74f667ae,09mar2026,7,1001334,114,OYO,IWAJOWA,SABI GANA II,IMODE,2046. OYO,23963. IWAJOWA,7344. SABI GANA II,1001334. IMODE
09mar2026,09mar2026,collect:S3Av50CaxAKwLY9i,1001335,09mar2026,Under the Tree,16mar2026,Under the Tree,7.8437949,3.3108335,244.6811523,4.716,6eea4c44-f056-43f6-9094-fb29cce866d5,09mar2026,12,1001335,117,OYO,IWAJOWA,SABI GANA II,JOLOKO,2046. OYO,23963. IWAJOWA,7344. SABI GANA II,1001335. JOLOKO
11mar2026,11mar2026,collect:S3Av50CaxAKwLY9i,1001336,11mar2026,Under the Tree,30mar2026,Under the Tree,7.9935055,3.1980844,295.7393798828125,4.466,fcdf312f-568a-4dae-a8c3-6dfb7268bced,11mar2026,56,1001336,124,OYO,IWAJOWA,SABI GANA III,AGRIC,2046. OYO,23963. IWAJOWA,7348. SABI GANA III,1001336. AGRIC
11mar2026,11mar2026,collect:SOCE5Jfsx0t5g07V,1001337,11mar2026,UNDER THREE,27mar2026,UNDER THREE,7.9571264,3.1637084,229.0375977,4.824,a52a6e00-4861-452b-b3ae-4c0c0bb2abb8,11mar2026,57,1001337,119,OYO,IWAJOWA,SABI GANA III,AGULE SHONSHON,2046. OYO,23963. IWAJOWA,7348. SABI GANA III,1001337. AGULE SHONSHON
09mar2026,09mar2026,collect:iXkDsofggruMhHzE,1001338,09mar2026,OPEN PLACE,18mar2026,Open Place,7.9760183,3.2414,242,4.4,e9fa0cd4-d07c-4575-b7b7-0a14a4ec4df3,09mar2026,5,1001338,118,OYO,IWAJOWA,SABI GANA III,AYEDE,2046. OYO,23963. IWAJOWA,7348. SABI GANA III,1001338. AYEDE
11mar2026,11mar2026,collect:SOCE5Jfsx0t5g07V,1001340,11mar2026,COMMUNITY HEAD HOUSE,30mar2026,OPEN PLACE,7.9728925,3.2415502,235.4588623046875,4.716,96bda29f-6591-4a94-a619-36784ce8ceec,15mar2026,106,1001340,121,OYO,IWAJOWA,SABI GANA III,BAYANBI,2046. OYO,23963. IWAJOWA,7348. SABI GANA III,1001340. BAYANBI
09mar2026,09mar2026,collect:S3Av50CaxAKwLY9i,1001341,09mar2026,Under the tree,18mar2026,Under big tree in the community,7.9715669,3.239724,224.0674438476562,4.824,5ece21a6-e519-428d-b89a-1a25352acede,09mar2026,9,1001341,120,OYO,IWAJOWA,SABI GANA III,IKIA,2046. OYO,23963. IWAJOWA,7348. SABI GANA III,1001341. IKIA
09mar2026,09mar2026,collect:S3Av50CaxAKwLY9i,1001342,09mar2026,Under the tree,23mar2026,Under the tree,7.9721369,3.2332521,232.6585083007812,4.716,983e059c-2fdf-4250-8c5e-a3d59408f416,09mar2026,10,1001342,122,OYO,IWAJOWA,SABI GANA III,OKUTA-AKA,2046. OYO,23963. IWAJOWA,7348. SABI GANA III,1001342. OKUTA-AKA
10mar2026,10mar2026,collect:iXkDsofggruMhHzE,1001343,10mar2026,UNDER TREE,24mar2026,UNDER TREE,7.9250317,3.2332633,222.8,3.266,5f025d10-1370-4f15-9658-96ec936b9e67,10mar2026,43,1001343,127,OYO,IWAJOWA,SABI GANA IV,ABA MATHEW,2046. OYO,23963. IWAJOWA,7349. SABI GANA IV,1001343. ABA MATHEW
10mar2026,10mar2026,collect:S3Av50CaxAKwLY9i,1001344,10mar2026,Under the Tree,25mar2026,Under the Tree,7.8720141,3.2322516,210.810791,4.824,c79211b5-66c2-4cf1-985b-e7e52ca894cc,10mar2026,36,1001344,125,OYO,IWAJOWA,SABI GANA IV,ADEJUMO VILLAGE,2046. OYO,23963. IWAJOWA,7349. SABI GANA IV,1001344. ADEJUMO VILLAGE
01jan1970,10mar2026,collect:0K8456pcYuyO3tU0,1001345,10mar2026,Baale House,26mar2026,UNDER TREE,7.8903831,3.2333896,212.9841309,4.288,8e9e7ba8-0bee-488e-9029-672a260a5312,10mar2026,42,1001345,130,OYO,IWAJOWA,SABI GANA IV,ADEROGBA,2046. OYO,23963. IWAJOWA,7349. SABI GANA IV,1001345. ADEROGBA
11mar2026,11mar2026,collect:S3Av50CaxAKwLY9i,1001346,12mar2026,Under the Tree,31mar2026,Under the Tree,7.977669,3.2445666,297.1055908203125,4.824,66c8b250-a387-4738-9b61-a588ac14c4bc,12mar2026,86,1001346,131,OYO,IWAJOWA,SABI GANA IV,AJASE,2046. OYO,23963. IWAJOWA,7349. SABI GANA IV,1001346. AJASE
11mar2026,11mar2026,collect:S3Av50CaxAKwLY9i,1001347,11mar2026,Under the Tree,27mar2026,Under the Tree,8.000883999999999,3.1498871,236.6258544921875,4.288,e3ffca11-7f00-43c3-9095-206b01a30d0b,11mar2026,55,1001347,132,OYO,IWAJOWA,SABI GANA IV,APATA IBADAN,2046. OYO,23963. IWAJOWA,7349. SABI GANA IV,1001347. APATA IBADAN
01jan1970,01jan1970,collect:0K8456pcYuyO3tU0,1001348,10mar2026,UNDER TREE,25mar2026,UNDER TREE,7.9125105,3.2298038,205.0545654296875,4.716,485f123d-6530-44f8-a0e4-f6c74d2d59b8,10mar2026,41,1001348,129,OYO,IWAJOWA,SABI GANA IV,BALOGUN,2046. OYO,23963. IWAJOWA,7349. SABI GANA IV,1001348. BALOGUN
10mar2026,10mar2026,collect:S3Av50CaxAKwLY9i,1001349,10mar2026,Under the Tree,26mar2026,Under the Tree,7.8987723,3.2337005,236.6258544921875,4.824,8fe8066b-6245-4a5d-8c6b-daee221bae40,10mar2026,37,1001349,128,OYO,IWAJOWA,SABI GANA IV,KAREEM VILLAGE,2046. OYO,23963. IWAJOWA,7349. SABI GANA IV,1001349. KAREEM VILLAGE
10mar2026,10mar2026,collect:S3Av50CaxAKwLY9i,1001350,10mar2026,Under the big tree,24mar2026,Under the Tree,7.8598709,3.2281914,426.3105469,4.288,71407d58-942d-4548-b007-d040d5bfa6f0,10mar2026,35,1001350,126,OYO,IWAJOWA,SABI GANA IV,OLOKUNOLA VILLAGE,2046. OYO,23963. IWAJOWA,7349. SABI GANA IV,1001350. OLOKUNOLA VILLAGE
15mar2026,15mar2026,collect:OrOaXn94Q5EbnF9Y,1001351,15mar2026,Oba's palace ,24mar2026,Oba's palace ,7.5330083,4.077315,225.3,4.96,ef155791-a878-4c06-bcdd-2e2a1bf8829a,15mar2026,111,1001351,174,OYO,LAGELU,APATERE/KUFFI/OGUNBODE/OGO,ABA OSUN,2046. OYO,23965. LAGELU,7324. APATERE/KUFFI/OGUNBODE/OGO,1001351. ABA OSUN
16mar2026,17mar2026,collect:m73lkXkdgnffyQ4x,1001355,24mar2026,OSUOLALE COMPOUND,24mar2026,Osuolale Compound,7.529395,4.0285932,277.3304443359375,4.716,fb1cd086-bb66-420f-9202-57a0c2cb14bb,18mar2026,142,1001355,178,OYO,LAGELU,APATERE/KUFFI/OGUNBODE/OGO,BAMIGBOLA,2046. OYO,23965. LAGELU,7324. APATERE/KUFFI/OGUNBODE/OGO,1001355. BAMIGBOLA
16mar2026,16mar2026,collect:YsAYkdUu6EWZgIhf,1001355,16mar2026,Inside Bamigbola Church,25mar2026,"Anglican Church, Bamigbola",7.5424633,4.030189,282.2683105,4.931,20f5aac7-f8a8-4946-80f7-6215b7bf055e,16mar2026,129,1001355,178,OYO,LAGELU,APATERE/KUFFI/OGUNBODE/OGO,BAMIGBOLA,2046. OYO,23965. LAGELU,7324. APATERE/KUFFI/OGUNBODE/OGO,1001355. BAMIGBOLA
17mar2026,17mar2026,collect:m73lkXkdgnffyQ4x,1001358,23mar2026,Chief Bakare Compound Kelebe,23mar2026,Kelebe Compound.,7.5237004,4.0077045,258.4566650390625,4.853,3d89eba2-cbe2-4c3f-8002-63c6cdd3d901,18mar2026,144,1001358,180,OYO,LAGELU,APATERE/KUFFI/OGUNBODE/OGO,KELEBE,2046. OYO,23965. LAGELU,7324. APATERE/KUFFI/OGUNBODE/OGO,1001358. KELEBE
17mar2026,17mar2026,collect:m73lkXkdgnffyQ4x,1001359,24mar2026,KUFFI under Tree,24mar2026,Under the tree at Kuffi,7.5201526,4.0187028,286.2597656,4.898,fc227c89-12ca-4c36-a580-9dabd33c2561,18mar2026,143,1001359,181,OYO,LAGELU,APATERE/KUFFI/OGUNBODE/OGO,KUFI 1,2046. OYO,23965. LAGELU,7324. APATERE/KUFFI/OGUNBODE/OGO,1001359. KUFI 1
13mar2026,13mar2026,collect:OrOaXn94Q5EbnF9Y,1001363,13mar2026,Town hall,17mar2026,Town hall ,7.4973229,4.0905242,216.2,4.433,47e14ec0-4afa-4c02-85f6-1e886e8eb16f,14mar2026,105,1001363,177,OYO,LAGELU,APATERE/KUFFI/OGUNBODE/OGO,ORE,2046. OYO,23965. LAGELU,7324. APATERE/KUFFI/OGUNBODE/OGO,1001363. ORE
15mar2026,15mar2026,collect:OrOaXn94Q5EbnF9Y,1001365,15mar2026,Oja Isale,17mar2026,Isale Oja,7.5387017,4.090815,228.7,4.266,b0e57beb-881e-4b25-aeda-35726279190a,15mar2026,108,1001365,134,OYO,LAGELU,LAGUN,ABESE,2046. OYO,23965. LAGELU,7325. LAGUN,1001365. ABESE
15mar2026,15mar2026,collect:OrOaXn94Q5EbnF9Y,1001369,15mar2026,Ita Alfa ,23mar2026,Ita Alfa ,7.53912,4.0891283,242.9,4.766,e5c5a83a-2d08-45f7-9e9e-5aed73a9d818,15mar2026,109,1001369,137,OYO,LAGELU,LAGUN,ILE ALFA,2046. OYO,23965. LAGELU,7325. LAGUN,1001369. ILE ALFA
15mar2026,15mar2026,collect:OrOaXn94Q5EbnF9Y,1001379,15mar2026,Iwaju Masjid ,23mar2026,Iwaju Masjid ,7.541195,4.0906883,242.3,4.7,8d60cf6a-e22e-4d44-a755-482f7c52aa5d,15mar2026,110,1001379,147,OYO,LAGELU,LAGUN,OKE OJA,2046. OYO,23965. LAGELU,7325. LAGUN,1001379. OKE OJA
15mar2026,15mar2026,collect:OrOaXn94Q5EbnF9Y,1001380,25mar2026,Palace,25mar2026,Oba's palace ,7.5395267,4.092145,222,4.966,ad36f0de-7202-4c32-af57-2aa45758d8a0,15mar2026,107,1001380,146,OYO,LAGELU,LAGUN,ONILAGUN PALACE,2046. OYO,23965. LAGELU,7325. LAGUN,1001380. ONILAGUN PALACE
21mar2026,21mar2026,collect:m73lkXkdgnffyQ4x,1001384,30mar2026,EDUN PALACE,30mar2026,EDUN PALACE,7.4658199,4.0481919,238.3932495117188,3.216,fcdcb634-bd45-4464-bb53-429265737976,21mar2026,152,1001384,164,OYO,LAGELU,LALUPON III,EDUN,2046. OYO,23965. LAGELU,7317. LALUPON III,1001384. EDUN
18mar2026,18mar2026,collect:m73lkXkdgnffyQ4x,1001386,29mar2026,"Elera Compound, Lalupon.",29mar2026,Elera Compound Lalupon.,7.4659887,4.0632898,243.8554077148438,4.853,e686318c-27d6-4b79-9d2d-a86bd08622f0,18mar2026,147,1001386,162,OYO,LAGELU,LALUPON III,ELERA,2046. OYO,23965. LAGELU,7317. LALUPON III,1001386. ELERA
18mar2026,18mar2026,collect:m73lkXkdgnffyQ4x,1001394,28mar2026,OGUNSE MOSQUE,28mar2026,OGUNSE MOSQUE,7.4647322,4.0553579,259.3744506835938,4.63,36649ae5-21ac-4131-9291-288fe87232b7,18mar2026,149,1001394,167,OYO,LAGELU,LALUPON III,OGUNSE,2046. OYO,23965. LAGELU,7317. LALUPON III,1001394. OGUNSE
18mar2026,18mar2026,collect:m73lkXkdgnffyQ4x,1001395,29mar2026,OKE AGO UNDER THE TREE,29mar2026,OKE AGO UNDER THE TREE,7.4686531,4.062158,250.6189575195312,4.337,71fc1bdd-535f-4254-b9fa-27233fc8b002,18mar2026,148,1001395,161,OYO,LAGELU,LALUPON III,OKE AGO,2046. OYO,23965. LAGELU,7317. LALUPON III,1001395. OKE AGO
18mar2026,18mar2026,collect:m73lkXkdgnffyQ4x,1001396,28mar2026,ILE AFUNSO COMPOUND,28mar2026,ILE AFUNSO COMPOUND,7.47155,4.0743535,226.1981201171875,4.347,939d54fb-84d0-4f9f-8580-784555819fb4,18mar2026,150,1001396,166,OYO,LAGELU,LALUPON III,OKE OBA,2046. OYO,23965. LAGELU,7317. LALUPON III,1001396. OKE OBA
18mar2026,18mar2026,collect:m73lkXkdgnffyQ4x,1001397,26mar2026,"Okitimo Community, Lalupon.",26mar2026,"Okitimo Community, Lalupon.",7.4722091,4.0635954,243.2476806640625,4.288,e43ee4ad-0808-49ee-bde4-8c77c2fffd70,18mar2026,145,1001397,168,OYO,LAGELU,LALUPON III,OKITIMO,2046. OYO,23965. LAGELU,7317. LALUPON III,1001397. OKITIMO
18mar2026,18mar2026,collect:m73lkXkdgnffyQ4x,1001400,27mar2026,"It's Baale, Reservoir Lalupon",27mar2026,"Reservoir Area, Lalupon.",7.4680577,4.0636513,254.4760131835938,4.716,ccfa2ee3-52d5-4ab4-aa12-ee67b3a709f6,18mar2026,146,1001400,165,OYO,LAGELU,LALUPON III,RESERVOIR,2046. OYO,23965. LAGELU,7317. LALUPON III,1001400. RESERVOIR
17mar2026,17mar2026,collect:YsAYkdUu6EWZgIhf,1001401,17mar2026,Anifa,17mar2026,Anifa,7.538158,4.0019206,281.0085449,4.645,03db03c9-9788-445c-886f-89abb275a2b0,17mar2026,133,1001401,189,OYO,LAGELU,SAGBE/PABIEKUN,ANIFA,2046. OYO,23965. LAGELU,7323. SAGBE/PABIEKUN,1001401. ANIFA
17mar2026,17mar2026,collect:YsAYkdUu6EWZgIhf,1001407,17mar2026,Ogunranti,17mar2026,Hospital field,7.5413405,4.004939,287.6513672,4.288,3bba63af-b76f-4f38-b240-3f6e4d8454e4,17mar2026,131,1001407,190,OYO,LAGELU,SAGBE/PABIEKUN,OGUNRANTI,2046. OYO,23965. LAGELU,7323. SAGBE/PABIEKUN,1001407. OGUNRANTI
10mar2026,10mar2026,collect:7a2Mk56obMNzr50S,1001409,10mar2026,Community Square Alasoko,24mar2026,Community Square Alasoko,7.9389142,4.157059,343.5640869140625,3.216,2118a25d-0c7b-4c6a-9293-64c1635f7aa2,10mar2026,40,1001409,195,OYO,OGO OLUWA,AJAAWA II,ALASOOKO/OLOMOOBA/LADANU,2046. OYO,23968. OGO-OLUWA,7309. AJAAWA II,1001409. ALASOOKO/OLOMOOBA/LADANU
11mar2026,11mar2026,collect:7a2Mk56obMNzr50S,1001410,11mar2026,Community Square,24mar2026,Community Square,7.965777,4.1410389,354.5372314453125,3.216,257e2a42-cab5-44e6-8769-7498c51779b9,12mar2026,60,1001410,196,OYO,OGO OLUWA,AJAAWA II,ANIKAN,2046. OYO,23968. OGO-OLUWA,7309. AJAAWA II,1001410. ANIKAN
10mar2026,10mar2026,collect:7a2Mk56obMNzr50S,1001411,10mar2026,Community Square,25mar2026,Community Square,7.9512295,4.1316332,327.2367553710938,4.824,efc99722-ee0f-4413-89b4-d834d502c363,10mar2026,38,1001411,193,OYO,OGO OLUWA,AJAAWA II,KAJOLA ALAGBARA,2046. OYO,23968. OGO-OLUWA,7309. AJAAWA II,1001411. KAJOLA ALAGBARA
11mar2026,11mar2026,collect:7a2Mk56obMNzr50S,1001412,11mar2026,Community Square,26mar2026,Community Square,7.9721733,4.154065,355.315918,3.216,e38a3b5c-04f5-4d41-9567-1f7d4aefe7e8,12mar2026,59,1001412,194,OYO,OGO OLUWA,AJAAWA II,OBANISUWA,2046. OYO,23968. OGO-OLUWA,7309. AJAAWA II,1001412. OBANISUWA
10mar2026,10mar2026,collect:7a2Mk56obMNzr50S,1001413,10mar2026,Community Square,25mar2026,Community Square,7.9348073,4.1319434,335.9929199,3.644,546c5db6-bd2f-4ad0-8512-1d8931d4b3f3,10mar2026,39,1001413,191,OYO,OGO OLUWA,AJAAWA II,OKE POAT,2046. OYO,23968. OGO-OLUWA,7309. AJAAWA II,1001413. OKE POAT
11mar2026,11mar2026,collect:7a2Mk56obMNzr50S,1001414,11mar2026,Community Square,26mar2026,Community Square,7.9670725,4.1366879,343.3033447265625,3.216,aeb15351-ddca-4b22-bcd4-38718e8aa98a,12mar2026,61,1001414,192,OYO,OGO OLUWA,AJAAWA II,PARAPO/ALAGBON,2046. OYO,23968. OGO-OLUWA,7309. AJAAWA II,1001414. PARAPO/ALAGBON
12mar2026,13mar2026,collect:7a2Mk56obMNzr50S,1001415,12mar2026,Community Square,31mar2026,Community Square,8.008767600000001,4.1378379,321.7801513671875,3.216,65d428db-f966-4129-8261-24f438a3686f,13mar2026,96,1001415,201,OYO,OGO OLUWA,AYEDE,ALAWUSA OKE OBA/ALABAMETA,2046. OYO,23968. OGO-OLUWA,7308. AYEDE,1001415. ALAWUSA OKE OBA/ALABAMETA
12mar2026,13mar2026,collect:7a2Mk56obMNzr50S,1001416,12mar2026,Palace,31mar2026,Community Square,8.030404600000001,4.1492817,320.8814697265625,3.573,918fa4e9-684a-480b-b219-e872b895c8bd,13mar2026,95,1001416,200,OYO,OGO OLUWA,AYEDE,ALAWUSA OLOYE,2046. OYO,23968. OGO-OLUWA,7308. AYEDE,1001416. ALAWUSA OLOYE
12mar2026,13mar2026,collect:7a2Mk56obMNzr50S,1001417,12mar2026,Community Square,01apr2026,Community Square,7.9813505,4.1366632,342.0168457,3.859,9f03086f-fa98-4914-a4b3-b8a270f45947,13mar2026,97,1001417,199,OYO,OGO OLUWA,AYEDE,AYEDE,2046. OYO,23968. OGO-OLUWA,7308. AYEDE,1001417. AYEDE
12mar2026,13mar2026,collect:7a2Mk56obMNzr50S,1001418,12mar2026,Community Square,01apr2026,Community Square,7.9839671,4.1490158,344.0849609,3.216,58ec1915-beaa-444a-809e-061a3d118865,13mar2026,98,1001418,197,OYO,OGO OLUWA,AYEDE,ODOFO,2046. OYO,23968. OGO-OLUWA,7308. AYEDE,1001418. ODOFO
12mar2026,13mar2026,collect:7a2Mk56obMNzr50S,1001419,12mar2026,Community Square,02apr2026,Community Square,7.9948096,4.1513751,366.2658691,3.752,8c6c7595-f7b6-4b81-8f25-98cf8b74bad9,13mar2026,99,1001419,198,OYO,OGO OLUWA,AYEDE,ONIPELE,2046. OYO,23968. OGO-OLUWA,7308. AYEDE,1001419. ONIPELE
11mar2026,11mar2026,collect:OPqKDZLm3cUu1MoI,1001420,11mar2026,Infront of Baale House,24mar2026,Infront of Baale house,8.356563299999999,4.160098,443.7291870117188,4.645,a7af5a15-7b96-4dfb-afc4-8ce5bc72c29f,12mar2026,62,1001420,213,OYO,ORI IRE,ORI IRE II,BUDO ALFAA,2046. OYO,23973. ORI-IRE,7261. ORI IRE II,1001420. BUDO ALFAA
10mar2026,10mar2026,collect:OPqKDZLm3cUu1MoI,1001421,10mar2026,Infront Of Baale House,25mar2026,Infront of the Baale House,8.338236500000001,4.2324863,424.1815185546875,4.109,5eed84a9-ebe6-4482-a1a4-8eaab5433eb2,10mar2026,25,1001421,206,OYO,ORI IRE,ORI IRE II,BUDO ODE ISALE,2046. OYO,23973. ORI-IRE,7261. ORI IRE II,1001421. BUDO ODE ISALE
10mar2026,10mar2026,collect:OPqKDZLm3cUu1MoI,1001422,10mar2026,Baale house,25mar2026,"Under the tree , beside Baale house",8.335797899999999,4.228508,422.4187012,4.931,97388f0c-7ec5-495a-8e5b-342dd9bebb6c,10mar2026,24,1001422,205,OYO,ORI IRE,ORI IRE II,BUDO ODE OKE,2046. OYO,23973. ORI-IRE,7261. ORI IRE II,1001422. BUDO ODE OKE
11mar2026,11mar2026,collect:OPqKDZLm3cUu1MoI,1001423,11mar2026,Infront of Baale house,18mar2026,Infront of Baale house,8.3321589,4.1481439,452.6415405273438,3.216,e9ea54e2-2554-4232-9a61-7eb8d7846de2,12mar2026,63,1001423,204,OYO,ORI IRE,ORI IRE II,GBALA/OLOSE,2046. OYO,23973. ORI-IRE,7261. ORI IRE II,1001423. GBALA/OLOSE
13mar2026,13mar2026,collect:OPqKDZLm3cUu1MoI,1001424,13mar2026,Infront of Baale House,31mar2026,"Under the tree ,Near Baale house",8.3831817,4.1762173,433.4416504,4.556,ba6e23ac-8477-46ec-8abd-7f8179210f0d,13mar2026,102,1001424,211,OYO,ORI IRE,ORI IRE II,IGBO ELERU,2046. OYO,23973. ORI-IRE,7261. ORI IRE II,1001424. IGBO ELERU
10mar2026,10mar2026,collect:GwHcElQOY8aGU7bs,1001425,10mar2026,"Baale, house",17mar2026,"Baale house , opposite ibola model college",8.3207544,4.1996646,401.5812377929688,4.02,641d4e87-21c8-4b0d-8552-bed9901757eb,10mar2026,13,1001425,214,OYO,ORI IRE,ORI IRE II,ILLA,2046. OYO,23973. ORI-IRE,7261. ORI IRE II,1001425. ILLA
09mar2026,09mar2026,collect:OPqKDZLm3cUu1MoI,1001427,17mar2026,"Oladele ,mogaji house",17mar2026,"Oladele ,baale house",8.3756088,4.2497636,388.4092407226562,4.931,f2bd156b-44d4-4bb1-b318-afc5a2998e0a,10mar2026,21,1001427,215,OYO,ORI IRE,ORI IRE II,LADELE,2046. OYO,23973. ORI-IRE,7261. ORI IRE II,1001427. LADELE
09mar2026,09mar2026,collect:OPqKDZLm3cUu1MoI,1001427,09mar2026,Baale House,17mar2026,Baale house oladele,8.375566600000001,4.2497344,381.0736694335938,4.288,25e3d38e-7a26-4135-a0c6-de20a4f4d984,10mar2026,23,1001427,215,OYO,ORI IRE,ORI IRE II,LADELE,2046. OYO,23973. ORI-IRE,7261. ORI IRE II,1001427. LADELE
13mar2026,13mar2026,collect:OPqKDZLm3cUu1MoI,1001428,13mar2026,Infront of Baale house,27mar2026,Infront of Baale House,8.3433414,4.1786298,403.6306152,4.288,07df514e-2a15-4d38-91ed-16e183ddb7d7,13mar2026,100,1001428,203,OYO,ORI IRE,ORI IRE II,OLOORU,2046. OYO,23973. ORI-IRE,7261. ORI IRE II,1001428. OLOORU
09mar2026,09mar2026,collect:OPqKDZLm3cUu1MoI,1001429,09mar2026,Primary school oloya,16mar2026,Primary school oloya,8.3398878,4.2002109,422.8393555,4.931,fbc9aa1b-d1db-4e74-861c-408ffd9965ec,10mar2026,22,1001429,207,OYO,ORI IRE,ORI IRE II,OLOYA IJU,2046. OYO,23973. ORI-IRE,7261. ORI IRE II,1001429. OLOYA IJU
11mar2026,11mar2026,collect:GwHcElQOY8aGU7bs,1001430,11mar2026,"L.A basic school, Tewure",24mar2026,"L.A basic school, Tewure",8.319677799999999,4.2118328,417.2118530273438,4.931,5dddc4d4-1926-4387-8283-3e702dccaa91,11mar2026,50,1001430,209,OYO,ORI IRE,ORI IRE II,TEWURE ISALE,2046. OYO,23973. ORI-IRE,7261. ORI IRE II,1001430. TEWURE ISALE
10mar2026,10mar2026,collect:GwHcElQOY8aGU7bs,1001431,10mar2026,"Baale tewure, palace",23mar2026,Tewure Zonal office,8.320952500000001,4.2153099,398.958252,4.716,d2f2246b-0c1d-413f-ab3f-bd3ec930b2ec,10mar2026,14,1001431,202,OYO,ORI IRE,ORI IRE II,TEWURE OJA,2046. OYO,23973. ORI-IRE,7261. ORI IRE II,1001431. TEWURE OJA
11mar2026,11mar2026,collect:GwHcElQOY8aGU7bs,1001432,11mar2026,Market hall,18mar2026,"Market place , beside transformer",8.325412800000001,4.2090765,416.0955810546875,3.216,bdb28880-fee4-4a09-8936-01cfc906ae97,11mar2026,49,1001432,208,OYO,ORI IRE,ORI IRE II,TEWURE OKE,2046. OYO,23973. ORI-IRE,7261. ORI IRE II,1001432. TEWURE OKE
12mar2026,13mar2026,collect:OPqKDZLm3cUu1MoI,1001433,12mar2026,Infront of Baale house ,30mar2026,Infront of Baale house,8.322310399999999,4.2091208,423.1069336,4.288,c1f5a798-0cba-4fe7-af95-43f07243bf52,13mar2026,101,1001433,210,OYO,ORI IRE,ORI IRE II,TEWURE ORITA,2046. OYO,23973. ORI-IRE,7261. ORI IRE II,1001433. TEWURE ORITA
12mar2026,12mar2026,collect:GwHcElQOY8aGU7bs,1001434,12mar2026,"Alapete, primary school",26mar2026,"Alapete , primary school",8.4642822,4.2126414,394.9212646484375,4.288,664a993f-3bab-45db-9b88-3cb05cfa3dd0,12mar2026,65,1001434,219,OYO,ORI IRE,ORI IRE IV,ALAPETE,2046. OYO,23973. ORI-IRE,7263. ORI IRE IV,1001434. ALAPETE
12mar2026,12mar2026,collect:GwHcElQOY8aGU7bs,1001435,12mar2026,Alawowo,25mar2026,"Community leader, house",8.441373199999999,4.1852199,366.1235352,4.645,f3dcdbe3-a612-49cc-9946-c867e10a2c07,12mar2026,66,1001435,220,OYO,ORI IRE,ORI IRE IV,ALAWEWO,2046. OYO,23973. ORI-IRE,7263. ORI IRE IV,1001435. ALAWEWO
12mar2026,12mar2026,collect:GwHcElQOY8aGU7bs,1001436,12mar2026,"Animoje, beside the mosque",26mar2026,"Animoje, beside the mosque",8.4661942,4.2283613,383.4558105,4.288,0e564565-3942-4128-9822-d7fdb35fbca0,12mar2026,64,1001436,216,OYO,ORI IRE,ORI IRE IV,ANIMOJE,2046. OYO,23973. ORI-IRE,7263. ORI IRE IV,1001436. ANIMOJE
09mar2026,09mar2026,collect:GwHcElQOY8aGU7bs,1001437,19mar2026,Baale house,19mar2026,"Baale house , ideji okebe",8.4502083,4.3110367,387.7919922,4.288,a7985eff-eb84-4714-be32-47b873a754f0,09mar2026,4,1001437,218,OYO,ORI IRE,ORI IRE IV,IDEJI OKEBE,2046. OYO,23973. ORI-IRE,7263. ORI IRE IV,1001437. IDEJI OKEBE
12mar2026,12mar2026,collect:GwHcElQOY8aGU7bs,1001438,12mar2026,"Baale,s house",25mar2026,"Igbo ayin , primary school",8.461533299999999,4.1730719,391.9219970703125,4.466,55463a4e-0f1e-464c-9b36-c713b7d89998,12mar2026,81,1001438,221,OYO,ORI IRE,ORI IRE IV,IGBO AYIN,2046. OYO,23973. ORI-IRE,7263. ORI IRE IV,1001438. IGBO AYIN
12mar2026,12mar2026,collect:GwHcElQOY8aGU7bs,1001439,12mar2026,Onigbin,30mar2026,"Onigbin, village",8.480639200000001,4.1603289,391.9219970703125,4.824,c19f8235-930f-4f0f-8c4b-faddace6f934,12mar2026,82,1001439,223,OYO,ORI IRE,ORI IRE IV,OKE ONIGBIN,2046. OYO,23973. ORI-IRE,7263. ORI IRE IV,1001439. OKE ONIGBIN
11mar2026,11mar2026,collect:GwHcElQOY8aGU7bs,1001440,11mar2026,"Okeigba-Alfaa, beside the mosque",16mar2026,"Okeigba-Alfaa, beside the mosque",8.4178441,4.2492353,416.0955810546875,4.716,29d99e21-6480-4ee7-aa81-793c32cbd42b,11mar2026,47,1001440,217,OYO,ORI IRE,ORI IRE IV,OKEIGBA-ALFAA,2046. OYO,23973. ORI-IRE,7263. ORI IRE IV,1001440. OKEIGBA-ALFAA
23mar2026,23mar2026,collect:QDCGQ7WosiL1Nacr,1001451,23mar2026,Akinlapa area aba adedunta,01apr2026,Akinlapa area aba adeduntan ago amodu,8.618572,3.6122784,391.1831665039062,4.288,092ab3a1-62bd-43da-ab9d-491238f24934,23mar2026,154,1001451,237,OYO,SAKI EAST,AGO AMODU II,ABA ADEDUNTAN MADAJI,2046. OYO,23976. SAKI EAST,7253. AGO AMODU II,1001451. ABA ADEDUNTAN MADAJI
23mar2026,23mar2026,collect:vhlx01ntheOmrbe0,1001452,24mar2026,BALE ABA AJAKU ,03apr2026,"BALE ABA AJAKU COMPOUND, BABA MALIK",8.6243585,3.6155824,383.4736328,4.402,a3a251e7-c5f6-4f54-8b1f-894172473c97,23mar2026,165,1001452,249,OYO,SAKI EAST,AGO AMODU II,ABA AJAKU,2046. OYO,23976. SAKI EAST,7253. AGO AMODU II,1001452. ABA AJAKU
23mar2026,23mar2026,collect:QDCGQ7WosiL1Nacr,1001453,23mar2026,Commissioner Akande compound Aba alade,01apr2026,Bisimilai area Aba Alade Ago amodu,8.6195211,3.6078233,392.8892822265625,4.288,6ffbaa88-39c8-444a-9080-f45f1bbb0422,23mar2026,156,1001453,235,OYO,SAKI EAST,AGO AMODU II,ABA ALADE,2046. OYO,23976. SAKI EAST,7253. AGO AMODU II,1001453. ABA ALADE
23mar2026,23mar2026,collect:vhlx01ntheOmrbe0,1001456,24mar2026,ABA BABA ILORIN COMPOUND,03apr2026,"BALE ABA ILORIN COMPOUND, BABA LAYI",8.6268598,3.61603,395.9039306640625,4.873,5e88d397-9368-4f83-8874-f2801dc25aab,23mar2026,166,1001456,248,OYO,SAKI EAST,AGO AMODU II,ABA BABA ILORIN,2046. OYO,23976. SAKI EAST,7253. AGO AMODU II,1001456. ABA BABA ILORIN
23mar2026,23mar2026,collect:vhlx01ntheOmrbe0,1001459,24mar2026,"ABA ELEKUKU, CHEIF ALAPO COMPOUND",31mar2026,BALE ABA ELEKUKU Compound,8.6175341,3.6180947,393.8974609,4.931,102e3ea4-fc3a-41cf-ac70-271814bf09b7,23mar2026,164,1001459,243,OYO,SAKI EAST,AGO AMODU II,ABA ELEKUKU,2046. OYO,23976. SAKI EAST,7253. AGO AMODU II,1001459. ABA ELEKUKU
23mar2026,23mar2026,collect:QDCGQ7WosiL1Nacr,1001461,23mar2026,Akinlapa II aba square Ago amodu,02apr2026,AKINLAPA COMPOUND ABA SAKARE AGO AMODU,8.622404700000001,3.612059,355.0917969,4.288,e33cfe69-eff5-4786-bbe7-607f38cb2901,23mar2026,157,1001461,247,OYO,SAKI EAST,AGO AMODU II,ABA SAKARE,2046. OYO,23976. SAKI EAST,7253. AGO AMODU II,1001461. ABA SAKARE
23mar2026,23mar2026,collect:vhlx01ntheOmrbe0,1001462,04apr2026,BALE GAA ALH AFE COMPOUND,06apr2026,"GAA ALH AFE, MURI OBA ",8.6271868,3.6136514,379.9931641,4.824,a339b41c-a471-472d-9b7e-7cb767818c49,23mar2026,167,1001462,236,OYO,SAKI EAST,AGO AMODU II,GAA ALH. AAFE,2046. OYO,23976. SAKI EAST,7253. AGO AMODU II,1001462. GAA ALH. AAFE
23mar2026,23mar2026,collect:vhlx01ntheOmrbe0,1001464,23mar2026,Gaa Balogun compound,30mar2026,BALOGUN COMPOUND,8.6206853,3.6120361,383.1500854492188,4.824,46095635-ac98-4f05-9393-8782e3d9f9e3,23mar2026,162,1001464,234,OYO,SAKI EAST,AGO AMODU II,GAA BALOGUN,2046. OYO,23976. SAKI EAST,7253. AGO AMODU II,1001464. GAA BALOGUN
23mar2026,23mar2026,collect:vhlx01ntheOmrbe0,1001465,24mar2026,BAALE GAA GOROYA COMPOUND,07apr2026,GAA GOROYA SULE WEWE,8.623481699999999,3.6126523,387.3586426,3.9,3d34f6f1-76d0-4b33-b5e6-be3aa1eb78c7,23mar2026,168,1001465,246,OYO,SAKI EAST,AGO AMODU II,GAA GOROYA,2046. OYO,23976. SAKI EAST,7253. AGO AMODU II,1001465. GAA GOROYA
23mar2026,23mar2026,collect:vhlx01ntheOmrbe0,1001466,23mar2026,Gaa jowuro,30mar2026,BAALE GAA JOWURO OKE AYO,8.618381100000001,3.6109013,394.8571166992188,4.873,9261285e-96a4-407e-9762-19a824227d23,23mar2026,163,1001466,233,OYO,SAKI EAST,AGO AMODU II,GAA JOWURO,2046. OYO,23976. SAKI EAST,7253. AGO AMODU II,1001466. GAA JOWURO
23mar2026,23mar2026,collect:QDCGQ7WosiL1Nacr,1001467,23mar2026,Oke Sunna gaa majo ago amodu,02apr2026,Oke Sunna gaa majo ago amodu,8.6173582,3.6138234,407.675293,4.288,a298ca4e-4e33-48d4-a773-d5fca1c4546b,23mar2026,155,1001467,244,OYO,SAKI EAST,AGO AMODU II,GAA MAAJO,2046. OYO,23976. SAKI EAST,7253. AGO AMODU II,1001467. GAA MAAJO
23mar2026,23mar2026,collect:vhlx01ntheOmrbe0,1001468,23mar2026,BAALE ABA AGBAGBA COMPOUND OKE ALUBARIKA,10apr2026,ABA AGBAGBA OKE ALUBARIKA,8.6242088,3.6505541,390.8415527,3.9,d6fc3dfd-1eec-4835-b74f-9e4c86033467,23mar2026,171,1001468,255,OYO,SAKI EAST,SEPETERI I,ABA AGBAAGBA,2046. OYO,23976. SAKI EAST,7245. SEPETERI I,1001468. ABA AGBAAGBA
23mar2026,23mar2026,collect:QDCGQ7WosiL1Nacr,1001470,24mar2026,Ogbooro compound Aba Agoro sepeteri,13apr2026,Ogbooro compound Aba Agoro sepeteri,8.6255898,3.6452387,368.3744506835938,4.288,09e0e601-0dbb-4f77-96c3-0e9183291219,23mar2026,160,1001470,257,OYO,SAKI EAST,SEPETERI I,ABA AGORO,2046. OYO,23976. SAKI EAST,7245. SEPETERI I,1001470. ABA AGORO
23mar2026,23mar2026,collect:vhlx01ntheOmrbe0,1001471,23mar2026,ABA ALH BAKO,13apr2026,ABA ALH BAKO AYINLA OKE AGORO,8.6237709,3.6459461,379.7201538085938,4.99,a62c0965-0f3d-45a7-bfd9-07afa37c213f,23mar2026,170,1001471,256,OYO,SAKI EAST,SEPETERI I,ABA ALH. BAKO,2046. OYO,23976. SAKI EAST,7245. SEPETERI I,1001471. ABA ALH. BAKO
24mar2026,24mar2026,collect:kZ8tgBHcyiGZ8StV,1001473,24mar2026,BAALE ABA ARIWO COMPOUND,22apr2026,BAALE ABA ARIWO COMPOUND,8.7076343,3.7082168,434.8318481445312,4.02,67dbb05b-1aa7-43ff-82ab-cfdf4ffe4bdf,24mar2026,175,1001473,252,OYO,SAKI EAST,SEPETERI I,ABA ARIWO,2046. OYO,23976. SAKI EAST,7245. SEPETERI I,1001473. ABA ARIWO
23mar2026,23mar2026,collect:QDCGQ7WosiL1Nacr,1001474,23mar2026,Modern compound Aba Ayanwale,14apr2026,Modede compound Aba Ayanwale,8.628257100000001,3.6468714,374.2900391,4.288,cf551f1b-594e-4281-8806-d32b513050d3,23mar2026,161,1001474,258,OYO,SAKI EAST,SEPETERI I,ABA AYANWALE,2046. OYO,23976. SAKI EAST,7245. SEPETERI I,1001474. ABA AYANWALE
25mar2026,25mar2026,collect:QDCGQ7WosiL1Nacr,1001476,25mar2026,Oba. Compound,25mar2026,Oba compound,8.5199304,3.6640749,397.8029174804688,4.716,a7a15b8d-a4d8-4434-bd53-648621f3ea8c,25mar2026,186,1001476,259,OYO,SAKI EAST,SEPETERI I,ABA GOMINA,2046. OYO,23976. SAKI EAST,7245. SEPETERI I,1001476. ABA GOMINA
25mar2026,25mar2026,collect:QDCGQ7WosiL1Nacr,1001477,25mar2026,Bale compound lukutu aba juku Alamisi sepeteri,25apr2026,Bale compound lukutu aba juku Alamisi sepeteri,8.628882000000001,3.630627,373.6752319335938,4.502,d3f5e684-8399-4159-a1ca-77cf96b0e0f0,25mar2026,187,1001477,260,OYO,SAKI EAST,SEPETERI I,ABA JUKU ALAMISI,2046. OYO,23976. SAKI EAST,7245. SEPETERI I,1001477. ABA JUKU ALAMISI
24mar2026,24mar2026,collect:NHfBoNE1ycepioxW,1001478,24mar2026,"Agoro compound,aba ode,sepeteri",16apr2026,Agoro compound aba ode sepeteri,8.6257591,3.6440275,367.5157470703125,4.716,2c9bb96d-28f5-4604-9fe6-fc0f158d6dd8,24mar2026,173,1001478,267,OYO,SAKI EAST,SEPETERI I,ABA ODE,2046. OYO,23976. SAKI EAST,7245. SEPETERI I,1001478. ABA ODE
23mar2026,23mar2026,collect:QDCGQ7WosiL1Nacr,1001479,23mar2026,Oke oope compound Aba olosha sepeteri,08apr2026,Oke oope compound Aba olosha sepeteri,8.6277633,3.6444911,368.9327392578125,4.288,4762e2f6-d70c-445b-b4ab-6fc14eef700b,23mar2026,159,1001479,251,OYO,SAKI EAST,SEPETERI I,ABA OLOOSHA,2046. OYO,23976. SAKI EAST,7245. SEPETERI I,1001479. ABA OLOOSHA
23mar2026,23mar2026,collect:QDCGQ7WosiL1Nacr,1001480,23mar2026,,,,,,,,,,,,,,,,,,,,
Alodo compound Aba opo sepeteri,10apr2026,Sulaimon smart shop aba opo sepeteri,8.628767,3.6357757,367.0437012,4.288,bfaee0b5-5090-4b4c-9d6c-69b5b981c28d,23mar2026,158,1001480,254,OYO,SAKI EAST,SEPETERI I,ABA OPO,2046. OYO,23976. SAKI EAST,7245. SEPETERI I,1001480. ABA OPO,,,,,
24mar2026,24mar2026,collect:NHfBoNE1ycepioxW,1001482,24mar2026,ILE ASU ABA SABATA SEPETERI,21apr2026,ASU COMPOUND ABA SABATA ISALE ASU SEPETERI,8.630386700000001,3.6430757,372.4708251953125,4.63,6682a6ff-c41a-4a16-889a-b0ccd5030dd3,24mar2026,180,1001482,253,OYO,SAKI EAST,SEPETERI I,ABA SABATA OKE ODO,2046. OYO,23976. SAKI EAST,7245. SEPETERI I,1001482. ABA SABATA OKE ODO
23mar2026,23mar2026,collect:vhlx01ntheOmrbe0,1001482,24mar2026,BAALE ABA SABATA OKE ODO,09apr2026,BAALE ABA SABATA OKE compound,8.6265062,3.6460641,383.3251953,4.931,af9b3f59-a3a3-4d20-bec0-d959b33ab4a2,23mar2026,169,1001482,253,OYO,SAKI EAST,SEPETERI I,ABA SABATA OKE ODO,2046. OYO,23976. SAKI EAST,7245. SEPETERI I,1001482. ABA SABATA OKE ODO
23mar2026,23mar2026,collect:vhlx01ntheOmrbe0,1001484,23mar2026,GAA ALHAJI SURUMO ,08apr2026,GAA ALHAJI SURUMO OKE YIDI,8.633857799999999,3.6467079,371.8553466796875,4.898,b0105de6-402c-49ba-a779-129f101025d7,23mar2026,172,1001484,250,OYO,SAKI EAST,SEPETERI I,GAA ALH. SURUMO,2046. OYO,23976. SAKI EAST,7245. SEPETERI I,1001484. GAA ALH. SURUMO
24mar2026,24mar2026,collect:NHfBoNE1ycepioxW,1001486,24mar2026,ILE ALOGUNLODE ISALE ABA AMOLESE,17apr2026,ALOGUNLODE ISALE ABA AMOLESE SEPETERI,8.6324665,3.6419695,351.9245605,4.63,a056bc0c-f8d7-45e5-87ce-8178c193678d,24mar2026,179,1001486,269,OYO,SAKI EAST,SEPETERI IV,ABA AMOLESE,2046. OYO,23976. SAKI EAST,7246. SEPETERI IV,1001486. ABA AMOLESE
24mar2026,24mar2026,collect:kZ8tgBHcyiGZ8StV,1001487,24mar2026,BAALE ABA BARA GODI,23apr2026,BAALE ABA BARA GODI,8.6303894,3.6446869,359.5529174804688,4.502,14eed31f-16bc-4fd5-94ab-4f8d810f2989,24mar2026,176,1001487,277,OYO,SAKI EAST,SEPETERI IV,ABA BARA GODI,2046. OYO,23976. SAKI EAST,7246. SEPETERI IV,1001487. ABA BARA GODI
24mar2026,24mar2026,collect:NHfBoNE1ycepioxW,1001488,24mar2026,Ajijola iya compound Aba Juku bio sepeteri,22mar2026,Ajijola iya compound isale ola aba juku bio sepeteri,8.629084000000001,3.6417076,366.9097290039062,4.938,da2e70af-3f80-481b-a73b-230af7175b58,24mar2026,178,1001488,274,OYO,SAKI EAST,SEPETERI IV,ABA JUKU BIO,2046. OYO,23976. SAKI EAST,7246. SEPETERI IV,1001488. ABA JUKU BIO
24mar2026,24mar2026,collect:NHfBoNE1ycepioxW,1001490,24mar2026,ILE OLOORO OJU OJA ABA SAKALA,20apr2026,ILE OLOORO OJU OJA ABA SAKALA SEPETERI,8.627586000000001,3.6436371,368.3238525390625,4.288,a8fe55e5-8d9b-4092-8610-3ec99ad50dd4,24mar2026,182,1001490,270,OYO,SAKI EAST,SEPETERI IV,ABA SAKALA,2046. OYO,23976. SAKI EAST,7246. SEPETERI IV,1001490. ABA SAKALA
24mar2026,24mar2026,collect:NHfBoNE1ycepioxW,1001491,24mar2026,Seriki compound gaa abdullah onkosa,21apr2026,Seriki compound oke Tasi Gaa abdullah onkosa,8.627269500000001,3.638481,369.4089965820312,4.63,680e481e-954b-4cab-8818-7c224b3381dc,24mar2026,185,1001491,273,OYO,SAKI EAST,SEPETERI IV,GAA ABDULLAH ONKOSA,2046. OYO,23976. SAKI EAST,7246. SEPETERI IV,1001491. GAA ABDULLAH ONKOSA
24mar2026,24mar2026,collect:NHfBoNE1ycepioxW,1001492,24mar2026,Olori compound gaa sanni bele,22apr2026,Olori compound gaa sanni bele,8.6267885,3.642046,359.4906616210938,4.63,856c2401-ba75-47d6-ad31-81d003df9acc,24mar2026,177,1001492,275,OYO,SAKI EAST,SEPETERI IV,GAA SANNI BELE,2046. OYO,23976. SAKI EAST,7246. SEPETERI IV,1001492. GAA SANNI BELE
24mar2026,24mar2026,collect:NHfBoNE1ycepioxW,1001494,24mar2026,Alabede compound oke Tasi Gaa Yarmo Yayun,23apr2026,Alabede compound oke Tasi Gaa Yarmo yayun,8.6261308,3.6389692,371.5705566,4.873,5570860b-9e9f-48aa-9962-f05ffba64f9d,24mar2026,184,1001494,276,OYO,SAKI EAST,SEPETERI IV,GAA YERMO YAYUN,2046. OYO,23976. SAKI EAST,7246. SEPETERI IV,1001494. GAA YERMO YAYUN
13mar2026,14mar2026,collect:N2hChfSZiEvZAaXG,1001516,14mar2026, ABULE oba Palace,25mar2026,Abule oba Palace ,8.0535324,4.4813541,412.1584473,4.931,15f52be2-728c-4d2e-a7f0-80f286f93641,16mar2026,114,1001516,297,OYO,SURULERE,IREGBA,ABULE OBA,2046. OYO,23978. SURULERE,7241. IREGBA,1001516. ABULE OBA
13mar2026,16mar2026,collect:6p9lNM2GpyTpUDIz,1001517,12mar2026,ALAYIN PALACE,25mar2026,ALAYIN PALACE,8.0442798,4.4647999,407.9952392578125,4.716,d35828b3-ce81-4d14-82c0-899cb817946e,16mar2026,124,1001517,304,OYO,SURULERE,IREGBA,ALAYIN,2046. OYO,23978. SURULERE,7241. IREGBA,1001517. ALAYIN
13mar2026,14mar2026,collect:N2hChfSZiEvZAaXG,1001518,14mar2026,Alugbin open space,27mar2026,Alugbin open space,7.9902228,4.5208221,374.2418212890625,4.466,7c6d77ed-235c-4097-a593-960e622e3c9a,16mar2026,115,1001518,300,OYO,SURULERE,IREGBA,ALUGBIN,2046. OYO,23978. SURULERE,7241. IREGBA,1001518. ALUGBIN
13mar2026,13mar2026,collect:N2hChfSZiEvZAaXG,1001520,13mar2026,Open space at Gaa Iregba,24mar2026,Gaa Iregba open space,8.042575899999999,4.5003604,404.130127,4.466,1e6a3057-30c5-4ec2-8f04-4916b2f732d0,16mar2026,112,1001520,307,OYO,SURULERE,IREGBA,GAA IREGBA,2046. OYO,23978. SURULERE,7241. IREGBA,1001520. GAA IREGBA
13mar2026,14mar2026,collect:0AeSRXCFar1fGMNV,1001521,12mar2026,Ile Baale (idi ori),26mar2026,Ile Baale,8.0629311,4.459018,401.645,1.983,4a560bcb-2489-4f22-bf8b-e48e7ae80362,16mar2026,130,1001521,305,OYO,SURULERE,IREGBA,IDI ORI,2046. OYO,23978. SURULERE,7241. IREGBA,1001521. IDI ORI
13mar2026,16mar2026,collect:6p9lNM2GpyTpUDIz,1001521,12mar2026,BAALE IDIORI HOUSE,26mar2026,ILE BAALE IDI ORI HOUSE,8.063117800000001,4.4590115,445.2592773,4.931,498e0098-d3f8-4834-abaf-160cf6006fab,16mar2026,123,1001521,305,OYO,SURULERE,IREGBA,IDI ORI,2046. OYO,23978. SURULERE,7241. IREGBA,1001521. IDI ORI
13mar2026,14mar2026,collect:N2hChfSZiEvZAaXG,1001522,13mar2026,Aregba palace,30mar2026,Palace premises,8.0560688,4.4889004,440.9855957,4.824,5ebbafff-92b8-4417-9ace-196be532745e,16mar2026,117,1001522,301,OYO,SURULERE,IREGBA,IREGBA ZONE A,2046. OYO,23978. SURULERE,7241. IREGBA,1001522. IREGBA ZONE A
13mar2026,14mar2026,collect:N2hChfSZiEvZAaXG,1001523,13mar2026,CHURCH PREMISES,31mar2026,Church premises,8.0534087,4.4868903,423.6687012,4.502,6b683b1d-2d33-4bda-89a7-40463a3f2329,16mar2026,119,1001523,302,OYO,SURULERE,IREGBA,IREGBA ZONE B,2046. OYO,23978. SURULERE,7241. IREGBA,1001523. IREGBA ZONE B
13mar2026,14mar2026,collect:N2hChfSZiEvZAaXG,1001524,14mar2026,Mosque,30mar2026,Isale olokun mosque,8.0511535,4.4886886,425.1387329101562,4.288,08ab8bd7-660d-4511-b46c-a6b04ad2c57b,16mar2026,118,1001524,303,OYO,SURULERE,IREGBA,IREGBA ZONE C,2046. OYO,23978. SURULERE,7241. IREGBA,1001524. IREGBA ZONE C
13mar2026,16mar2026,collect:6p9lNM2GpyTpUDIz,1001528,12mar2026,"BAALE TEMIDIRE, IREGBA",26mar2026,"ILE BAALE TEMIDIRE, IREGBA",8.062229200000001,4.4466512,428.1792602539062,4.931,37d60114-1f4e-4499-ac28-10d1c357d1db,16mar2026,122,1001528,308,OYO,SURULERE,IREGBA,TEMIDIRE IREGBA,2046. OYO,23978. SURULERE,7241. IREGBA,1001528. TEMIDIRE IREGBA
13mar2026,14mar2026,collect:N2hChfSZiEvZAaXG,1001529,14mar2026,Yakoyo Palace,27mar2026,Yakoyo Palace,8.0714366,4.5104292,407.9751586914062,4.716,b179acae-7400-4f0d-82ab-8f2a3a717916,16mar2026,116,1001529,306,OYO,SURULERE,IREGBA,YAKOYO,2046. OYO,23978. SURULERE,7241. IREGBA,1001529. YAKOYO
12mar2026,16mar2026,collect:6p9lNM2GpyTpUDIz,1001531,09mar2026,"Under the tree, Atile",17mar2026,"Under The Tree, Atile",8.1196365,4.3174578,391.6906738,3.216,d3d8a618-753b-4dfb-93db-18e9abbb4674,16mar2026,128,1001531,317,OYO,SURULERE,IWOFIN,ATILE,2046. OYO,23978. SURULERE,7235. IWOFIN,1001531. ATILE
12mar2026,16mar2026,collect:6p9lNM2GpyTpUDIz,1001533,11mar2026,"Under the tree, Igbedu",23mar2026,"UNDER THE TREE, IGBEDU",8.1988001,4.4746313,424.1795654296875,4.109,37caa909-001e-4d4c-8801-0711b68064ce,16mar2026,126,1001533,318,OYO,SURULERE,IWOFIN,IGBEDU,2046. OYO,23978. SURULERE,7235. IWOFIN,1001533. IGBEDU
12mar2026,14mar2026,collect:N2hChfSZiEvZAaXG,1001534,10mar2026,TEMIDIRE IDI OGUN,16mar2026,TEMIDIRE IDI OGUN PALACE,8.152722499999999,4.3589097,425.4617919921875,4.288,58f64521-94e6-49bd-bd5e-99980992ccad,16mar2026,113,1001534,315,OYO,SURULERE,IWOFIN,KERE,2046. OYO,23978. SURULERE,7235. IWOFIN,1001534. KERE
13mar2026,16mar2026,collect:6p9lNM2GpyTpUDIz,1001535,11mar2026,BAALE ONIMOINMOIN,25mar2026,BAALE HOUSE,8.1289894,4.481355,428.0446777,4.645,7bff7948-2092-4df8-9262-17692a152b7a,16mar2026,125,1001535,319,OYO,SURULERE,IWOFIN,MOINMOIN,2046. OYO,23978. SURULERE,7235. IWOFIN,1001535. MOINMOIN
12mar2026,16mar2026,collect:6p9lNM2GpyTpUDIz,1001536,09mar2026,OGOJO PALACE,16mar2026,OGOGO PALACE,8.119627899999999,4.317515,392.3636474609375,3.216,03dae011-8e2b-4757-bfb6-b094088fe064,16mar2026,120,1001536,316,OYO,SURULERE,IWOFIN,OGOJO,2046. OYO,23978. SURULERE,7235. IWOFIN,1001536. OGOJO
12mar2026,16mar2026,collect:6p9lNM2GpyTpUDIz,1001537,09mar2026,"AAFIN BAALE TEMIDIRE, IDI OGUN",16mar2026,AAFIN BAALE ONITEMIDIRE IDI OGUN,8.1526724,4.3589325,425.6009521484375,3.43,c73f296a-1876-41b9-a8d1-3f26426f9b14,16mar2026,121,1001537,320,OYO,SURULERE,IWOFIN,TEMIDIRE IDI-OGUN,2046. OYO,23978. SURULERE,7235. IWOFIN,1001537. TEMIDIRE IDI-OGUN
12mar2026,16mar2026,collect:6p9lNM2GpyTpUDIz,1001539,11mar2026,"UNDER THE TREE, BABANIFA",18mar2026,UNDER THE TREE BABANIFA,8.182414899999999,4.4404766,425.6009521484375,4.288,3f44c8b0-6e42-4534-819e-c308369b1e0c,16mar2026,127,1001539,321,OYO,SURULERE,IWOFIN,TINUFA,2046. OYO,23978. SURULERE,7235. IWOFIN,1001539. TINUFA
06mar2026,06mar2026,collect:cDQt6zh0h0t4Hwx4,1001540,06mar2026,Alfala hegi ,08mar2026,Alfala District Hend ,12.9541095,4.788169,258.6,4.333,896b0f09-7f47-4a71-9b70-7a8ecd684d2e,06mar2026,76,1001540,4,SOKOTO,BINJI,GAWAZZAI,ANNADA,2049. SOKOTO,24019. BINJI,9990. GAWAZZAI,1001540. ANNADA
05mar2026,05mar2026,collect:wTcblnOlmIt3nraJ,1001543,08mar2026,Primary School Fakara Community ,08mar2026,Primary School Fakara ,13.1887326,4.8513666,239.5,4.7,6349cefc-f5eb-421c-9f07-e4155e74e57f,05mar2026,10,1001543,8,SOKOTO,BINJI,GAWAZZAI,FAKARA,2049. SOKOTO,24019. BINJI,9990. GAWAZZAI,1001543. FAKARA
05mar2026,05mar2026,collect:wTcblnOlmIt3nraJ,1001548,05mar2026,Primary School Wardebe Community ,08mar2026,Primary School Wardebe Community ,13.1891182,4.8817511,231.1,4.76,6e3b83ed-cef0-439a-92dd-bdc9f253581a,05mar2026,11,1001548,9,SOKOTO,BINJI,GAWAZZAI,WARDEBE,2049. SOKOTO,24019. BINJI,9990. GAWAZZAI,1001548. WARDEBE
05mar2026,05mar2026,collect:Bu0vAC9cjPUc987t,1001554,05mar2026,HERE KANWURI ,12mar2026,HERE KANWURI ,13.2797748,4.8775267,274.164,4.725,c03e5c0a-275e-4ec0-87ea-65afe6c42d18,05mar2026,18,1001554,7,SOKOTO,BINJI,JAMALI,HERE,2049. SOKOTO,24019. BINJI,9991. JAMALI,1001554. HERE
05mar2026,05mar2026,collect:Bu0vAC9cjPUc987t,1001559,05mar2026,BAKIN MASALLACHI ,10mar2026,HILIN MASALLACHI ,13.2867164,4.8586433,274.164,3.962,3210b69e-d46a-4b0a-9366-aaa094037a99,05mar2026,17,1001559,1,SOKOTO,BINJI,JAMALI,TAKA LAHIYA,2049. SOKOTO,24019. BINJI,9991. JAMALI,1001559. TAKA LAHIYA
05mar2026,05mar2026,collect:Bu0vAC9cjPUc987t,1001561,05mar2026,TUNGA HILIN KALIHU,08mar2026,TUNGA HILIN KALIHU ,13.2705355,4.8818892,284.779,1.551,0870cec4-5a22-4fe2-8ec2-e3fcf3074a0e,05mar2026,16,1001561,6,SOKOTO,BINJI,JAMALI,TUNGA,2049. SOKOTO,24019. BINJI,9991. JAMALI,1001561. TUNGA
06mar2026,06mar2026,collect:niwG5ChnhBflP27e,1001564,08mar2026,Bakin masallaci ,08mar2026,Bakin masallaci ,13.1562928,4.8683012,263,4.9,aefd9497-9f0a-4c68-a672-cccc3a22cbb4,06mar2026,53,1001564,18,SOKOTO,BINJI,SORON G,GIDAN BAYYA,2049. SOKOTO,24019. BINJI,9992. SORON G,1001564. GIDAN BAYYA
06mar2026,06mar2026,collect:niwG5ChnhBflP27e,1001570,06mar2026,Kanwuri area ,09mar2026,Kanwuri area,13.1474722,4.8579576,273,4,13d3fd76-133e-467d-9a6c-cd7a3bc7cb46,06mar2026,54,1001570,12,SOKOTO,BINJI,SORON G,JAREDI,2049. SOKOTO,24019. BINJI,9992. SORON G,1001570. JAREDI
06mar2026,06mar2026,collect:Z6caSSspXzjk1OlY,1001571,12mar2026,Garka maigari ,12mar2026,Village head ,13.1352729,4.8693546,267.9,4.58,d1e35c26-e06a-4725-8863-64346471908f,06mar2026,51,1001571,14,SOKOTO,BINJI,SORON G,KADI,2049. SOKOTO,24019. BINJI,9992. SORON G,1001571. KADI
06mar2026,06mar2026,collect:Z6caSSspXzjk1OlY,1001575,11mar2026,Masallachi,11mar2026,Masallachi ,13.163786,4.9292454,294.7,4.883,55a2bff9-ccb5-40a3-9d72-877421ff9d16,06mar2026,52,1001575,13,SOKOTO,BINJI,SORON G,MALO,2049. SOKOTO,24019. BINJI,9992. SORON G,1001575. MALO
06mar2026,06mar2026,collect:niwG5ChnhBflP27e,1001580,06mar2026,Kanwuri area,06mar2026,Kanwuri area,13.154325,4.83562,242.5,4.2,32bd1e73-05c7-4dce-a8c3-f1cc0c5c5fbc,06mar2026,55,1001580,10,SOKOTO,BINJI,SORON G,TUNNA,2049. SOKOTO,24019. BINJI,9992. SORON G,1001580. TUNNA
05mar2026,05mar2026,collect:AGcVscLCd142HBWT,1001581,05mar2026,Garkar Mai gari,06mar2026,Garkar Mai gari ,13.3195233,4.2142867,264.8,4.7,b74e0d75-afd6-4e15-89ee-e524e17e3cfb,05mar2026,15,1001581,56,SOKOTO,GUDU,CHILAS,CHILAS DANFILI,2049. SOKOTO,24024. GUDU,8146. CHILAS/MAKUYA,1001581. CHILAS DANFILI
05mar2026,07mar2026,collect:LI6LAF9fgBCNZUWj,1001582,06mar2026,Bakin masallaci garkar dan abba,08mar2026,Garkar dan abba,13.2556012,4.357911,283.039,1.818,6412c3af-dc0f-4838-97a6-b677549eda3a,07mar2026,77,1001582,52,SOKOTO,GUDU,CHILAS,DANGADABRO,2049. SOKOTO,24024. GUDU,8146. CHILAS/MAKUYA,1001582. DANGADABRO
06mar2026,07mar2026,collect:LI6LAF9fgBCNZUWj,1001583,06mar2026,Dangadabro da fili,08mar2026,Masallaci,13.2531854,4.3588254,325.333,1.468,c30acba2-de0d-4ee0-8bd3-7c51dfea1c3a,07mar2026,78,1001583,53,SOKOTO,GUDU,CHILAS,DANGADABRO DAN FILI,2049. SOKOTO,24024. GUDU,8146. CHILAS/MAKUYA,1001583. DANGADABRO DAN FILI
06mar2026,07mar2026,collect:LI6LAF9fgBCNZUWj,1001584,06mar2026,Makarantar Mallam ummaru,08mar2026,Makarantar Mallam ummaru,13.2758192,4.3379509,325.333,1.49,2fafa601-ccb2-42c7-90d6-31c5802c6566,07mar2026,79,1001584,51,SOKOTO,GUDU,CHILAS,INGILA ZOMO,2049. SOKOTO,24024. GUDU,8146. CHILAS/MAKUYA,1001584. INGILA ZOMO
05mar2026,05mar2026,collect:nQdoYRTszFzV9fgT,1001585,05mar2026,Danfilin kasaura,07mar2026,Danfilin kasaura,13.2817942,4.1981308,255.1,4.8,720b3bcf-d5df-415d-a3a7-86355b8f963e,05mar2026,42,1001585,47,SOKOTO,GUDU,CHILAS,KASAURA DANFILI,2049. SOKOTO,24024. GUDU,8146. CHILAS/MAKUYA,1001585. KASAURA DANFILI
05mar2026,05mar2026,collect:AGcVscLCd142HBWT,1001586,05mar2026,Garkar Mai gari ,07mar2026,Garkar Mai gari ,13.2815183,4.1940033,235.7,4.483,45f375ea-c477-4796-9bdc-a9d1eaf875bb,05mar2026,44,1001586,48,SOKOTO,GUDU,CHILAS,KASAURA KWARE,2049. SOKOTO,24024. GUDU,8146. CHILAS/MAKUYA,1001586. KASAURA KWARE
05mar2026,05mar2026,collect:nQdoYRTszFzV9fgT,1001588,06mar2026,Garkar maigari ibrahim,06mar2026,Garkar maigari ibrahim,13.3183656,4.2150743,256,4.866,796c75af-e15f-41e5-a23a-025f5bb4dff8,05mar2026,41,1001588,49,SOKOTO,GUDU,CHILAS,SABON GARIN CHILAS,2049. SOKOTO,24024. GUDU,8146. CHILAS/MAKUYA,1001588. SABON GARIN CHILAS
05mar2026,05mar2026,collect:AGcVscLCd142HBWT,1001589,05mar2026,Garkar Mai gari ,07mar2026,Garkar Mai gari ,13.2793133,4.1641183,283.9,4.2,65df7061-fe67-40e2-8b24-7a46e9295204,05mar2026,43,1001589,50,SOKOTO,GUDU,CHILAS,TAMARUSA,2049. SOKOTO,24024. GUDU,8146. CHILAS/MAKUYA,1001589. TAMARUSA
05mar2026,05mar2026,collect:p9UYc5KXnItfPOQp,1001590,06mar2026,Garkar Maiyaki,06mar2026,Garkar Maiyaki ,13.3187629,4.2146157,277.5,3.433,563f78a4-d92d-4f1e-987f-7a0971aa0a77,05mar2026,4,1001590,55,SOKOTO,GUDU,CHILAS,TANGAZAWA,2049. SOKOTO,24024. GUDU,8146. CHILAS/MAKUYA,1001590. TANGAZAWA
05mar2026,05mar2026,collect:fBqCrzDKOm8B6HSc,1001593,12mar2026,Garkar maigari jadi,08mar2026,Garkar maigari jadi ,13.2440151,4.4624229,250.2,2.36,d7aef399-3331-4e88-84f6-898fc4d66167,05mar2026,3,1001593,46,SOKOTO,GUDU,KARFEN CHANA,DANGAMJI,2049. SOKOTO,24024. GUDU,8145. KARFEN CHANA,1001593. DANGAMJI
05mar2026,05mar2026,collect:fBqCrzDKOm8B6HSc,1001594,05mar2026,Garkar Maigari Damma,08mar2026,Garkar Maigari Damma,13.1921346,4.4673256,219,3.96,1bb9ff42-4081-4545-9fb0-f05569e17248,05mar2026,2,1001594,42,SOKOTO,GUDU,KARFEN CHANA,GARIN DAMMA,2049. SOKOTO,24024. GUDU,8145. KARFEN CHANA,1001594. GARIN DAMMA
06mar2026,06mar2026,collect:fBqCrzDKOm8B6HSc,1001595,09mar2026,Garin namaiwa Dan fili,09mar2026,Garkar maigari Dan fili,13.1939096,4.4242848,234.4,4.9,04fad352-7aa1-4f5a-b1c6-277c2e182948,06mar2026,48,1001595,45,SOKOTO,GUDU,KARFEN CHANA,GARIN NAMAIWA,2049. SOKOTO,24024. GUDU,8145. KARFEN CHANA,1001595. GARIN NAMAIWA
06mar2026,06mar2026,collect:fBqCrzDKOm8B6HSc,1001596,12mar2026,Hadullahi Bakin masallaci,09mar2026,Hamdullahi Masallaci,13.1953767,4.4439033,229.6,3.075,7277e74a-43b3-451b-a52e-927469a573e6,06mar2026,47,1001596,43,SOKOTO,GUDU,KARFEN CHANA,HAMDALLAHI,2049. SOKOTO,24024. GUDU,8145. KARFEN CHANA,1001596. HAMDALLAHI
06mar2026,06mar2026,collect:fBqCrzDKOm8B6HSc,1001598,09mar2026,Garkar maigari Mai doka,09mar2026,Garkar maigari Mai doka ,13.199482,4.4066444,247.3,4.96,31bf668c-60f5-41b2-b13d-ccdc3e37fa84,06mar2026,49,1001598,44,SOKOTO,GUDU,KARFEN CHANA,MASAMA,2049. SOKOTO,24024. GUDU,8145. KARFEN CHANA,1001598. MASAMA
05mar2026,05mar2026,collect:aUnF1XE5XogMcWMb,1001603,05mar2026,Hayi mosque,05mar2026,Garka maigari hayi,13.661975,4.4917064,303.065,1.792,f3acf9c5-93c2-4d00-be2e-ae73c4860962,05mar2026,19,1001603,54,SOKOTO,GUDU,MARAKE,MARAKE HAYI,2049. SOKOTO,24024. GUDU,8142. MARAKEN BORI,1001603. MARAKE HAYI
06mar2026,06mar2026,collect:ybU8w5lKaKRZozuz,1001607,06mar2026,VILLAGE HEAD PALACE,08mar2026,PRIMARY SCHOOL ,12.1888099,4.7469368,246.48,0.799,6bfa51ea-78ff-4b61-a462-fe6dbcd1958c,18mar2026,98,1001607,74,SOKOTO,KEBBE,MARGAI B WARD,ILLELA VILLAGE,2049. SOKOTO,24028. KEBBE,8185. MARGAI - B,1001607. ILLELA VILLAGE
06mar2026,06mar2026,collect:ybU8w5lKaKRZozuz,1001608,06mar2026,PRIMARY SCHOOL,09mar2026,PRIMARY SCHOOL ,12.1741501,4.70767,212.571,1.098,b820b75e-c710-4676-a663-fa6623259070,18mar2026,95,1001608,72,SOKOTO,KEBBE,MARGAI B WARD,MURTUNU TUNGAR DUTSI,2049. SOKOTO,24028. KEBBE,8185. MARGAI - B,1001608. MURTUNU TUNGAR DUTSI
06mar2026,06mar2026,collect:ybU8w5lKaKRZozuz,1001609,06mar2026,PRIMARY SCHOOL ,10mar2026,PRIMARY SCHOOL ,12.156919,4.7206381,251.561,1.155,6e9d7ec7-8e10-46d2-a9ff-7563c3fd0971,18mar2026,96,1001609,73,SOKOTO,KEBBE,MARGAI B WARD,SABON GARI INWALA,2049. SOKOTO,24028. KEBBE,8185. MARGAI - B,1001609. SABON GARI INWALA
06mar2026,06mar2026,collect:ybU8w5lKaKRZozuz,1001611,06mar2026,VILLAGE HEAD PALACE,11mar2026,PRIMARY SCHOOL ,12.1868845,4.7476989,240.559,1.199,8fef157e-c7e0-4340-83c1-51eb872405eb,18mar2026,97,1001611,80,SOKOTO,KEBBE,MARGAI B WARD,SHIYAR GABAS KARMA,2049. SOKOTO,24028. KEBBE,8185. MARGAI - B,1001611. SHIYAR GABAS KARMA
06mar2026,06mar2026,collect:V98VT2D8ULXgf0AT,1001613,06mar2026,Primary School,12mar2026,Primary School,11.7024835,4.4894085,212.664,1.656,2e0c1146-0032-4653-b21b-507b9570cd66,06mar2026,66,1001613,71,SOKOTO,KEBBE,SANGI WARD,MAIKWABO,2049. SOKOTO,24028. KEBBE,8190. SANGI,1001613. MAIKWABO
06mar2026,06mar2026,collect:V98VT2D8ULXgf0AT,1001614,06mar2026,Kuchi Model Primary School,09mar2026,Kuchi Model Primary School,11.7024085,4.4895164,238.35,2.371,c62041b0-5371-45d1-86eb-404e95b1b12e,06mar2026,63,1001614,82,SOKOTO,KEBBE,SANGI WARD,NABASA KANWURI,2049. SOKOTO,24028. KEBBE,8190. SANGI,1001614. NABASA KANWURI
06mar2026,06mar2026,collect:V98VT2D8ULXgf0AT,1001616,06mar2026,Kuchi Model Primary School,10mar2026,Kuchi model primary school,11.7023937,4.4894931,216.602,1.964,b09f3af3-549d-42e7-8e9c-d598c0ac738d,06mar2026,64,1001616,70,SOKOTO,KEBBE,SANGI WARD,RUNTUWA/JIBIYAL,2049. SOKOTO,24028. KEBBE,8190. SANGI,1001616. RUNTUWA/JIBIYAL
15mar2026,15mar2026,collect:V98VT2D8ULXgf0AT,1001617,15mar2026,Primary School,13mar2026,Primary School,11.7023525,4.4895918,219.572,2.634,67b65453-cf01-4694-b6c1-7cb92d1823f2,15mar2026,91,1001617,78,SOKOTO,KEBBE,SANGI WARD,SHIYAR CHASGO SABON BIRNI,2049. SOKOTO,24028. KEBBE,8190. SANGI,1001617. SHIYAR CHASGO SABON BIRNI
06mar2026,06mar2026,collect:V98VT2D8ULXgf0AT,1001618,06mar2026,Kuchi Models Primary School,08mar2026,kuchi Model Primary School ,11.702441,4.489472,207.344,1.919,9eb4faaf-bf4d-48c4-b4f9-8c619cd6ef8b,06mar2026,62,1001618,75,SOKOTO,KEBBE,SANGI WARD,SHIYAR GABAS SANI,2049. SOKOTO,24028. KEBBE,8190. SANGI,1001618. SHIYAR GABAS SANI
15mar2026,15mar2026,collect:V98VT2D8ULXgf0AT,1001620,15mar2026,Primary School,14mar2026,Primary School,11.7024834,4.4893952,222.338,1.253,946a7810-9873-460c-9a6c-c80e270b7f61,15mar2026,92,1001620,81,SOKOTO,KEBBE,SANGI WARD,TSINTSIYA,2049. SOKOTO,24028. KEBBE,8190. SANGI,1001620. TSINTSIYA
06mar2026,06mar2026,collect:V98VT2D8ULXgf0AT,1001622,06mar2026,primary school,11mar2026,Primary School,11.70246,4.489635,170.538,1.317,63322a43-ccf4-4947-a775-ed71c0dba087,06mar2026,65,1001622,79,SOKOTO,KEBBE,SANGI WARD,TUSURAI,2049. SOKOTO,24028. KEBBE,8190. SANGI,1001622. TUSURAI
06mar2026,06mar2026,collect:avpdgZKMx1UM0qAI,1001623,06mar2026,ALELAWA MAIKURHUNA NASARAWA,06mar2026,ALELAWA MAIKURHUNA MURNARAWA,12.0163791,4.6206926,325,5,652daa7a-5148-481f-95ec-d7561bc027ec,06mar2026,57,1001623,76,SOKOTO,KEBBE,UNGUSHI WARD,MAIKUHUHUNA ALELAWA NASARAWA,2049. SOKOTO,24028. KEBBE,8189. UNGUSHI,1001623. MAIKUHUHUNA ALELAWA NASARAWA
06mar2026,06mar2026,collect:avpdgZKMx1UM0qAI,1001624,06mar2026,SHIYAR MAGAJI MAIKURHUNA,06mar2026,SHIYAR MAGAJI MAIKURHUNA ,12.0163736,4.6207258,333,4.75,85b97eda-5fe8-4a1d-a4a2-b8270554ce50,06mar2026,59,1001624,77,SOKOTO,KEBBE,UNGUSHI WARD,MAIKUHUNA SHIYAR MAGAJI NASARAWA,2049. SOKOTO,24028. KEBBE,8189. UNGUSHI,1001624. MAIKUHUNA SHIYAR MAGAJI NASARAWA
06mar2026,06mar2026,collect:Z6caSSspXzjk1OlY,1001633,13mar2026,Masallachi ,13mar2026,masallachi ,13.1384291,4.8682048,258.7,4.071,8c5d3a87-7b43-4fa4-9df9-f149656cbef9,06mar2026,50,1001633,67,SOKOTO,KEBBE,UNGUSHI WARD,SHIYAR MAKARANTA GWANDI,2049. SOKOTO,24028. KEBBE,8189. UNGUSHI,1001633. SHIYAR MAKARANTA GWANDI
06mar2026,06mar2026,collect:avpdgZKMx1UM0qAI,1001633,06mar2026,GWANDI PRIMARY SCHOOL ,06mar2026,GWANDI PRIMARY SCHOOL ,12.0365629,4.7382393,333,5,36a6dc09-f5a3-4a73-8a1b-082e24bc6792,06mar2026,56,1001633,67,SOKOTO,KEBBE,UNGUSHI WARD,SHIYAR MAKARANTA GWANDI,2049. SOKOTO,24028. KEBBE,8189. UNGUSHI,1001633. SHIYAR MAKARANTA GWANDI
06mar2026,06mar2026,collect:avpdgZKMx1UM0qAI,1001635,06mar2026,MALLAMAWA GWANDI ,06mar2026,MALLAMAWA GWANDI ,12.0366405,4.7383081,332,8.125,a203e62f-9d77-4684-aba0-c35ed314d438,06mar2026,58,1001635,68,SOKOTO,KEBBE,UNGUSHI WARD,SHIYAR MALAMAWA GWANDI,2049. SOKOTO,24028. KEBBE,8189. UNGUSHI,1001635. SHIYAR MALAMAWA GWANDI
05mar2026,05mar2026,collect:92mSNuBfWkl5xRJI,1001636,05mar2026,GARKAN MAI GARI,08mar2026,GARKAN MAI GARI,12.7457033,5.1589983,318.3,4.655,45d3255b-35b5-47bf-8ae8-3f97beca966e,05mar2026,8,1001636,100,SOKOTO,SHAGARI,HORO,GIDAN AGIGI,2049. SOKOTO,24032. SHAGARI,8236. HORO BIRNI,1001636. GIDAN AGIGI
05mar2026,05mar2026,collect:92mSNuBfWkl5xRJI,1001637,05mar2026,TASHAR ZANGO,08mar2026,TASHAR ZANGO,12.7074217,5.1782933,310.1,3.8,9a6a0559-e270-4827-93b4-7366573f479b,05mar2026,5,1001637,99,SOKOTO,SHAGARI,HORO,HORO  BIRE ZANGO,2049. SOKOTO,24032. SHAGARI,8236. HORO BIRNI,1001637. HORO  BIRE ZANGO
05mar2026,05mar2026,collect:92mSNuBfWkl5xRJI,1001639,05mar2026,KANWURI,08mar2026,KANWURI,12.7350183,5.1547533,318.7,4.75,cb3c41a2-5a95-4d97-bc53-95a9fcd8eb5f,05mar2026,6,1001639,101,SOKOTO,SHAGARI,HORO,HORO DAN BARO,2049. SOKOTO,24032. SHAGARI,8236. HORO BIRNI,1001639. HORO DAN BARO
05mar2026,05mar2026,collect:92mSNuBfWkl5xRJI,1001640,05mar2026,GARKAN MAI GARI,08mar2026,GARKAN MAI GARI,12.7410083,5.1508383,307,4.584,293e98cc-0e2c-49af-9204-9574bdcc76c3,05mar2026,9,1001640,103,SOKOTO,SHAGARI,HORO,KAURARE,2049. SOKOTO,24032. SHAGARI,8236. HORO BIRNI,1001640. KAURARE
05mar2026,05mar2026,collect:92mSNuBfWkl5xRJI,1001642,05mar2026,KANWURI,08mar2026,KANWURI,12.7575917,5.158405,286.3,4.46,46af36b8-59e1-4df6-b5c5-df258bc7be26,05mar2026,7,1001642,102,SOKOTO,SHAGARI,HORO,SABARA,2049. SOKOTO,24032. SHAGARI,8236. HORO BIRNI,1001642. SABARA
07mar2026,07mar2026,collect:AWbFT6J3c40eCHkn,1001645,07mar2026,Garkar Mai gari,15mar2026,Garkar Mai Gari,12.7311682,5.1175596,312.3,4.98,9b0f65c9-49c4-4550-92f9-978da320a315,07mar2026,85,1001645,108,SOKOTO,SHAGARI,KAMBAMA,GIDAN DAWA,2049. SOKOTO,24032. SHAGARI,8235. KAMBAMA,1001645. GIDAN DAWA
06mar2026,06mar2026,collect:P9RGAR4n6msRartL,1001646,06mar2026,"GARKAR MUH,D DAN MUDDU",08mar2026,GARKAR MUHAMMADU DAN MUDDU ,12.5924478,5.2359664,288.221,0.642,e8f47f0f-c4c5-4074-bbc4-177aef4aa0c9,06mar2026,73,1001646,113,SOKOTO,SHAGARI,KAMBAMA,GWARGAWO,2049. SOKOTO,24032. SHAGARI,8235. KAMBAMA,1001646. GWARGAWO
05mar2026,05mar2026,collect:UZA9LA9TIHShS3z7,1001647,05mar2026,KAN WURI KAMBAMA ,08mar2026,KAN WURI KAMBAMA ,12.6128755,5.2186431,272.829,2.125,de2b7b97-06e6-484a-a6b7-2beffe709a36,05mar2026,12,1001647,105,SOKOTO,SHAGARI,KAMBAMA,KAMBAMA,2049. SOKOTO,24032. SHAGARI,8235. KAMBAMA,1001647. KAMBAMA
06mar2026,06mar2026,collect:P9RGAR4n6msRartL,1001648,06mar2026,MASALLACI KANWURI KAURARE ,09mar2026,MASALLACI KANWURI KAURARE ,12.5877911,5.2452184,294.064,0.786,0536914f-4185-4216-b703-0140eecdfc6d,06mar2026,74,1001648,109,SOKOTO,SHAGARI,KAMBAMA,KAURARE,2049. SOKOTO,24032. SHAGARI,8235. KAMBAMA,1001648. KAURARE
05mar2026,05mar2026,collect:UZA9LA9TIHShS3z7,1001649,08mar2026,KAN WURI MAZOJIN,08mar2026,KAN WURI MAZOJIN ,12.6178762,5.206418,404.761,2.704,d068e7dc-7800-4fc6-9b11-88db354723b2,05mar2026,14,1001649,114,SOKOTO,SHAGARI,KAMBAMA,MAZOJIN MAGAJI,2049. SOKOTO,24032. SHAGARI,8235. KAMBAMA,1001649. MAZOJIN MAGAJI
05mar2026,05mar2026,collect:UZA9LA9TIHShS3z7,1001653,05mar2026,Shiyar gabas takoki,08mar2026,MASALLACIN AYI,12.6120804,5.2170475,265.976,1.358,0359bd05-2654-4a31-9544-352546ac2e39,05mar2026,13,1001653,112,SOKOTO,SHAGARI,KAMBAMA,TAKOKI,2049. SOKOTO,24032. SHAGARI,8235. KAMBAMA,1001653. TAKOKI
06mar2026,06mar2026,collect:P9RGAR4n6msRartL,1001654,06mar2026,TUDU SEMBERU,09mar2026,TUDUN SAMBERU ,12.5877805,5.2450834,281.332,3.145,51956c32-919f-46b4-956d-2f4e05d5e760,06mar2026,75,1001654,107,SOKOTO,SHAGARI,KAMBAMA,ULLUBAI,2049. SOKOTO,24032. SHAGARI,8235. KAMBAMA,1001654. ULLUBAI
05mar2026,05mar2026,collect:Ylk9XDqSQzkpxYKV,1001658,05mar2026,GARKAR DANGALADIMA,08mar2026,GARKAR MAIGARI,12.6406759,5.1263145,303,7.9,0d2e659a-4ed9-417a-b7cf-b7890e6755a4,16mar2026,93,1001658,122,SOKOTO,SHAGARI,LAMBARA,DUNDEJI,2049. SOKOTO,24032. SHAGARI,8234. LAMBARA,1001658. DUNDEJI
05mar2026,05mar2026,collect:Ylk9XDqSQzkpxYKV,1001663,05mar2026,KANWURIN DIKKO,08mar2026,KANWURIN DIKKO GOLORU,12.6433041,5.2003458,238.7,4.45,7289481b-4b65-4edb-a351-c49c3930736f,16mar2026,94,1001663,120,SOKOTO,SHAGARI,LAMBARA,GOLORU,2049. SOKOTO,24032. SHAGARI,8234. LAMBARA,1001663. GOLORU
05mar2026,05mar2026,collect:zzJShFb0fmFf0Mm0,1001666,05mar2026,Gidan gizare ,09mar2026,Gidan gizare ,13.025625,5.0048679,272.163,2.21,3f789093-bc7f-469e-935f-f675bcaf17c6,05mar2026,39,1001666,142,SOKOTO,SILAME,KUBODU NORTH,FAKARAR DAN DIKKO,2049. SOKOTO,24033. SILAME,8244. KUBODU NORTH,1001666. FAKARAR DAN DIKKO
06mar2026,06mar2026,collect:zzJShFb0fmFf0Mm0,1001670,07mar2026,Village head house ,06mar2026,Shiyar Rumji ,13.043144,4.9814713,360.747,3.515,3afac4c2-0e89-4a4f-b787-6376867934a8,06mar2026,45,1001670,139,SOKOTO,SILAME,KUBODU NORTH,SHIYAR RUMJI,2049. SOKOTO,24033. SILAME,8244. KUBODU NORTH,1001670. SHIYAR RUMJI
06mar2026,06mar2026,collect:zzJShFb0fmFf0Mm0,1001671,06mar2026,Community leader house ,07mar2026,Community leader house ,13.0428423,4.9830223,308.858,1.23,ad4f7924-f886-4384-abb0-e5797373c5c8,06mar2026,46,1001671,140,SOKOTO,SILAME,KUBODU NORTH,SHIYAR SABONGARI,2049. SOKOTO,24033. SILAME,8244. KUBODU NORTH,1001671. SHIYAR SABONGARI
05mar2026,05mar2026,collect:zzJShFb0fmFf0Mm0,1001672,05mar2026,Tarawa,09mar2026,Tarawa ,13.0356887,4.9805508,252.755,1.59,7c0b912d-425f-4b31-83fb-549174770b3d,05mar2026,38,1001672,141,SOKOTO,SILAME,KUBODU NORTH,SHIYAR TARU,2049. SOKOTO,24033. SILAME,8244. KUBODU NORTH,1001672. SHIYAR TARU
06mar2026,06mar2026,collect:ny9b21UTWITW74ch,1001673,05mar2026,Community Head House,09mar2026,Near Community Head House,13.0216883,4.9743517,270.8,4.983,13d9ec12-2384-4b5f-ac6e-1417c9644f9d,06mar2026,72,1001673,127,SOKOTO,SILAME,KUBODU SOUTH,GABBUWA,2049. SOKOTO,24033. SILAME,8245. KUBODU SOUTH,1001673. GABBUWA
06mar2026,06mar2026,collect:ny9b21UTWITW74ch,1001674,05mar2026,Gabbuwa PHC,08mar2026,Gabbuwa Rijiya near Bohol,13.022242,4.9737513,270.6,4.78,e277157b-34f9-4dce-a3e0-8c5ece7b1110,06mar2026,70,1001674,130,SOKOTO,SILAME,KUBODU SOUTH,GABBUWA TUDU,2049. SOKOTO,24033. SILAME,8245. KUBODU SOUTH,1001674. GABBUWA TUDU
05mar2026,06mar2026,collect:ny9b21UTWITW74ch,1001675,05mar2026,Village Head House,10mar2026,Central Mosque Field,13.0218833,4.956125,260.6,4.966,a782beac-6ce2-48ca-a4c4-fd590ade4b67,06mar2026,71,1001675,133,SOKOTO,SILAME,KUBODU SOUTH,JEKANADU KANWURI,2049. SOKOTO,24033. SILAME,8245. KUBODU SOUTH,1001675. JEKANADU KANWURI
06mar2026,06mar2026,collect:l5PUVGg4lLugQYMV,1001678,06mar2026,Village Head House ,12mar2026,Village Head House ,13.0149427,4.9161669,262.9,4.609,f7ccd869-2143-4b39-b12d-15003e77a1c9,06mar2026,69,1001678,131,SOKOTO,SILAME,KUBODU SOUTH,TOZO SHIYAR BAICHE,2049. SOKOTO,24033. SILAME,8245. KUBODU SOUTH,1001678. TOZO SHIYAR BAICHE
06mar2026,06mar2026,collect:l5PUVGg4lLugQYMV,1001679,06mar2026,Village Head House ,11mar2026,Village Head House ,13.0160965,4.9163829,254,4.692,a8ba724c-5c7e-41a5-8722-da82234a5fe7,06mar2026,68,1001679,134,SOKOTO,SILAME,KUBODU SOUTH,TOZO SHIYAR MAKADA,2049. SOKOTO,24033. SILAME,8245. KUBODU SOUTH,1001679. TOZO SHIYAR MAKADA
06mar2026,06mar2026,collect:l5PUVGg4lLugQYMV,1001680,06mar2026,Village Head House ,10mar2026,Village Head House ,13.01486,4.9316783,291.3,3.2,2ba88494-1f18-4edd-960e-0d3133966d10,06mar2026,67,1001680,128,SOKOTO,SILAME,KUBODU SOUTH,TULLURE,2049. SOKOTO,24033. SILAME,8245. KUBODU SOUTH,1001680. TULLURE
06mar2026,06mar2026,collect:cDQt6zh0h0t4Hwx4,1001686,06mar2026,Kwagyel hili,07mar2026,Kwagyel Hili,12.9414883,4.8369517,277.8,4.34,094bab74-40e7-4ad2-8cd1-25647233f16a,06mar2026,60,1001686,145,SOKOTO,SILAME,LABANI,KWAGGYAL SHIYAR MAGAJI,2049. SOKOTO,24033. SILAME,8241. LABANI,1001686. KWAGGYAL SHIYAR MAGAJI
06mar2026,06mar2026,collect:cDQt6zh0h0t4Hwx4,1001687,06mar2026,Kwagyel hili,07mar2026,Kwagyel Hili,12.9398767,4.8393717,278.8,3.46,4d538709-7f0c-486a-9a2b-d76c3e0de3bd,06mar2026,61,1001687,146,SOKOTO,SILAME,LABANI,KWAGGYAL TOWN,2049. SOKOTO,24033. SILAME,8241. LABANI,1001687. KWAGGYAL TOWN
05mar2026,05mar2026,collect:cDQt6zh0h0t4Hwx4,1001689,05mar2026,Labani Primary School ,09mar2026,Model primary School Labani,12.9298967,4.8116583,262.8,4,a7f2e38f-6053-413a-9058-b8e89d05ff84,05mar2026,1,1001689,147,SOKOTO,SILAME,LABANI,LABANI KANWURI,2049. SOKOTO,24033. SILAME,8241. LABANI,1001689. LABANI KANWURI
05mar2026,05mar2026,collect:9BrXd8WJ3C0hCaaQ,1001692,05mar2026,SHIYAR KETARE,07mar2026,SHIYAR KETARE,12.3427548,5.3254641,298.732,0.847,a95c02eb-0f9d-4f13-8f57-836eacbd7a4b,05mar2026,31,1001692,162,SOKOTO,TURETA,BARAYAR GIWA,DANGULBI KETARE,2049. SOKOTO,24038. TURETA,8294. BARAYAR GIWA,1001692. DANGULBI KETARE
05mar2026,05mar2026,collect:9BrXd8WJ3C0hCaaQ,1001693,05mar2026,GIDAN BIREDI,07mar2026,GIDAN BIREDI,12.3533356,5.321509,286.44,1.152,e3b4704d-fddf-4014-a9be-20181de7b663,05mar2026,30,1001693,154,SOKOTO,TURETA,BARAYAR GIWA,DANGULBI SHIYAR BAREBARI,2049. SOKOTO,24038. TURETA,8294. BARAYAR GIWA,1001693. DANGULBI SHIYAR BAREBARI
05mar2026,05mar2026,collect:9BrXd8WJ3C0hCaaQ,1001694,05mar2026,"SHIYAR HAKIMI MASALACI JUMU,A",07mar2026,"SHIYAR DAN GULBI MASALLACIN JUMU,A",12.351225,5.3208267,323.683,0.611,39a0eeb3-60cf-4c8e-8ebc-ee63916c4c0f,05mar2026,29,1001694,167,SOKOTO,TURETA,BARAYAR GIWA,DANGULBI SHIYAR HAKIMI,2049. SOKOTO,24038. TURETA,8294. BARAYAR GIWA,1001694. DANGULBI SHIYAR HAKIMI
05mar2026,05mar2026,collect:9BrXd8WJ3C0hCaaQ,1001695,05mar2026,SHIYAR BALA BAUSHI,07mar2026,SHIYAR BALA BAUSHI,12.354488,5.3405128,298.732,1.38,f5aa6994-3dda-4cf1-9cb7-7e2953a0421e,05mar2026,34,1001695,155,SOKOTO,TURETA,BARAYAR GIWA,DANSANBERU,2049. SOKOTO,24038. TURETA,8294. BARAYAR GIWA,1001695. DANSANBERU
05mar2026,05mar2026,collect:9BrXd8WJ3C0hCaaQ,1001696,05mar2026,SHIYAR HAKIMI,07mar2026,SHIYAR HAKIMI,12.3546393,5.3403756,286.564,1.491,bbe85819-bf46-4288-bd93-6a0655a49d13,05mar2026,33,1001696,161,SOKOTO,TURETA,BARAYAR GIWA,JANDUTSI,2049. SOKOTO,24038. TURETA,8294. BARAYAR GIWA,1001696. JANDUTSI
05mar2026,05mar2026,collect:9BrXd8WJ3C0hCaaQ,1001697,05mar2026,MASALACI JUMMU A,07mar2026,MASALACI JUMMU A,12.3545208,5.3405451,286.849,1.56,e81a3f74-224d-473c-913a-c6fd622d0a51,05mar2026,32,1001697,153,SOKOTO,TURETA,BARAYAR GIWA,KALAMUWAL,2049. SOKOTO,24038. TURETA,8294. BARAYAR GIWA,1001697. KALAMUWAL
05mar2026,05mar2026,collect:qQO7k1lppHYmRKJZ,1001698,05mar2026,KURUWA ASARARA DANGA ,07mar2026,KURUWA ASARARA DANGA ,12.4671968,5.6602446,180.1,4.86,a3c50a07-42b8-4c18-8b94-5d7456bb012a,05mar2026,21,1001698,158,SOKOTO,TURETA,KURUWA,DANGA,2049. SOKOTO,24038. TURETA,8298. KURUWA,1001698. DANGA
05mar2026,05mar2026,collect:qQO7k1lppHYmRKJZ,1001699,05mar2026,GALADUMMAI SHIYAR HAKIMI ,07mar2026,GALADUMMAI SHIYAR HAKIMI ,12.4237419,5.7109845,-45.8,4.9,7fcf6056-5b04-4bd5-ac64-6fda448cf0b8,05mar2026,20,1001699,166,SOKOTO,TURETA,KURUWA,GALADUMMAI,2049. SOKOTO,24038. TURETA,8298. KURUWA,1001699. GALADUMMAI
05mar2026,05mar2026,collect:qQO7k1lppHYmRKJZ,1001700,05mar2026,SHIYAR HAKIMI BELLO ,07mar2026,SHIYAR HAKIMI BELLO ,12.4832784,5.6438186,289.7,4.95,dfb88ac6-7610-4087-aa64-13f40ad2c850,05mar2026,24,1001700,156,SOKOTO,TURETA,KURUWA,GIDAN ARDON TUDU,2049. SOKOTO,24038. TURETA,8298. KURUWA,1001700. GIDAN ARDON TUDU
05mar2026,05mar2026,collect:qQO7k1lppHYmRKJZ,1001701,05mar2026,KURUWA GABASTAWA ,07mar2026,KURUWA GABASTAWA ,12.4673878,5.6596302,278.4,4.866,0b711ddd-dcb9-4f36-a5e3-bf1a1ab52047,05mar2026,23,1001701,160,SOKOTO,TURETA,KURUWA,GIDAN MAIGORA,2049. SOKOTO,24038. TURETA,8298. KURUWA,1001701. GIDAN MAIGORA
05mar2026,05mar2026,collect:qQO7k1lppHYmRKJZ,1001702,05mar2026,SHIYAR ASIBIT ,07mar2026,HOSPITAL ,12.4659264,5.656564,294.5,4.92,0a3539c1-922d-4ebc-a2f2-3b9df9115981,05mar2026,22,1001702,157,SOKOTO,TURETA,KURUWA,TUDUN FULANI,2049. SOKOTO,24038. TURETA,8298. KURUWA,1001702. TUDUN FULANI
05mar2026,05mar2026,collect:Qfk7uvqCjEC09HvS,1001703,05mar2026,SHIYAR HAKIMI GIDAN ABUJE,07mar2026,SHIYAR HAKIMI GIDAN ABUJE,12.5923278,5.5447196,254.1,1.902,b173044e-b0c1-4697-9be0-da102c41af89,05mar2026,40,1001703,159,SOKOTO,TURETA,KWARARE,GIDAN ABUJE,2049. SOKOTO,24038. TURETA,8299. KWARARE,1001703. GIDAN ABUJE
05mar2026,05mar2026,collect:Qfk7uvqCjEC09HvS,1001703,05mar2026,SHIYAR GIDAN ABUJE PLACE,05mar2026,SHIYAR GIDAN ABUJE,12.3522266,5.7289817,344.308,1.444,d268a117-0cbd-4780-b8c0-8c23d4a41c89,05mar2026,26,1001703,159,SOKOTO,TURETA,KWARARE,GIDAN ABUJE,2049. SOKOTO,24038. TURETA,8299. KWARARE,1001703. GIDAN ABUJE
05mar2026,05mar2026,collect:Qfk7uvqCjEC09HvS,1001704,05mar2026,KWARARE SHIYAR GIDAN MAIHADISI,07mar2026,SHIYAR HAKIMI GIDAN MAIHADISI,12.5952455,5.5448245,302.696,1.948,1764c92c-a985-40c2-8143-da97c4e3ca4e,05mar2026,36,1001704,165,SOKOTO,TURETA,KWARARE,GIDAN MAI HADISI,2049. SOKOTO,24038. TURETA,8299. KWARARE,1001704. GIDAN MAI HADISI
05mar2026,05mar2026,collect:Qfk7uvqCjEC09HvS,1001704,05mar2026,KWARARE GIDAN MAIHADISI ,05mar2026,SHIYAR HAKIMI GIDAN MAIHADISI ,12.34988,5.7284479,336.872,1.69,5e5f80a1-78a3-4a95-89aa-ade7536fb153,05mar2026,27,1001704,165,SOKOTO,TURETA,KWARARE,GIDAN MAI HADISI,2049. SOKOTO,24038. TURETA,8299. KWARARE,1001704. GIDAN MAI HADISI
05mar2026,05mar2026,collect:Qfk7uvqCjEC09HvS,1001705,05mar2026,SHIYAR KAURA ADUWA SHIYAR MASALLACIN JUMUA KAURAR ADUWA ,05mar2026,SHIYAR KAURA ADUWA SHIYAR MASALLACIN JUMUA KAURAR ADUWA ,12.3861333,5.7087134,345.313,4.409,98f3c5e8-a28b-4b0a-b70d-47bedad1ecce,05mar2026,25,1001705,163,SOKOTO,TURETA,KWARARE,KAURA ADUWA,2049. SOKOTO,24038. TURETA,8299. KWARARE,1001705. KAURA ADUWA
05mar2026,05mar2026,collect:Qfk7uvqCjEC09HvS,1001705,05mar2026,SHIYAR ADUWA KAURA,07mar2026,SHIYAR MASALLACIN JUMUA KAURAR ADUWA ,12.595355,5.5451882,274.67,1.922,6bdb4e82-40d7-4020-b04f-5d6fb02dca6e,05mar2026,35,1001705,163,SOKOTO,TURETA,KWARARE,KAURA ADUWA,2049. SOKOTO,24038. TURETA,8299. KWARARE,1001705. KAURA ADUWA
05mar2026,05mar2026,collect:Qfk7uvqCjEC09HvS,1001706,05mar2026,KWARARE SHIYAR FULANI HAKIMI UMMARU,07mar2026,KWARARE TUDUN FULANI,12.5954286,5.5452112,310.956,2.451,ef7359c7-9f2b-4c69-bc28-4b3219cba124,05mar2026,37,1001706,164,SOKOTO,TURETA,KWARARE,KWARAREN FULANI,2049. SOKOTO,24038. TURETA,8299. KWARARE,1001706. KWARAREN FULANI
05mar2026,05mar2026,collect:Qfk7uvqCjEC09HvS,1001706,05mar2026,SHIYAR HAKIMI,07mar2026,SHIYAR HAKIMI UMMARU TUDUN FULANI ,12.3329282,5.7524001,346.267,2.048,dbef9c4d-0c89-48b2-8946-7b26a0963030,05mar2026,28,1001706,164,SOKOTO,TURETA,KWARARE,KWARAREN FULANI,2049. SOKOTO,24038. TURETA,8299. KWARARE,1001706. KWARAREN FULANI
07mar2026,07mar2026,collect:TTfHxvqsajD4d9f6,1001711,07mar2026,GARKAR MAIGARI ,07mar2026,GARKAR MAIGARI ,12.8838265,5.0536806,302.299,1.011,e32ccffc-39c5-43ce-a194-5801206561e5,07mar2026,81,1001711,177,SOKOTO,YABO,B RUWA,KWAMATOYE,2049. SOKOTO,24041. YABO,8322. BIRNIRUWA,1001711. KWAMATOYE
07mar2026,07mar2026,collect:cdcJWf6bHHOeLA3W,1001712,07mar2026,TURKE RINAYIN MALI ,07mar2026,TURKE RINAYIN MALI ,12.8572836,5.0720587,312.4,4.25,d132e0db-e6a2-49a8-befa-10c2888c8926,07mar2026,86,1001712,176,SOKOTO,YABO,B RUWA,RINAYEN MALI,2049. SOKOTO,24041. YABO,8322. BIRNIRUWA,1001712. RINAYEN MALI
07mar2026,07mar2026,collect:QV3FPlZ3Vepv3df5,1001715,07mar2026,KANWURIN SARKI BAKIN MASALLACI ,11mar2026,GARKAR MAI GARI BAKIN MASALLACI ,12.8176923,4.9182645,325.79,1.529,528bac4c-db65-416b-8f19-0fd5932313a5,07mar2026,88,1001715,169,SOKOTO,YABO,BAKALE,DANCHOBOLI,2049. SOKOTO,24041. YABO,8323. BAKALE,1001715. DANCHOBOLI
07mar2026,07mar2026,collect:2rmZOJnMbkQ3Soq9,1001718,07mar2026,GARKAR MAIGARI,07mar2026,GARKAR MAIGARI ,12.8479583,4.987055,288.6,4.5,d339bb05-dfc1-48e6-a30a-7cba615eee3f,07mar2026,80,1001718,171,SOKOTO,YABO,BAKALE,RUGGAR YAUTA,2049. SOKOTO,24041. YABO,8323. BAKALE,1001718. RUGGAR YAUTA
07mar2026,07mar2026,collect:pVP7MvKwAKW0XV0u,1001719,07mar2026,TUDUN JIDDA COMMUNITY ,07mar2026,GARKAR MAI GARI,12.7269448,5.0097407,320.7,4.28,519b1f35-ed5c-4932-81a9-debbaebcb4c2,07mar2026,87,1001719,173,SOKOTO,YABO,BAKALE,TUDUN JIDDA,2049. SOKOTO,24041. YABO,8323. BAKALE,1001719. TUDUN JIDDA
05mar2026,07mar2026,collect:UURXxguMTK5GkPem,1001721,07mar2026,GARKAR SARKI,14mar2026,GARKAR SARKI,12.7840787,4.8000755,270.3000183105469,3.794,702fbdae-a82b-4c60-afc1-1f0b3b2b77f1,07mar2026,82,1001721,187,SOKOTO,YABO,TORANKAWA,DAGWAGAR DIKKO,2049. SOKOTO,24041. YABO,8329. TORANKAWA,1001721. DAGWAGAR DIKKO
07mar2026,07mar2026,collect:mfPFdQhaaQWtmG8L,1001722,07mar2026,GARKAR MAIGARI ,14mar2026,GARKAR MAIGARI ,12.7947952,4.7898279,270.3000183105469,1.292,16576ec8-7aaf-4f87-aeac-3705a8f4673b,14mar2026,90,1001722,188,SOKOTO,YABO,TORANKAWA,DAGWAGAR U/DAWAKI,2049. SOKOTO,24041. YABO,8329. TORANKAWA,1001722. DAGWAGAR U/DAWAKI
07mar2026,07mar2026,collect:2PHKYpf9kCsLTOR7,1001725,07mar2026,GARKAR HAKIMI BAKIN MASALLACI ,14mar2026,GARKAR HAKIMI BAFASHI ,12.7188374,5.0105716,302.55,2.567,f341c8c3-450e-4596-b6e1-4db173e9fd90,07mar2026,84,1001725,189,SOKOTO,YABO,TORANKAWA,GARANGI,2049. SOKOTO,24041. YABO,8329. TORANKAWA,1001725. GARANGI
07mar2026,08mar2026,collect:wDNbljHavgqTZepC,1001726,08mar2026,GAKAR SARKI,14mar2026,GARKAR SARKI,12.739005,5.0060183,352,4.925,f9068f63-3bd8-4f68-bd6c-ddac76f516ee,08mar2026,89,1001726,184,SOKOTO,YABO,TORANKAWA,GELA,2049. SOKOTO,24041. YABO,8329. TORANKAWA,1001726. GELA
05mar2026,07mar2026,collect:wDNbljHavgqTZepC,1001726,07mar2026,GARKAR SARKI,14mar2026,GARKAR SARKI,12.7258433,4.854565,244.5,4.48,6a919309-850f-4727-8b53-211acddc6df5,07mar2026,83,1001726,184,SOKOTO,YABO,TORANKAWA,GELA,2049. SOKOTO,24041. YABO,8329. TORANKAWA,1001726. GELA
13mar2026,13mar2026,collect:uhO8IsbNeFcw8txu,1001732,13mar2026,CHIEF OKEHIE'S COMPOUND,21mar2026,ITUNTA COMMUNITY HALL,5.4494709,7.6380813,63.12585449,3.216,5eeeeb58-5da4-4edb-81ae-e8dfab19a18e,13mar2026,45,1001732,3,ABIA,IKWUANO,IBERE II,ITUNTA,2016. ABIA,23319. IKWUANO,56. IBERE II,1001732. ITUNTA
15mar2026,16mar2026,collect:uhO8IsbNeFcw8txu,1001733,15mar2026,NKALUNTA VILLAGE SQUARE,27mar2026,VILLAGE SQUARE,5.4866671,7.6222197,68.50012207,3.93,a9e4e145-ff58-454e-a496-2e6fa4b288de,16mar2026,65,1001733,4,ABIA,IKWUANO,IBERE II,NKALUNTA,2016. ABIA,23319. IKWUANO,56. IBERE II,1001733. NKALUNTA
15mar2026,16mar2026,collect:uhO8IsbNeFcw8txu,1001734,15mar2026,ELDER SUNDAY'S COMPANY,24mar2026,OBUOHIA VILLAGE SQUARE,5.4158102,7.5978381,136.5145874023438,3.859,786c5085-156c-4af7-9e31-1741c0cd1f81,16mar2026,64,1001734,5,ABIA,IKWUANO,IBERE II,OBUOHIA,2016. ABIA,23319. IKWUANO,56. IBERE II,1001734. OBUOHIA
14mar2026,14mar2026,collect:uhO8IsbNeFcw8txu,1001735,14mar2026,VILLAGE SQUARE,17mar2026,VILLAGE SQUARE,5.4370195,7.5858328,149.1176147460938,3.752,1c4599fb-80d9-4edd-a3ae-80a0a3ee4107,14mar2026,56,1001735,6,ABIA,IKWUANO,IBERE II,UGWU-OBA,2016. ABIA,23319. IKWUANO,56. IBERE II,1001735. UGWU-OBA
26apr2026,26apr2026,collect:kyBr6JX0JK3HxfeV,1001736,26apr2026,"Dr Sunday OKEDIRAN House, Ogbigbi, Jobele",07may2026,"House of Chiefs Opp SUPEB, OgbigbiJobele",7.7674841,3.9264027,310.8853759765625,4.645,c12d699e-db50-42c6-8824-ea7e4fb61dc9,26apr2026,214,1001736,1,OYO,AFIJIO,FIDITI II,OGBIGBI,2046. OYO,23946. AFIJIO,7212. FIDITI II,1001736. OGBIGBI
26apr2026,26apr2026,collect:kyBr6JX0JK3HxfeV,1001737,26apr2026,"Chief Balogun House Aro Sango, Fiditi",09may2026,"Cherubim and Saraphim Ona Iwa Mimo Aaro Sango, Image Rd Fiditi",7.708959,3.9146197,307.7900391,4.824,8bdcf79f-fe97-4a57-8dea-d7f2ef4c2484,26apr2026,213,1001737,2,OYO,AFIJIO,FIDITI II,AROO SANGO,2046. OYO,23946. AFIJIO,7212. FIDITI II,1001737. AROO SANGO
25apr2026,25apr2026,collect:kyBr6JX0JK3HxfeV,1001745,25apr2026,"Opposite Okunade Bakery,Oyeniyi Ilora",05may2026,"Under the tree Infront of DN AJAYI House ,Oyeniyi House, Ilora",7.8018262,3.8983938,328.6083984,4.931,cdd43cda-fc23-47ea-89ce-c843d36826d3,25apr2026,204,1001745,10,OYO,AFIJIO,ILORA II,OYENIYI,2046. OYO,23946. AFIJIO,7213. ILORA II,1001745. OYENIYI
24apr2026,24apr2026,collect:SNmlQBDWrvJ2CpFg,1001747,24apr2026,Oja Oke Community,24apr2026,Oja Oke Community ,7.8038603,3.8971956,338.5462646484375,3.216,977d2c16-ccec-4442-bde3-89b94aba676f,24apr2026,195,1001747,12,OYO,AFIJIO,ILORA II,JAPO/OJA OKE,2046. OYO,23946. AFIJIO,7213. ILORA II,1001747. JAPO/OJA OKE
24apr2026,24apr2026,collect:SNmlQBDWrvJ2CpFg,1001748,24apr2026,Odofin community,24apr2026,ODOFIN ATAKE COMMUNITY ,7.8091279,3.8979256,338.5462646484375,4.288,cfd57fb5-971b-4813-97e7-b3ec4e18c24a,24apr2026,196,1001748,13,OYO,AFIJIO,ILORA II,ODOFIN/IDI OMON,2046. OYO,23946. AFIJIO,7213. ILORA II,1001748. ODOFIN/IDI OMON
23apr2026,24apr2026,collect:kyBr6JX0JK3HxfeV,1001766,24apr2026,"ALHAJI MUSTAPHA HOUSE AKEGILOWO, ILORA",01may2026,"Under the fruit tree opp Alh MUSTAPHA house,AKEGILOWO Ilora",7.8086219,3.8910504,320.328125,4.073,49e7993f-be70-4196-b891-9fbcc98a9a23,24apr2026,203,1001766,31,OYO,AFIJIO,ILORA I,AKEGILOWO,2046. OYO,23946. AFIJIO,7214. ILORA I,1001766. AKEGILOWO
24apr2026,24apr2026,collect:kyBr6JX0JK3HxfeV,1001767,24apr2026,"BABA GUAN HOUSE,ALATISE ILORA",03may2026,"UNDER THE ALASI HOUSE, ALATISE ILORA",7.8110443,3.8915679,311.4715576171875,4.073,42f06438-b56d-431f-ae05-6d32e876d7cb,24apr2026,201,1001767,32,OYO,AFIJIO,ILORA I,ALATISE,2046. OYO,23946. AFIJIO,7214. ILORA I,1001767. ALATISE
24apr2026,24apr2026,collect:kyBr6JX0JK3HxfeV,1001768,24apr2026,"PA OLAYEMI HOUSE,OPELOYERU ILORA",02may2026,"OPELOYERU EVENT HALL, OPELOYERU ILORA",7.8075922,3.8802995,329.6573486328125,4.931,62214f02-2626-4922-8f4a-20771f5bf69a,24apr2026,202,1001768,33,OYO,AFIJIO,ILORA I,OPELOYERU,2046. OYO,23946. AFIJIO,7214. ILORA I,1001768. OPELOYERU
25apr2026,25apr2026,collect:kyBr6JX0JK3HxfeV,1001769,25apr2026,"DN Oguntola House,Oloke Ilora",04may2026,"Dn Oguntola House Oloke,Ilora",7.8084028,3.8970559,335.3373413085938,4.716,3e0d4997-bb57-4c61-a1d8-ff5b092b6cf6,25apr2026,205,1001769,34,OYO,AFIJIO,ILORA I,OLOKE ILORA,2046. OYO,23946. AFIJIO,7214. ILORA I,1001769. OLOKE ILORA
26apr2026,26apr2026,collect:kyBr6JX0JK3HxfeV,1001798,26apr2026,"Chief Babarinde Olarogba House, Baaki, Akinmoorin",08may2026,"Under the in Baaki Compound. Baaki, Jobele",7.7887073,3.9441576,322.7418212890625,4.716,df40c2aa-2203-4358-91e3-d8dceef53534,26apr2026,215,1001798,63,OYO,AFIJIO,AKINMORIN/JOBELE,BAAKI,2046. OYO,23946. AFIJIO,7217. AKINMORIN/JOBELE,1001798. BAAKI
24mar2026,24mar2026,collect:NHfBoNE1ycepioxW,1002011,24mar2026,ILE IYALAJE ABA SANUSI ISALE OLA SEPETERI,20apr2026,Iyalaje compound Aba SANUSI sepeteri,8.6278694,3.6428494,367.0239868164062,3.9,8cf0588b-fa82-414a-81e8-0f4f5762949a,24mar2026,183,1002011,276,OYO,SAKI EAST,SEPETERI IV,ABA SANUSI,2046. OYO,23976. SAKI EAST,7246. SEPETERI IV,1002011. ABA SANUSI
24mar2026,24mar2026,collect:NHfBoNE1ycepioxW,1002053,24mar2026,"Eleyele compound isale agbede,aba agbede",16mar2026,Eleyele compound isale agbede aba agbede sepeteri,8.629511300000001,3.6439092,366.0482177734375,4.269,33c474f7-f148-400f-9bb3-20ebaafa8574,24mar2026,181,1002053,318,OYO,SAKI EAST,SEPETERI III,ABA BABA AGBEDE,2046. OYO,23976. SAKI EAST,7247. SEPETERI III,1002053. ABA BABA AGBEDE
24mar2026,24mar2026,collect:NHfBoNE1ycepioxW,1002067,24mar2026,ILA ARAOKANMI GAA YERIMO,17apr2026,ARAOKANMI COMPOUND GAA YERIMO,8.624412400000001,3.6415815,373.5437622070312,4.63,76d85ff2-8e78-419b-81f8-5bf4167410aa,24mar2026,174,1002067,332,OYO,SAKI EAST,SEPETERI II,GAA YERIMO  DODO,2046. OYO,23976. SAKI EAST,7248. SEPETERI II,1002067. GAA YERIMO  DODO
17mar2026,18mar2026,collect:7a2Mk56obMNzr50S,1002269,13mar2026,Community Square,02apr2026,Community Square,7.9126335,4.1553692,355.5538330078125,3.752,e577f245-aa3e-49a5-a3d9-41b49f663453,18mar2026,141,1002269,534,OYO,OGO-OLUWA,LAGBEDU,LAGBEDU ISALE,2046. OYO,23968. OGO-OLUWA,7311. LAGBEDU,1002269. LAGBEDU ISALE
17mar2026,18mar2026,collect:7a2Mk56obMNzr50S,1002270,13mar2026,Community Square,30mar2026,Community Square,7.9110918,4.1544332,380.2602539,4.288,b3de7eff-a915-489f-85e0-fd3d556a6e59,18mar2026,140,1002270,535,OYO,OGO-OLUWA,LAGBEDU,LAGBEDU OKE,2046. OYO,23968. OGO-OLUWA,7311. LAGBEDU,1002270. LAGBEDU OKE
17mar2026,17mar2026,collect:7a2Mk56obMNzr50S,1002271,13mar2026,Community Square,30mar2026,Community Square,7.9119331,4.1535027,373.6242676,3.216,0926dfde-b681-4be8-b374-ad1af44460bf,18mar2026,139,1002271,536,OYO,OGO-OLUWA,LAGBEDU,LAGBEDU AARIN,2046. OYO,23968. OGO-OLUWA,7311. LAGBEDU,1002271. LAGBEDU AARIN
17mar2026,17mar2026,collect:YsAYkdUu6EWZgIhf,1002419,17mar2026,Ogunranti Community,,,,,,,,,,,,,,,,,,,
,17mar2026,Ogunranti Community,7.5416786,4.0053024,257.5442504882812,4.288,cf17abfb-f409-4d8f-aa13-14d8039aab22,17mar2026,132,1002419,684,OYO,LAGELU,OGUNREMI/OGUNSINA,OGUNRANTI,2046. OYO,23965. LAGELU,7327. OGUNREMI/OGUNSINA,1002419. OGUNRANTI,,,,,
25apr2026,25apr2026,collect:NFlxQrjqe64CGckd,1002618,25apr2026,AJIJOBAALE HOUSE UNDER ISIN TREE,04may2026,AJIJOBAALE HOUSE UNDER ISIN TREE,8.2043348,3.405669,313.9207763671875,3.93,fadae4d6-cbce-4244-9abc-327c83bc4c87,25apr2026,207,1002618,883,OYO,ITESIWAJU,OTU II,OLOORO/AJIJOBALEE,2046. OYO,23962. ITESIWAJU,7385. OTU II,1002618. OLOORO/AJIJOBALEE
25apr2026,25apr2026,collect:NFlxQrjqe64CGckd,1002619,25apr2026,IBISE OMODEWU HOUSE OPEN GROUND,06may2026,IBISE OMODEWU HOUSE UNDER ODAN TREE,8.2065123,3.4022573,308.1400146484375,4.109,0c86f9ac-7d37-4044-a477-2347e8c7700e,25apr2026,209,1002619,884,OYO,ITESIWAJU,OTU II,IBISE/OMODEWU,2046. OYO,23962. ITESIWAJU,7385. OTU II,1002619. IBISE/OMODEWU
23mar2026,23mar2026,collect:oJR4NY79CyKeXL6b,1002675,11mar2026,AROWO ELEGUN COMPOUND,23mar2026,AROWO ELEGUN COMPOUND,7.6794824,3.1835069,206.5688477,4.716,e715aee1-16a8-4d2a-9950-a16599d08d9b,23mar2026,153,1002675,940,OYO,IBARAPA NORTH,IGANGAN IV,AROWO ELEGUN ,2046. OYO,23958. IBARAPA NORTH,7414. IGANGAN IV,1002675. AROWO ELEGUN
